{"calc_effective_T":{"0":70.0},"luminosity":{"0":0.04},"star_feh":{"0":0.1},"nu_0_8":{"0":0.1969374133},"nu_0_9":{"0":0.1769374133},"nu_0_10":{"0":0.1569374133},"nu_0_11":{"0":0.1369374133},"nu_0_12":{"0":0.1169374133},"nu_0_13":{"0":0.0969374133},"nu_0_14":{"0":0.0769374133},"nu_0_15":{"0":0.0569374133},"nu_0_16":{"0":0.0369374133},"nu_0_17":{"0":0.1369374133},"nu_0_18":{"0":0.2369374133},"nu_0_19":{"0":0.3369374133},"nu_0_20":{"0":0.4369374133},"nu_0_21":{"0":0.5369374133},"nu_0_22":{"0":0.6369374133},"nu_0_23":{"0":0.7369374133},"nu_0_24":{"0":0.8369374133},"nu_0_25":{"0":0.9369374133}}