{"calc_effective_T":{"0":70.0},"luminosity":{"0":0.04},"star_feh":{"0":0.1},"nu_0_19":{"0":0.3212513412},"nu_0_20":{"0":0.3012513412},"nu_0_21":{"0":0.2812513412},"nu_0_22":{"0":0.2612513412},"nu_0_23":{"0":0.2412513412},"nu_0_24":{"0":0.3412513412},"nu_0_25":{"0":0.4412513412},"nu_0_26":{"0":0.5412513412},"nu_0_27":{"0":0.6412513412}}