{"calc_effective_T":{"0":70.0},"luminosity":{"0":0.04},"star_feh":{"0":0.1},"nu_0_13":{"0":0.6201427486},"nu_0_14":{"0":0.5701427486},"nu_0_15":{"0":0.5201427486},"nu_0_16":{"0":0.4701427486},"nu_0_17":{"0":0.4201427486},"nu_0_18":{"0":0.5201427486},"nu_0_19":{"0":0.6201427486},"nu_0_20":{"0":0.7201427486},"nu_0_21":{"0":0.8201427486}}