{"calc_effective_T":{"0":70.0},"luminosity":{"0":0.04},"star_feh":{"0":0.1},"nu_0_14":{"0":2.285239412},"nu_0_15":{"0":1.785239412},"nu_0_16":{"0":1.285239412},"nu_0_17":{"0":0.785239412},"nu_0_18":{"0":0.285239412},"nu_0_19":{"0":0.785239412},"nu_0_20":{"0":1.285239412},"nu_0_21":{"0":1.785239412},"nu_0_22":{"0":2.285239412},"nu_0_23":{"0":2.785239412}}