{"calc_effective_T":{"0":70.0},"luminosity":{"0":0.04},"star_feh":{"0":0.1},"nu_0_11":{"0":0.3223698538},"nu_0_12":{"0":0.3023698538},"nu_0_13":{"0":0.2823698538},"nu_0_14":{"0":0.2623698538},"nu_0_15":{"0":0.2423698538},"nu_0_16":{"0":0.2223698538},"nu_0_17":{"0":0.2023698538},"nu_0_18":{"0":0.1823698538},"nu_0_19":{"0":0.2823698538},"nu_0_20":{"0":0.3823698538},"nu_0_21":{"0":0.4823698538},"nu_0_22":{"0":0.5823698538},"nu_0_23":{"0":0.6823698538},"nu_0_24":{"0":0.7823698538},"nu_0_25":{"0":0.8823698538}}