{"calc_effective_T":{"0":70.0},"luminosity":{"0":0.04},"star_feh":{"0":0.1},"nu_0_13":{"0":0.3920028937},"nu_0_14":{"0":0.3720028937},"nu_0_15":{"0":0.3520028937},"nu_0_16":{"0":0.3320028937},"nu_0_17":{"0":0.3120028937},"nu_0_18":{"0":0.2920028937},"nu_0_19":{"0":0.2720028937},"nu_0_20":{"0":0.2520028937},"nu_0_21":{"0":0.2320028937},"nu_0_22":{"0":0.2120028937},"nu_0_23":{"0":0.3120028937},"nu_0_24":{"0":0.4120028937},"nu_0_25":{"0":0.5120028937},"nu_0_26":{"0":0.6120028937},"nu_0_27":{"0":0.7120028937},"nu_0_28":{"0":0.8120028937},"nu_0_29":{"0":0.9120028937},"nu_0_30":{"0":1.0120028937},"nu_0_31":{"0":1.1120028937}}