{"calc_effective_T":{"0":70.0},"luminosity":{"0":0.04},"star_feh":{"0":0.1},"nu_0_14":{"0":1.45878435},"nu_0_15":{"0":1.35878435},"nu_0_16":{"0":1.25878435},"nu_0_17":{"0":1.15878435},"nu_0_18":{"0":1.05878435},"nu_0_19":{"0":0.95878435},"nu_0_20":{"0":0.85878435},"nu_0_21":{"0":0.75878435},"nu_0_22":{"0":0.65878435},"nu_0_23":{"0":0.75878435},"nu_0_24":{"0":0.85878435},"nu_0_25":{"0":0.95878435},"nu_0_26":{"0":1.05878435},"nu_0_27":{"0":1.15878435},"nu_0_28":{"0":1.25878435},"nu_0_29":{"0":1.35878435}}