{"calc_effective_T":{"0":70.0},"luminosity":{"0":0.04},"star_feh":{"0":0.1},"nu_0_10":{"0":0.2885278492},"nu_0_11":{"0":0.2685278492},"nu_0_12":{"0":0.2485278492},"nu_0_13":{"0":0.2285278492},"nu_0_14":{"0":0.2085278492},"nu_0_15":{"0":0.1885278492},"nu_0_16":{"0":0.1685278492},"nu_0_17":{"0":0.1485278492},"nu_0_18":{"0":0.2485278492},"nu_0_19":{"0":0.3485278492},"nu_0_20":{"0":0.4485278492},"nu_0_21":{"0":0.5485278492},"nu_0_22":{"0":0.6485278492},"nu_0_23":{"0":0.7485278492},"nu_0_24":{"0":0.8485278492}}