{"calc_effective_T":{"0":70.0},"luminosity":{"0":0.04},"star_feh":{"0":0.1},"nu_0_14":{"0":1.158798593},"nu_0_15":{"0":1.058798593},"nu_0_16":{"0":0.958798593},"nu_0_17":{"0":0.858798593},"nu_0_18":{"0":0.758798593},"nu_0_19":{"0":0.658798593},"nu_0_20":{"0":0.558798593},"nu_0_21":{"0":0.658798593},"nu_0_22":{"0":0.758798593},"nu_0_23":{"0":0.858798593},"nu_0_24":{"0":0.958798593},"nu_0_25":{"0":1.058798593}}