{"calc_effective_T":{"0":70.0},"luminosity":{"0":0.04},"star_feh":{"0":0.1},"nu_0_10":{"0":0.3843662918},"nu_0_11":{"0":0.3643662918},"nu_0_12":{"0":0.3443662918},"nu_0_13":{"0":0.3243662918},"nu_0_14":{"0":0.3043662918},"nu_0_15":{"0":0.2843662918},"nu_0_16":{"0":0.2643662918},"nu_0_17":{"0":0.2443662918},"nu_0_18":{"0":0.2243662918},"nu_0_19":{"0":0.3243662918},"nu_0_20":{"0":0.4243662918},"nu_0_21":{"0":0.5243662918},"nu_0_22":{"0":0.6243662918},"nu_0_23":{"0":0.7243662918},"nu_0_24":{"0":0.8243662918},"nu_0_25":{"0":0.9243662918},"nu_0_26":{"0":1.0243662918},"nu_0_27":{"0":1.1243662918}}