{"calc_effective_T":{"0":70.0},"luminosity":{"0":0.04},"star_feh":{"0":0.1},"nu_0_19":{"0":0.1103305943},"nu_0_20":{"0":0.0903305943},"nu_0_21":{"0":0.0703305943},"nu_0_22":{"0":0.0503305943},"nu_0_23":{"0":0.0303305943},"nu_0_24":{"0":0.1303305943},"nu_0_25":{"0":0.2303305943},"nu_0_26":{"0":0.3303305943},"nu_0_27":{"0":0.4303305943}}