{"calc_effective_T":{"0":70.0},"luminosity":{"0":0.04},"star_feh":{"0":0.1},"nu_0_18":{"0":0.9663127811},"nu_0_19":{"0":0.8663127811},"nu_0_20":{"0":0.7663127811},"nu_0_21":{"0":0.6663127811},"nu_0_22":{"0":0.5663127811},"nu_0_23":{"0":0.4663127811},"nu_0_24":{"0":0.3663127811},"nu_0_25":{"0":0.2663127811},"nu_0_26":{"0":0.3663127811},"nu_0_27":{"0":0.4663127811},"nu_0_28":{"0":0.5663127811},"nu_0_29":{"0":0.6663127811},"nu_0_30":{"0":0.7663127811},"nu_0_31":{"0":0.8663127811}}