{"calc_effective_T":{"0":70.0},"luminosity":{"0":0.04},"star_feh":{"0":0.1},"nu_0_11":{"0":0.3692492321},"nu_0_12":{"0":0.3492492321},"nu_0_13":{"0":0.3292492321},"nu_0_14":{"0":0.3092492321},"nu_0_15":{"0":0.2892492321},"nu_0_16":{"0":0.2692492321},"nu_0_17":{"0":0.2492492321},"nu_0_18":{"0":0.3492492321},"nu_0_19":{"0":0.4492492321},"nu_0_20":{"0":0.5492492321},"nu_0_21":{"0":0.6492492321},"nu_0_22":{"0":0.7492492321},"nu_0_23":{"0":0.8492492321}}