{"calc_effective_T":{"0":70.0},"luminosity":{"0":0.04},"star_feh":{"0":0.1},"nu_0_7":{"0":0.2291125371},"nu_0_8":{"0":0.2091125371},"nu_0_9":{"0":0.1891125371},"nu_0_10":{"0":0.1691125371},"nu_0_11":{"0":0.1491125371},"nu_0_12":{"0":0.1291125371},"nu_0_13":{"0":0.1091125371},"nu_0_14":{"0":0.0891125371},"nu_0_15":{"0":0.0691125371},"nu_0_16":{"0":0.0491125371},"nu_0_17":{"0":0.1491125371},"nu_0_18":{"0":0.2491125371},"nu_0_19":{"0":0.3491125371},"nu_0_20":{"0":0.4491125371},"nu_0_21":{"0":0.5491125371},"nu_0_22":{"0":0.6491125371},"nu_0_23":{"0":0.7491125371},"nu_0_24":{"0":0.8491125371}}