{"calc_effective_T":{"0":70.0},"luminosity":{"0":0.04},"star_feh":{"0":0.1},"nu_0_16":{"0":1.1313747282},"nu_0_17":{"0":1.0313747282},"nu_0_18":{"0":0.9313747282},"nu_0_19":{"0":0.8313747282},"nu_0_20":{"0":0.7313747282},"nu_0_21":{"0":0.6313747282},"nu_0_22":{"0":0.5313747282},"nu_0_23":{"0":0.4313747282},"nu_0_24":{"0":0.3313747282},"nu_0_25":{"0":0.4313747282},"nu_0_26":{"0":0.5313747282},"nu_0_27":{"0":0.6313747282},"nu_0_28":{"0":0.7313747282},"nu_0_29":{"0":0.8313747282},"nu_0_30":{"0":0.9313747282},"nu_0_31":{"0":1.0313747282}}