{"calc_effective_T":{"0":70.0},"luminosity":{"0":0.04},"star_feh":{"0":0.1},"nu_0_14":{"0":1.127791309},"nu_0_15":{"0":1.027791309},"nu_0_16":{"0":0.927791309},"nu_0_17":{"0":0.827791309},"nu_0_18":{"0":0.727791309},"nu_0_19":{"0":0.627791309},"nu_0_20":{"0":0.527791309},"nu_0_21":{"0":0.427791309},"nu_0_22":{"0":0.327791309},"nu_0_23":{"0":0.427791309},"nu_0_24":{"0":0.527791309},"nu_0_25":{"0":0.627791309},"nu_0_26":{"0":0.727791309},"nu_0_27":{"0":0.827791309},"nu_0_28":{"0":0.927791309},"nu_0_29":{"0":1.027791309}}