{"calc_effective_T":{"0":70.0},"luminosity":{"0":0.04},"star_feh":{"0":0.1},"nu_0_18":{"0":1.22470231},"nu_0_19":{"0":1.12470231},"nu_0_20":{"0":1.02470231},"nu_0_21":{"0":0.92470231},"nu_0_22":{"0":0.82470231},"nu_0_23":{"0":0.72470231},"nu_0_24":{"0":0.62470231},"nu_0_25":{"0":0.72470231},"nu_0_26":{"0":0.82470231},"nu_0_27":{"0":0.92470231},"nu_0_28":{"0":1.02470231},"nu_0_29":{"0":1.12470231},"nu_0_30":{"0":1.22470231},"nu_0_31":{"0":1.32470231}}