{"calc_effective_T":{"0":70.0},"luminosity":{"0":0.04},"star_feh":{"0":0.1},"nu_0_15":{"0":0.777616133},"nu_0_16":{"0":0.677616133},"nu_0_17":{"0":0.577616133},"nu_0_18":{"0":0.477616133},"nu_0_19":{"0":0.377616133},"nu_0_20":{"0":0.277616133},"nu_0_21":{"0":0.377616133},"nu_0_22":{"0":0.477616133},"nu_0_23":{"0":0.577616133},"nu_0_24":{"0":0.677616133},"nu_0_25":{"0":0.777616133}}