{"calc_effective_T":{"0":70.0},"luminosity":{"0":0.04},"star_feh":{"0":0.1},"nu_0_18":{"0":1.463601382},"nu_0_19":{"0":1.363601382},"nu_0_20":{"0":1.263601382},"nu_0_21":{"0":1.163601382},"nu_0_22":{"0":1.063601382},"nu_0_23":{"0":0.963601382},"nu_0_24":{"0":1.063601382},"nu_0_25":{"0":1.163601382},"nu_0_26":{"0":1.263601382},"nu_0_27":{"0":1.363601382},"nu_0_28":{"0":1.463601382}}