{"calc_effective_T":{"0":70.0},"luminosity":{"0":0.04},"star_feh":{"0":0.1},"nu_0_18":{"0":1.0995836226},"nu_0_19":{"0":0.9995836226},"nu_0_20":{"0":0.8995836226},"nu_0_21":{"0":0.7995836226},"nu_0_22":{"0":0.6995836226},"nu_0_23":{"0":0.5995836226},"nu_0_24":{"0":0.6995836226},"nu_0_25":{"0":0.7995836226},"nu_0_26":{"0":0.8995836226},"nu_0_27":{"0":0.9995836226},"nu_0_28":{"0":1.0995836226}}