{"calc_effective_T":{"0":70.0},"luminosity":{"0":0.04},"star_feh":{"0":0.1},"nu_0_17":{"0":1.679935409},"nu_0_18":{"0":1.579935409},"nu_0_19":{"0":1.479935409},"nu_0_20":{"0":1.379935409},"nu_0_21":{"0":1.279935409},"nu_0_22":{"0":1.179935409},"nu_0_23":{"0":1.079935409},"nu_0_24":{"0":0.979935409},"nu_0_25":{"0":1.079935409},"nu_0_26":{"0":1.179935409},"nu_0_27":{"0":1.279935409},"nu_0_28":{"0":1.379935409},"nu_0_29":{"0":1.479935409},"nu_0_30":{"0":1.579935409},"nu_0_31":{"0":1.679935409},"nu_0_32":{"0":1.779935409}}