{"calc_effective_T":{"0":70.0},"luminosity":{"0":0.04},"star_feh":{"0":0.1},"nu_0_8":{"0":0.3730124397},"nu_0_9":{"0":0.3530124397},"nu_0_10":{"0":0.3330124397},"nu_0_11":{"0":0.3130124397},"nu_0_12":{"0":0.2930124397},"nu_0_13":{"0":0.2730124397},"nu_0_14":{"0":0.2530124397},"nu_0_15":{"0":0.2330124397},"nu_0_16":{"0":0.2130124397},"nu_0_17":{"0":0.3130124397},"nu_0_18":{"0":0.4130124397},"nu_0_19":{"0":0.5130124397},"nu_0_20":{"0":0.6130124397},"nu_0_21":{"0":0.7130124397},"nu_0_22":{"0":0.8130124397},"nu_0_23":{"0":0.9130124397},"nu_0_24":{"0":1.0130124397},"nu_0_25":{"0":1.1130124397}}