{"calc_effective_T":{"0":70.0},"luminosity":{"0":0.04},"star_feh":{"0":0.1},"nu_0_13":{"0":0.2283286824},"nu_0_14":{"0":0.2083286824},"nu_0_15":{"0":0.1883286824},"nu_0_16":{"0":0.1683286824},"nu_0_17":{"0":0.1483286824},"nu_0_18":{"0":0.1283286824},"nu_0_19":{"0":0.2283286824},"nu_0_20":{"0":0.3283286824},"nu_0_21":{"0":0.4283286824},"nu_0_22":{"0":0.5283286824}}