{"calc_effective_T":{"0":70.0},"luminosity":{"0":0.04},"star_feh":{"0":0.1},"nu_0_12":{"0":0.7402802934},"nu_0_13":{"0":0.6902802934},"nu_0_14":{"0":0.6402802934},"nu_0_15":{"0":0.5902802934},"nu_0_16":{"0":0.5402802934},"nu_0_17":{"0":0.4902802934},"nu_0_18":{"0":0.5902802934},"nu_0_19":{"0":0.6902802934},"nu_0_20":{"0":0.7902802934},"nu_0_21":{"0":0.8902802934},"nu_0_22":{"0":0.9902802934}}