{"calc_effective_T":{"0":70.0},"luminosity":{"0":0.04},"star_feh":{"0":0.1},"nu_0_13":{"0":1.1650920973},"nu_0_14":{"0":1.0650920973},"nu_0_15":{"0":0.9650920973},"nu_0_16":{"0":0.8650920973},"nu_0_17":{"0":0.7650920973},"nu_0_18":{"0":0.6650920973},"nu_0_19":{"0":0.5650920973},"nu_0_20":{"0":0.6650920973},"nu_0_21":{"0":0.7650920973},"nu_0_22":{"0":0.8650920973},"nu_0_23":{"0":0.9650920973},"nu_0_24":{"0":1.0650920973},"nu_0_25":{"0":1.1650920973},"nu_0_26":{"0":1.2650920973}}