{"calc_effective_T":{"0":70.0},"luminosity":{"0":0.04},"star_feh":{"0":0.1},"nu_0_11":{"0":0.3927529575},"nu_0_12":{"0":0.3727529575},"nu_0_13":{"0":0.3527529575},"nu_0_14":{"0":0.3327529575},"nu_0_15":{"0":0.3127529575},"nu_0_16":{"0":0.2927529575},"nu_0_17":{"0":0.2727529575},"nu_0_18":{"0":0.2527529575},"nu_0_19":{"0":0.2327529575},"nu_0_20":{"0":0.2127529575},"nu_0_21":{"0":0.3127529575},"nu_0_22":{"0":0.4127529575},"nu_0_23":{"0":0.5127529575},"nu_0_24":{"0":0.6127529575},"nu_0_25":{"0":0.7127529575},"nu_0_26":{"0":0.8127529575},"nu_0_27":{"0":0.9127529575},"nu_0_28":{"0":1.0127529575},"nu_0_29":{"0":1.1127529575},"nu_0_30":{"0":1.2127529575}}