{"calc_effective_T":{"0":70.0},"luminosity":{"0":0.04},"star_feh":{"0":0.1},"nu_0_10":{"0":0.3463213071},"nu_0_11":{"0":0.3263213071},"nu_0_12":{"0":0.3063213071},"nu_0_13":{"0":0.2863213071},"nu_0_14":{"0":0.2663213071},"nu_0_15":{"0":0.2463213071},"nu_0_16":{"0":0.2263213071},"nu_0_17":{"0":0.3263213071},"nu_0_18":{"0":0.4263213071},"nu_0_19":{"0":0.5263213071},"nu_0_20":{"0":0.6263213071},"nu_0_21":{"0":0.7263213071},"nu_0_22":{"0":0.8263213071}}