{"calc_effective_T":{"0":70.0},"luminosity":{"0":0.04},"star_feh":{"0":0.1},"nu_0_16":{"0":1.3234177424},"nu_0_17":{"0":1.2234177424},"nu_0_18":{"0":1.1234177424},"nu_0_19":{"0":1.0234177424},"nu_0_20":{"0":0.9234177424},"nu_0_21":{"0":0.8234177424},"nu_0_22":{"0":0.7234177424},"nu_0_23":{"0":0.8234177424},"nu_0_24":{"0":0.9234177424},"nu_0_25":{"0":1.0234177424},"nu_0_26":{"0":1.1234177424},"nu_0_27":{"0":1.2234177424}}