{"calc_effective_T":{"0":70.0},"luminosity":{"0":0.04},"star_feh":{"0":0.1},"nu_0_10":{"0":1.200172618},"nu_0_11":{"0":1.100172618},"nu_0_12":{"0":1.000172618},"nu_0_13":{"0":0.900172618},"nu_0_14":{"0":0.800172618},"nu_0_15":{"0":0.700172618},"nu_0_16":{"0":0.800172618},"nu_0_17":{"0":0.900172618},"nu_0_18":{"0":1.000172618},"nu_0_19":{"0":1.100172618},"nu_0_20":{"0":1.200172618}}