{"calc_effective_T":{"0":700.0},"luminosity":{"0":0.4},"star_feh":{"0":1.0},"nu_0_11":{"0":12.8092709518},"nu_0_12":{"0":11.8092709518},"nu_0_13":{"0":10.8092709518},"nu_0_14":{"0":9.8092709518},"nu_0_15":{"0":8.8092709518},"nu_0_16":{"0":7.8092709518},"nu_0_17":{"0":8.8092709518},"nu_0_18":{"0":9.8092709518},"nu_0_19":{"0":10.8092709518},"nu_0_20":{"0":11.8092709518},"nu_0_21":{"0":12.8092709518}}