{"calc_effective_T":{"0":700.0},"luminosity":{"0":0.4},"star_feh":{"0":1.0},"nu_0_10":{"0":9.7653241424},"nu_0_11":{"0":8.7653241424},"nu_0_12":{"0":7.7653241424},"nu_0_13":{"0":6.7653241424},"nu_0_14":{"0":5.7653241424},"nu_0_15":{"0":4.7653241424},"nu_0_16":{"0":5.7653241424},"nu_0_17":{"0":6.7653241424},"nu_0_18":{"0":7.7653241424},"nu_0_19":{"0":8.7653241424},"nu_0_20":{"0":9.7653241424}}