{"calc_effective_T":{"0":70.0},"luminosity":{"0":0.04},"star_feh":{"0":0.1},"nu_0_16":{"0":1.153322644},"nu_0_17":{"0":1.053322644},"nu_0_18":{"0":0.953322644},"nu_0_19":{"0":0.853322644},"nu_0_20":{"0":0.753322644},"nu_0_21":{"0":0.853322644},"nu_0_22":{"0":0.953322644},"nu_0_23":{"0":1.053322644},"nu_0_24":{"0":1.153322644}}