{"calc_effective_T":{"0":70.0},"luminosity":{"0":0.04},"star_feh":{"0":0.1},"nu_0_13":{"0":0.4354078814},"nu_0_14":{"0":0.4154078814},"nu_0_15":{"0":0.3954078814},"nu_0_16":{"0":0.3754078814},"nu_0_17":{"0":0.3554078814},"nu_0_18":{"0":0.3354078814},"nu_0_19":{"0":0.3154078814},"nu_0_20":{"0":0.2954078814},"nu_0_21":{"0":0.2754078814},"nu_0_22":{"0":0.3754078814},"nu_0_23":{"0":0.4754078814},"nu_0_24":{"0":0.5754078814},"nu_0_25":{"0":0.6754078814},"nu_0_26":{"0":0.7754078814},"nu_0_27":{"0":0.8754078814},"nu_0_28":{"0":0.9754078814},"nu_0_29":{"0":1.0754078814}}