{"calc_effective_T":{"0":70.0},"luminosity":{"0":0.04},"star_feh":{"0":0.1},"nu_0_10":{"0":0.5137953386},"nu_0_11":{"0":0.4637953386},"nu_0_12":{"0":0.4137953386},"nu_0_13":{"0":0.3637953386},"nu_0_14":{"0":0.3137953386},"nu_0_15":{"0":0.2637953386},"nu_0_16":{"0":0.2137953386},"nu_0_17":{"0":0.1637953386},"nu_0_18":{"0":0.2637953386},"nu_0_19":{"0":0.3637953386},"nu_0_20":{"0":0.4637953386},"nu_0_21":{"0":0.5637953386},"nu_0_22":{"0":0.6637953386},"nu_0_23":{"0":0.7637953386},"nu_0_24":{"0":0.8637953386}}