{"calc_effective_T":{"0":70.0},"luminosity":{"0":0.04},"star_feh":{"0":0.1},"nu_0_12":{"0":0.280356944},"nu_0_13":{"0":0.260356944},"nu_0_14":{"0":0.240356944},"nu_0_15":{"0":0.220356944},"nu_0_16":{"0":0.200356944},"nu_0_17":{"0":0.180356944},"nu_0_18":{"0":0.160356944},"nu_0_19":{"0":0.260356944},"nu_0_20":{"0":0.360356944},"nu_0_21":{"0":0.460356944},"nu_0_22":{"0":0.560356944},"nu_0_23":{"0":0.660356944},"nu_0_24":{"0":0.760356944}}