{"calc_effective_T":{"0":70.0},"luminosity":{"0":0.04},"star_feh":{"0":0.1},"nu_0_16":{"0":0.3975632304},"nu_0_17":{"0":0.3775632304},"nu_0_18":{"0":0.3575632304},"nu_0_19":{"0":0.3375632304},"nu_0_20":{"0":0.3175632304},"nu_0_21":{"0":0.2975632304},"nu_0_22":{"0":0.2775632304},"nu_0_23":{"0":0.3775632304},"nu_0_24":{"0":0.4775632304},"nu_0_25":{"0":0.5775632304},"nu_0_26":{"0":0.6775632304},"nu_0_27":{"0":0.7775632304},"nu_0_28":{"0":0.8775632304}}