{"calc_effective_T":{"0":70.0},"luminosity":{"0":0.04},"star_feh":{"0":0.1},"nu_0_19":{"0":0.3574699777},"nu_0_20":{"0":0.3374699777},"nu_0_21":{"0":0.3174699777},"nu_0_22":{"0":0.2974699777},"nu_0_23":{"0":0.2774699777},"nu_0_24":{"0":0.3774699777},"nu_0_25":{"0":0.4774699777},"nu_0_26":{"0":0.5774699777},"nu_0_27":{"0":0.6774699777},"nu_0_28":{"0":0.7774699777}}