{"calc_effective_T":{"0":70.0},"luminosity":{"0":0.04},"star_feh":{"0":0.1},"nu_0_9":{"0":0.2246110169},"nu_0_10":{"0":0.2046110169},"nu_0_11":{"0":0.1846110169},"nu_0_12":{"0":0.1646110169},"nu_0_13":{"0":0.1446110169},"nu_0_14":{"0":0.1246110169},"nu_0_15":{"0":0.1046110169},"nu_0_16":{"0":0.0846110169},"nu_0_17":{"0":0.1846110169},"nu_0_18":{"0":0.2846110169},"nu_0_19":{"0":0.3846110169},"nu_0_20":{"0":0.4846110169},"nu_0_21":{"0":0.5846110169},"nu_0_22":{"0":0.6846110169}}