{"calc_effective_T":{"0":70.0},"luminosity":{"0":0.04},"star_feh":{"0":0.1},"nu_0_14":{"0":0.9069102106},"nu_0_15":{"0":0.8069102106},"nu_0_16":{"0":0.7069102106},"nu_0_17":{"0":0.6069102106},"nu_0_18":{"0":0.5069102106},"nu_0_19":{"0":0.4069102106},"nu_0_20":{"0":0.3069102106},"nu_0_21":{"0":0.4069102106},"nu_0_22":{"0":0.5069102106},"nu_0_23":{"0":0.6069102106},"nu_0_24":{"0":0.7069102106},"nu_0_25":{"0":0.8069102106},"nu_0_26":{"0":0.9069102106}}