{"calc_effective_T":{"0":70.0},"luminosity":{"0":0.04},"star_feh":{"0":0.1},"nu_0_6":{"0":0.3737031671},"nu_0_7":{"0":0.3537031671},"nu_0_8":{"0":0.3337031671},"nu_0_9":{"0":0.3137031671},"nu_0_10":{"0":0.2937031671},"nu_0_11":{"0":0.2737031671},"nu_0_12":{"0":0.2537031671},"nu_0_13":{"0":0.2337031671},"nu_0_14":{"0":0.2137031671},"nu_0_15":{"0":0.3137031671},"nu_0_16":{"0":0.4137031671},"nu_0_17":{"0":0.5137031671},"nu_0_18":{"0":0.6137031671},"nu_0_19":{"0":0.7137031671},"nu_0_20":{"0":0.8137031671},"nu_0_21":{"0":0.9137031671},"nu_0_22":{"0":1.0137031671}}