{"calc_effective_T":{"0":70.0},"luminosity":{"0":0.04},"star_feh":{"0":0.1},"nu_0_14":{"0":0.2383261698},"nu_0_15":{"0":0.1883261698},"nu_0_16":{"0":0.1383261698},"nu_0_17":{"0":0.0883261698},"nu_0_18":{"0":0.0383261698},"nu_0_19":{"0":0.1383261698},"nu_0_20":{"0":0.2383261698},"nu_0_21":{"0":0.3383261698},"nu_0_22":{"0":0.4383261698}}