{"calc_effective_T":{"0":70.0},"luminosity":{"0":0.04},"star_feh":{"0":0.1},"nu_0_15":{"0":1.0991218386},"nu_0_16":{"0":0.9991218386},"nu_0_17":{"0":0.8991218386},"nu_0_18":{"0":0.7991218386},"nu_0_19":{"0":0.6991218386},"nu_0_20":{"0":0.5991218386},"nu_0_21":{"0":0.6991218386},"nu_0_22":{"0":0.7991218386},"nu_0_23":{"0":0.8991218386},"nu_0_24":{"0":0.9991218386}}