{"calc_effective_T":{"0":70.0},"luminosity":{"0":0.04},"star_feh":{"0":0.1},"nu_0_11":{"0":2.7096286546},"nu_0_12":{"0":2.2096286546},"nu_0_13":{"0":1.7096286546},"nu_0_14":{"0":1.2096286546},"nu_0_15":{"0":0.7096286546},"nu_0_16":{"0":0.2096286546},"nu_0_17":{"0":0.7096286546},"nu_0_18":{"0":1.2096286546},"nu_0_19":{"0":1.7096286546},"nu_0_20":{"0":2.2096286546},"nu_0_21":{"0":2.7096286546}}