{"calc_effective_T":{"0":70.0},"luminosity":{"0":0.04},"star_feh":{"0":0.1},"nu_0_12":{"0":0.3431131871},"nu_0_13":{"0":0.3231131871},"nu_0_14":{"0":0.3031131871},"nu_0_15":{"0":0.2831131871},"nu_0_16":{"0":0.2631131871},"nu_0_17":{"0":0.2431131871},"nu_0_18":{"0":0.2231131871},"nu_0_19":{"0":0.3231131871},"nu_0_20":{"0":0.4231131871},"nu_0_21":{"0":0.5231131871},"nu_0_22":{"0":0.6231131871},"nu_0_23":{"0":0.7231131871},"nu_0_24":{"0":0.8231131871}}