{"calc_effective_T":{"0":70.0},"luminosity":{"0":0.04},"star_feh":{"0":0.1},"nu_0_14":{"0":0.2291220704},"nu_0_15":{"0":0.2091220704},"nu_0_16":{"0":0.1891220704},"nu_0_17":{"0":0.1691220704},"nu_0_18":{"0":0.1491220704},"nu_0_19":{"0":0.1291220704},"nu_0_20":{"0":0.1091220704},"nu_0_21":{"0":0.0891220704},"nu_0_22":{"0":0.1891220704},"nu_0_23":{"0":0.2891220704},"nu_0_24":{"0":0.3891220704},"nu_0_25":{"0":0.4891220704},"nu_0_26":{"0":0.5891220704},"nu_0_27":{"0":0.6891220704},"nu_0_28":{"0":0.7891220704}}