{"calc_effective_T":{"0":70.0},"luminosity":{"0":0.04},"star_feh":{"0":0.1},"nu_0_15":{"0":0.975006025},"nu_0_16":{"0":0.875006025},"nu_0_17":{"0":0.775006025},"nu_0_18":{"0":0.675006025},"nu_0_19":{"0":0.575006025},"nu_0_20":{"0":0.475006025},"nu_0_21":{"0":0.375006025},"nu_0_22":{"0":0.475006025},"nu_0_23":{"0":0.575006025},"nu_0_24":{"0":0.675006025},"nu_0_25":{"0":0.775006025},"nu_0_26":{"0":0.875006025},"nu_0_27":{"0":0.975006025}}