{"calc_effective_T":{"0":70.0},"luminosity":{"0":0.04},"star_feh":{"0":0.1},"nu_0_12":{"0":0.3045223733},"nu_0_13":{"0":0.2845223733},"nu_0_14":{"0":0.2645223733},"nu_0_15":{"0":0.2445223733},"nu_0_16":{"0":0.2245223733},"nu_0_17":{"0":0.2045223733},"nu_0_18":{"0":0.1845223733},"nu_0_19":{"0":0.1645223733},"nu_0_20":{"0":0.1445223733},"nu_0_21":{"0":0.2445223733},"nu_0_22":{"0":0.3445223733},"nu_0_23":{"0":0.4445223733},"nu_0_24":{"0":0.5445223733},"nu_0_25":{"0":0.6445223733},"nu_0_26":{"0":0.7445223733},"nu_0_27":{"0":0.8445223733},"nu_0_28":{"0":0.9445223733}}