{"calc_effective_T":{"0":70.0},"luminosity":{"0":0.04},"star_feh":{"0":0.1},"nu_0_12":{"0":0.5365010443},"nu_0_13":{"0":0.4865010443},"nu_0_14":{"0":0.4365010443},"nu_0_15":{"0":0.3865010443},"nu_0_16":{"0":0.3365010443},"nu_0_17":{"0":0.2865010443},"nu_0_18":{"0":0.2365010443},"nu_0_19":{"0":0.3365010443},"nu_0_20":{"0":0.4365010443},"nu_0_21":{"0":0.5365010443},"nu_0_22":{"0":0.6365010443},"nu_0_23":{"0":0.7365010443},"nu_0_24":{"0":0.8365010443},"nu_0_25":{"0":0.9365010443}}