{"calc_effective_T":{"0":700.0},"luminosity":{"0":0.4},"star_feh":{"0":1.0},"nu_0_19":{"0":8.4744165609},"nu_0_20":{"0":7.4744165609},"nu_0_21":{"0":6.4744165609},"nu_0_22":{"0":5.4744165609},"nu_0_23":{"0":4.4744165609},"nu_0_24":{"0":3.4744165609},"nu_0_25":{"0":4.4744165609},"nu_0_26":{"0":5.4744165609},"nu_0_27":{"0":6.4744165609},"nu_0_28":{"0":7.4744165609},"nu_0_29":{"0":8.4744165609}}