{"calc_effective_T":{"0":700.0},"luminosity":{"0":0.4},"star_feh":{"0":1.0},"nu_0_18":{"0":14.6498013014},"nu_0_19":{"0":13.6498013014},"nu_0_20":{"0":12.6498013014},"nu_0_21":{"0":11.6498013014},"nu_0_22":{"0":10.6498013014},"nu_0_23":{"0":9.6498013014},"nu_0_24":{"0":10.6498013014},"nu_0_25":{"0":11.6498013014},"nu_0_26":{"0":12.6498013014},"nu_0_27":{"0":13.6498013014},"nu_0_28":{"0":14.6498013014}}