{"calc_effective_T":{"0":70.0},"luminosity":{"0":0.04},"star_feh":{"0":0.1},"nu_0_12":{"0":0.2551475694},"nu_0_13":{"0":0.2351475694},"nu_0_14":{"0":0.2151475694},"nu_0_15":{"0":0.1951475694},"nu_0_16":{"0":0.1751475694},"nu_0_17":{"0":0.1551475694},"nu_0_18":{"0":0.1351475694},"nu_0_19":{"0":0.2351475694},"nu_0_20":{"0":0.3351475694},"nu_0_21":{"0":0.4351475694},"nu_0_22":{"0":0.5351475694},"nu_0_23":{"0":0.6351475694}}