{"calc_effective_T":{"0":70.0},"luminosity":{"0":0.04},"star_feh":{"0":0.1},"nu_0_18":{"0":0.2882391525},"nu_0_19":{"0":0.2682391525},"nu_0_20":{"0":0.2482391525},"nu_0_21":{"0":0.2282391525},"nu_0_22":{"0":0.2082391525},"nu_0_23":{"0":0.1882391525},"nu_0_24":{"0":0.2882391525},"nu_0_25":{"0":0.3882391525},"nu_0_26":{"0":0.4882391525},"nu_0_27":{"0":0.5882391525},"nu_0_28":{"0":0.6882391525}}