{"calc_effective_T":{"0":70.0},"luminosity":{"0":0.04},"star_feh":{"0":0.1},"nu_0_13":{"0":0.7905444121},"nu_0_14":{"0":0.6905444121},"nu_0_15":{"0":0.5905444121},"nu_0_16":{"0":0.4905444121},"nu_0_17":{"0":0.3905444121},"nu_0_18":{"0":0.2905444121},"nu_0_19":{"0":0.3905444121},"nu_0_20":{"0":0.4905444121},"nu_0_21":{"0":0.5905444121},"nu_0_22":{"0":0.6905444121},"nu_0_23":{"0":0.7905444121},"nu_0_24":{"0":0.8905444121}}