{"calc_effective_T":{"0":70.0},"luminosity":{"0":0.04},"star_feh":{"0":0.1},"nu_0_13":{"0":0.2792526547},"nu_0_14":{"0":0.2592526547},"nu_0_15":{"0":0.2392526547},"nu_0_16":{"0":0.2192526547},"nu_0_17":{"0":0.1992526547},"nu_0_18":{"0":0.1792526547},"nu_0_19":{"0":0.1592526547},"nu_0_20":{"0":0.1392526547},"nu_0_21":{"0":0.1192526547},"nu_0_22":{"0":0.0992526547},"nu_0_23":{"0":0.1992526547},"nu_0_24":{"0":0.2992526547},"nu_0_25":{"0":0.3992526547},"nu_0_26":{"0":0.4992526547},"nu_0_27":{"0":0.5992526547},"nu_0_28":{"0":0.6992526547},"nu_0_29":{"0":0.7992526547},"nu_0_30":{"0":0.8992526547},"nu_0_31":{"0":0.9992526547}}