{"calc_effective_T":{"0":70.0},"luminosity":{"0":0.04},"star_feh":{"0":0.1},"nu_0_10":{"0":0.4018673122},"nu_0_11":{"0":0.3818673122},"nu_0_12":{"0":0.3618673122},"nu_0_13":{"0":0.3418673122},"nu_0_14":{"0":0.3218673122},"nu_0_15":{"0":0.3018673122},"nu_0_16":{"0":0.2818673122},"nu_0_17":{"0":0.2618673122},"nu_0_18":{"0":0.3618673122},"nu_0_19":{"0":0.4618673122},"nu_0_20":{"0":0.5618673122},"nu_0_21":{"0":0.6618673122},"nu_0_22":{"0":0.7618673122},"nu_0_23":{"0":0.8618673122}}