{"calc_effective_T":{"0":70.0},"luminosity":{"0":0.04},"star_feh":{"0":0.1},"nu_0_16":{"0":1.0049292777},"nu_0_17":{"0":0.9049292777},"nu_0_18":{"0":0.8049292777},"nu_0_19":{"0":0.7049292777},"nu_0_20":{"0":0.6049292777},"nu_0_21":{"0":0.7049292777},"nu_0_22":{"0":0.8049292777},"nu_0_23":{"0":0.9049292777},"nu_0_24":{"0":1.0049292777},"nu_0_25":{"0":1.1049292777}}