{"calc_effective_T":{"0":70.0},"luminosity":{"0":0.04},"star_feh":{"0":0.1},"nu_0_12":{"0":0.1916680777},"nu_0_13":{"0":0.1716680777},"nu_0_14":{"0":0.1516680777},"nu_0_15":{"0":0.1316680777},"nu_0_16":{"0":0.1116680777},"nu_0_17":{"0":0.0916680777},"nu_0_18":{"0":0.1916680777},"nu_0_19":{"0":0.2916680777},"nu_0_20":{"0":0.3916680777},"nu_0_21":{"0":0.4916680777},"nu_0_22":{"0":0.5916680777},"nu_0_23":{"0":0.6916680777}}