{"calc_effective_T":{"0":70.0},"luminosity":{"0":0.04},"star_feh":{"0":0.1},"nu_0_12":{"0":1.2975476798},"nu_0_13":{"0":1.1975476798},"nu_0_14":{"0":1.0975476798},"nu_0_15":{"0":0.9975476798},"nu_0_16":{"0":0.8975476798},"nu_0_17":{"0":0.7975476798},"nu_0_18":{"0":0.6975476798},"nu_0_19":{"0":0.5975476798},"nu_0_20":{"0":0.4975476798},"nu_0_21":{"0":0.5975476798},"nu_0_22":{"0":0.6975476798},"nu_0_23":{"0":0.7975476798},"nu_0_24":{"0":0.8975476798},"nu_0_25":{"0":0.9975476798},"nu_0_26":{"0":1.0975476798},"nu_0_27":{"0":1.1975476798}}