{"calc_effective_T":{"0":70.0},"luminosity":{"0":0.04},"star_feh":{"0":0.1},"nu_0_15":{"0":1.16640767},"nu_0_16":{"0":1.06640767},"nu_0_17":{"0":0.96640767},"nu_0_18":{"0":0.86640767},"nu_0_19":{"0":0.76640767},"nu_0_20":{"0":0.66640767},"nu_0_21":{"0":0.56640767},"nu_0_22":{"0":0.66640767},"nu_0_23":{"0":0.76640767},"nu_0_24":{"0":0.86640767},"nu_0_25":{"0":0.96640767},"nu_0_26":{"0":1.06640767}}