{"calc_effective_T":{"0":70.0},"luminosity":{"0":0.04},"star_feh":{"0":0.1},"nu_0_6":{"0":0.2521104847},"nu_0_7":{"0":0.2321104847},"nu_0_8":{"0":0.2121104847},"nu_0_9":{"0":0.1921104847},"nu_0_10":{"0":0.1721104847},"nu_0_11":{"0":0.1521104847},"nu_0_12":{"0":0.1321104847},"nu_0_13":{"0":0.1121104847},"nu_0_14":{"0":0.0921104847},"nu_0_15":{"0":0.0721104847},"nu_0_16":{"0":0.1721104847},"nu_0_17":{"0":0.2721104847},"nu_0_18":{"0":0.3721104847},"nu_0_19":{"0":0.4721104847},"nu_0_20":{"0":0.5721104847},"nu_0_21":{"0":0.6721104847},"nu_0_22":{"0":0.7721104847},"nu_0_23":{"0":0.8721104847},"nu_0_24":{"0":0.9721104847}}