{"calc_effective_T":{"0":70.0},"luminosity":{"0":0.04},"star_feh":{"0":0.1},"nu_0_11":{"0":0.4483197918},"nu_0_12":{"0":0.3983197918},"nu_0_13":{"0":0.3483197918},"nu_0_14":{"0":0.2983197918},"nu_0_15":{"0":0.2483197918},"nu_0_16":{"0":0.1983197918},"nu_0_17":{"0":0.1483197918},"nu_0_18":{"0":0.0983197918},"nu_0_19":{"0":0.1983197918},"nu_0_20":{"0":0.2983197918},"nu_0_21":{"0":0.3983197918},"nu_0_22":{"0":0.4983197918},"nu_0_23":{"0":0.5983197918},"nu_0_24":{"0":0.6983197918},"nu_0_25":{"0":0.7983197918},"nu_0_26":{"0":0.8983197918}}