{"calc_effective_T":{"0":70.0},"luminosity":{"0":0.04},"star_feh":{"0":0.1},"nu_0_15":{"0":1.1326330463},"nu_0_16":{"0":1.0326330463},"nu_0_17":{"0":0.9326330463},"nu_0_18":{"0":0.8326330463},"nu_0_19":{"0":0.7326330463},"nu_0_20":{"0":0.6326330463},"nu_0_21":{"0":0.5326330463},"nu_0_22":{"0":0.4326330463},"nu_0_23":{"0":0.5326330463},"nu_0_24":{"0":0.6326330463},"nu_0_25":{"0":0.7326330463},"nu_0_26":{"0":0.8326330463},"nu_0_27":{"0":0.9326330463},"nu_0_28":{"0":1.0326330463},"nu_0_29":{"0":1.1326330463},"nu_0_30":{"0":1.2326330463}}