{"calc_effective_T":{"0":70.0},"luminosity":{"0":0.04},"star_feh":{"0":0.1},"nu_0_13":{"0":0.2386729106},"nu_0_14":{"0":0.2186729106},"nu_0_15":{"0":0.1986729106},"nu_0_16":{"0":0.1786729106},"nu_0_17":{"0":0.1586729106},"nu_0_18":{"0":0.1386729106},"nu_0_19":{"0":0.2386729106},"nu_0_20":{"0":0.3386729106},"nu_0_21":{"0":0.4386729106},"nu_0_22":{"0":0.5386729106},"nu_0_23":{"0":0.6386729106}}