{"calc_effective_T":{"0":70.0},"luminosity":{"0":0.04},"star_feh":{"0":0.1},"nu_0_14":{"0":0.2175885177},"nu_0_15":{"0":0.1975885177},"nu_0_16":{"0":0.1775885177},"nu_0_17":{"0":0.1575885177},"nu_0_18":{"0":0.1375885177},"nu_0_19":{"0":0.1175885177},"nu_0_20":{"0":0.0975885177},"nu_0_21":{"0":0.1975885177},"nu_0_22":{"0":0.2975885177},"nu_0_23":{"0":0.3975885177},"nu_0_24":{"0":0.4975885177},"nu_0_25":{"0":0.5975885177},"nu_0_26":{"0":0.6975885177},"nu_0_27":{"0":0.7975885177}}