{"calc_effective_T":{"0":70.0},"luminosity":{"0":0.04},"star_feh":{"0":0.1},"nu_0_12":{"0":1.3288092309},"nu_0_13":{"0":1.2288092309},"nu_0_14":{"0":1.1288092309},"nu_0_15":{"0":1.0288092309},"nu_0_16":{"0":0.9288092309},"nu_0_17":{"0":1.0288092309},"nu_0_18":{"0":1.1288092309},"nu_0_19":{"0":1.2288092309},"nu_0_20":{"0":1.3288092309}}