{"calc_effective_T":{"0":70.0},"luminosity":{"0":0.04},"star_feh":{"0":0.1},"nu_0_12":{"0":0.3026878705},"nu_0_13":{"0":0.2826878705},"nu_0_14":{"0":0.2626878705},"nu_0_15":{"0":0.2426878705},"nu_0_16":{"0":0.2226878705},"nu_0_17":{"0":0.2026878705},"nu_0_18":{"0":0.1826878705},"nu_0_19":{"0":0.1626878705},"nu_0_20":{"0":0.2626878705},"nu_0_21":{"0":0.3626878705},"nu_0_22":{"0":0.4626878705},"nu_0_23":{"0":0.5626878705},"nu_0_24":{"0":0.6626878705},"nu_0_25":{"0":0.7626878705},"nu_0_26":{"0":0.8626878705},"nu_0_27":{"0":0.9626878705}}