{"calc_effective_T":{"0":70.0},"luminosity":{"0":0.04},"star_feh":{"0":0.1},"nu_0_15":{"0":1.548348343},"nu_0_16":{"0":1.448348343},"nu_0_17":{"0":1.348348343},"nu_0_18":{"0":1.248348343},"nu_0_19":{"0":1.148348343},"nu_0_20":{"0":1.048348343},"nu_0_21":{"0":0.948348343},"nu_0_22":{"0":1.048348343},"nu_0_23":{"0":1.148348343},"nu_0_24":{"0":1.248348343},"nu_0_25":{"0":1.348348343},"nu_0_26":{"0":1.448348343},"nu_0_27":{"0":1.548348343}}