{"calc_effective_T":{"0":70.0},"luminosity":{"0":0.04},"star_feh":{"0":0.1},"nu_0_12":{"0":1.004861278},"nu_0_13":{"0":0.904861278},"nu_0_14":{"0":0.804861278},"nu_0_15":{"0":0.704861278},"nu_0_16":{"0":0.604861278},"nu_0_17":{"0":0.504861278},"nu_0_18":{"0":0.404861278},"nu_0_19":{"0":0.304861278},"nu_0_20":{"0":0.204861278},"nu_0_21":{"0":0.304861278},"nu_0_22":{"0":0.404861278},"nu_0_23":{"0":0.504861278},"nu_0_24":{"0":0.604861278},"nu_0_25":{"0":0.704861278},"nu_0_26":{"0":0.804861278},"nu_0_27":{"0":0.904861278}}