{"calc_effective_T":{"0":70.0},"luminosity":{"0":0.04},"star_feh":{"0":0.1},"nu_0_16":{"0":1.210337642},"nu_0_17":{"0":1.110337642},"nu_0_18":{"0":1.010337642},"nu_0_19":{"0":0.910337642},"nu_0_20":{"0":0.810337642},"nu_0_21":{"0":0.710337642},"nu_0_22":{"0":0.610337642},"nu_0_23":{"0":0.510337642},"nu_0_24":{"0":0.610337642},"nu_0_25":{"0":0.710337642},"nu_0_26":{"0":0.810337642},"nu_0_27":{"0":0.910337642},"nu_0_28":{"0":1.010337642},"nu_0_29":{"0":1.110337642}}