{"calc_effective_T":{"0":70.0},"luminosity":{"0":0.04},"star_feh":{"0":0.1},"nu_0_12":{"0":0.1815557317},"nu_0_13":{"0":0.1615557317},"nu_0_14":{"0":0.1415557317},"nu_0_15":{"0":0.1215557317},"nu_0_16":{"0":0.1015557317},"nu_0_17":{"0":0.2015557317},"nu_0_18":{"0":0.3015557317},"nu_0_19":{"0":0.4015557317},"nu_0_20":{"0":0.5015557317},"nu_0_21":{"0":0.6015557317}}