{"calc_effective_T":{"0":70.0},"luminosity":{"0":0.04},"star_feh":{"0":0.1},"nu_0_11":{"0":1.2053989536},"nu_0_12":{"0":1.1053989536},"nu_0_13":{"0":1.0053989536},"nu_0_14":{"0":0.9053989536},"nu_0_15":{"0":0.8053989536},"nu_0_16":{"0":0.9053989536},"nu_0_17":{"0":1.0053989536},"nu_0_18":{"0":1.1053989536},"nu_0_19":{"0":1.2053989536}}