{"calc_effective_T":{"0":70.0},"luminosity":{"0":0.04},"star_feh":{"0":0.1},"nu_0_15":{"0":1.4126905465},"nu_0_16":{"0":1.3126905465},"nu_0_17":{"0":1.2126905465},"nu_0_18":{"0":1.1126905465},"nu_0_19":{"0":1.0126905465},"nu_0_20":{"0":0.9126905465},"nu_0_21":{"0":0.8126905465},"nu_0_22":{"0":0.7126905465},"nu_0_23":{"0":0.8126905465},"nu_0_24":{"0":0.9126905465},"nu_0_25":{"0":1.0126905465},"nu_0_26":{"0":1.1126905465},"nu_0_27":{"0":1.2126905465},"nu_0_28":{"0":1.3126905465},"nu_0_29":{"0":1.4126905465}}