{"calc_effective_T":{"0":70.0},"luminosity":{"0":0.04},"star_feh":{"0":0.1},"nu_0_16":{"0":0.35988751},"nu_0_17":{"0":0.33988751},"nu_0_18":{"0":0.31988751},"nu_0_19":{"0":0.29988751},"nu_0_20":{"0":0.27988751},"nu_0_21":{"0":0.25988751},"nu_0_22":{"0":0.23988751},"nu_0_23":{"0":0.33988751},"nu_0_24":{"0":0.43988751},"nu_0_25":{"0":0.53988751},"nu_0_26":{"0":0.63988751},"nu_0_27":{"0":0.73988751}}