{"calc_effective_T":{"0":70.0},"luminosity":{"0":0.04},"star_feh":{"0":0.1},"nu_0_13":{"0":0.3998094232},"nu_0_14":{"0":0.3798094232},"nu_0_15":{"0":0.3598094232},"nu_0_16":{"0":0.3398094232},"nu_0_17":{"0":0.3198094232},"nu_0_18":{"0":0.2998094232},"nu_0_19":{"0":0.2798094232},"nu_0_20":{"0":0.2598094232},"nu_0_21":{"0":0.3598094232},"nu_0_22":{"0":0.4598094232},"nu_0_23":{"0":0.5598094232},"nu_0_24":{"0":0.6598094232},"nu_0_25":{"0":0.7598094232},"nu_0_26":{"0":0.8598094232},"nu_0_27":{"0":0.9598094232}}