{"calc_effective_T":{"0":70.0},"luminosity":{"0":0.04},"star_feh":{"0":0.1},"nu_0_11":{"0":0.1987311711},"nu_0_12":{"0":0.1787311711},"nu_0_13":{"0":0.1587311711},"nu_0_14":{"0":0.1387311711},"nu_0_15":{"0":0.1187311711},"nu_0_16":{"0":0.0987311711},"nu_0_17":{"0":0.1987311711},"nu_0_18":{"0":0.2987311711},"nu_0_19":{"0":0.3987311711},"nu_0_20":{"0":0.4987311711},"nu_0_21":{"0":0.5987311711},"nu_0_22":{"0":0.6987311711}}