{"calc_effective_T":{"0":70.0},"luminosity":{"0":0.04},"star_feh":{"0":0.1},"nu_0_9":{"0":0.9334443728},"nu_0_10":{"0":0.8334443728},"nu_0_11":{"0":0.7334443728},"nu_0_12":{"0":0.6334443728},"nu_0_13":{"0":0.5334443728},"nu_0_14":{"0":0.4334443728},"nu_0_15":{"0":0.3334443728},"nu_0_16":{"0":0.4334443728},"nu_0_17":{"0":0.5334443728},"nu_0_18":{"0":0.6334443728},"nu_0_19":{"0":0.7334443728},"nu_0_20":{"0":0.8334443728}}