{"calc_effective_T":{"0":70.0},"luminosity":{"0":0.04},"star_feh":{"0":0.1},"nu_0_10":{"0":0.886282766},"nu_0_11":{"0":0.786282766},"nu_0_12":{"0":0.686282766},"nu_0_13":{"0":0.586282766},"nu_0_14":{"0":0.486282766},"nu_0_15":{"0":0.386282766},"nu_0_16":{"0":0.486282766},"nu_0_17":{"0":0.586282766},"nu_0_18":{"0":0.686282766},"nu_0_19":{"0":0.786282766},"nu_0_20":{"0":0.886282766}}