{"calc_effective_T":{"0":70.0},"luminosity":{"0":0.04},"star_feh":{"0":0.1},"nu_0_16":{"0":1.352468209},"nu_0_17":{"0":1.252468209},"nu_0_18":{"0":1.152468209},"nu_0_19":{"0":1.052468209},"nu_0_20":{"0":0.952468209},"nu_0_21":{"0":1.052468209},"nu_0_22":{"0":1.152468209},"nu_0_23":{"0":1.252468209},"nu_0_24":{"0":1.352468209},"nu_0_25":{"0":1.452468209}}