{"calc_effective_T":{"0":70.0},"luminosity":{"0":0.04},"star_feh":{"0":0.1},"nu_0_13":{"0":0.1542720607},"nu_0_14":{"0":0.1342720607},"nu_0_15":{"0":0.1142720607},"nu_0_16":{"0":0.0942720607},"nu_0_17":{"0":0.0742720607},"nu_0_18":{"0":0.0542720607},"nu_0_19":{"0":0.0342720607},"nu_0_20":{"0":0.1342720607},"nu_0_21":{"0":0.2342720607},"nu_0_22":{"0":0.3342720607},"nu_0_23":{"0":0.4342720607},"nu_0_24":{"0":0.5342720607},"nu_0_25":{"0":0.6342720607},"nu_0_26":{"0":0.7342720607}}