{"calc_effective_T":{"0":70.0},"luminosity":{"0":0.04},"star_feh":{"0":0.1},"nu_0_17":{"0":1.087610541},"nu_0_18":{"0":0.987610541},"nu_0_19":{"0":0.887610541},"nu_0_20":{"0":0.787610541},"nu_0_21":{"0":0.687610541},"nu_0_22":{"0":0.587610541},"nu_0_23":{"0":0.687610541},"nu_0_24":{"0":0.787610541},"nu_0_25":{"0":0.887610541},"nu_0_26":{"0":0.987610541},"nu_0_27":{"0":1.087610541},"nu_0_28":{"0":1.187610541}}