{"calc_effective_T":{"0":70.0},"luminosity":{"0":0.04},"star_feh":{"0":0.1},"nu_0_19":{"0":0.986040926},"nu_0_20":{"0":0.886040926},"nu_0_21":{"0":0.786040926},"nu_0_22":{"0":0.686040926},"nu_0_23":{"0":0.586040926},"nu_0_24":{"0":0.686040926},"nu_0_25":{"0":0.786040926},"nu_0_26":{"0":0.886040926},"nu_0_27":{"0":0.986040926},"nu_0_28":{"0":1.086040926}}