{"calc_effective_T":{"0":70.0},"luminosity":{"0":0.04},"star_feh":{"0":0.1},"nu_0_13":{"0":0.1481720106},"nu_0_14":{"0":0.1281720106},"nu_0_15":{"0":0.1081720106},"nu_0_16":{"0":0.0881720106},"nu_0_17":{"0":0.0681720106},"nu_0_18":{"0":0.1681720106},"nu_0_19":{"0":0.2681720106},"nu_0_20":{"0":0.3681720106},"nu_0_21":{"0":0.4681720106},"nu_0_22":{"0":0.5681720106}}