{"calc_effective_T":{"0":70.0},"luminosity":{"0":0.04},"star_feh":{"0":0.1},"nu_0_14":{"0":0.6479345257},"nu_0_15":{"0":0.5479345257},"nu_0_16":{"0":0.4479345257},"nu_0_17":{"0":0.3479345257},"nu_0_18":{"0":0.2479345257},"nu_0_19":{"0":0.1479345257},"nu_0_20":{"0":0.2479345257},"nu_0_21":{"0":0.3479345257},"nu_0_22":{"0":0.4479345257},"nu_0_23":{"0":0.5479345257},"nu_0_24":{"0":0.6479345257}}