{"calc_effective_T":{"0":70.0},"luminosity":{"0":0.04},"star_feh":{"0":0.1},"nu_0_11":{"0":0.4751845945},"nu_0_12":{"0":0.4551845945},"nu_0_13":{"0":0.4351845945},"nu_0_14":{"0":0.4151845945},"nu_0_15":{"0":0.3951845945},"nu_0_16":{"0":0.3751845945},"nu_0_17":{"0":0.3551845945},"nu_0_18":{"0":0.3351845945},"nu_0_19":{"0":0.3151845945},"nu_0_20":{"0":0.2951845945},"nu_0_21":{"0":0.2751845945},"nu_0_22":{"0":0.3751845945},"nu_0_23":{"0":0.4751845945},"nu_0_24":{"0":0.5751845945},"nu_0_25":{"0":0.6751845945},"nu_0_26":{"0":0.7751845945},"nu_0_27":{"0":0.8751845945},"nu_0_28":{"0":0.9751845945},"nu_0_29":{"0":1.0751845945},"nu_0_30":{"0":1.1751845945}}