{"calc_effective_T":{"0":70.0},"luminosity":{"0":0.04},"star_feh":{"0":0.1},"nu_0_18":{"0":0.3013316394},"nu_0_19":{"0":0.2813316394},"nu_0_20":{"0":0.2613316394},"nu_0_21":{"0":0.2413316394},"nu_0_22":{"0":0.2213316394},"nu_0_23":{"0":0.2013316394},"nu_0_24":{"0":0.1813316394},"nu_0_25":{"0":0.2813316394},"nu_0_26":{"0":0.3813316394},"nu_0_27":{"0":0.4813316394},"nu_0_28":{"0":0.5813316394},"nu_0_29":{"0":0.6813316394}}