{"calc_effective_T":{"0":70.0},"luminosity":{"0":0.04},"star_feh":{"0":0.1},"nu_0_7":{"0":0.4396672998},"nu_0_8":{"0":0.4196672998},"nu_0_9":{"0":0.3996672998},"nu_0_10":{"0":0.3796672998},"nu_0_11":{"0":0.3596672998},"nu_0_12":{"0":0.3396672998},"nu_0_13":{"0":0.3196672998},"nu_0_14":{"0":0.2996672998},"nu_0_15":{"0":0.2796672998},"nu_0_16":{"0":0.2596672998},"nu_0_17":{"0":0.3596672998},"nu_0_18":{"0":0.4596672998},"nu_0_19":{"0":0.5596672998},"nu_0_20":{"0":0.6596672998},"nu_0_21":{"0":0.7596672998},"nu_0_22":{"0":0.8596672998},"nu_0_23":{"0":0.9596672998},"nu_0_24":{"0":1.0596672998}}