{"calc_effective_T":{"0":70.0},"luminosity":{"0":0.04},"star_feh":{"0":0.1},"nu_0_16":{"0":1.49829529},"nu_0_17":{"0":1.39829529},"nu_0_18":{"0":1.29829529},"nu_0_19":{"0":1.19829529},"nu_0_20":{"0":1.09829529},"nu_0_21":{"0":0.99829529},"nu_0_22":{"0":1.09829529},"nu_0_23":{"0":1.19829529},"nu_0_24":{"0":1.29829529},"nu_0_25":{"0":1.39829529}}