{"initial_mass": [1.08, 0.02], "initial_Zinit": [0.021, 0.002], "initial_Yinit": [0.25, 0.01], "initial_MLT": [1.9, 0.2], "star_age": [7.0, 0.3], "calc_effective_T": [5839, 42], "radius": [1.22, 0.02], "luminosity": [1.56, 0.05], "star_feh": [0.096, 0.026], "nu_0_12": [1390.80819, 0.75733], "nu_0_13": [1495.05303, 0.24309], "nu_0_14": [1598.68962, 0.07498], "nu_0_15": [1700.95243, 0.10148], "nu_0_16": [1802.35128, 0.08378], "nu_0_17": [1904.52077, 0.05845], "nu_0_18": [2007.53798, 0.04187], "nu_0_19": [2110.94955, 0.03737], "nu_0_20": [2214.22506, 0.05468], "nu_0_21": [2317.28211, 0.05534], "nu_0_22": [2420.9372, 0.08204], "nu_0_23": [2524.94962, 0.14781], "nu_0_24": [2628.92966, 0.25724], "nu_0_25": [2733.57075, 0.44461], "nu_0_26": [2840.1478, 1.05838], "nu_0_27": [2944.93722, 0.89642], "dnu": [103.3, 0], "nu_max": [2188.0, 0]}