{"calc_effective_T":{"0":70.0},"luminosity":{"0":0.04},"star_feh":{"0":0.1},"nu_0_17":{"0":1.4288648049},"nu_0_18":{"0":1.3288648049},"nu_0_19":{"0":1.2288648049},"nu_0_20":{"0":1.1288648049},"nu_0_21":{"0":1.0288648049},"nu_0_22":{"0":0.9288648049},"nu_0_23":{"0":0.8288648049},"nu_0_24":{"0":0.9288648049},"nu_0_25":{"0":1.0288648049},"nu_0_26":{"0":1.1288648049},"nu_0_27":{"0":1.2288648049},"nu_0_28":{"0":1.3288648049}}