{"calc_effective_T":{"0":70.0},"luminosity":{"0":0.04},"star_feh":{"0":0.1},"nu_0_9":{"0":0.2212483633},"nu_0_10":{"0":0.2012483633},"nu_0_11":{"0":0.1812483633},"nu_0_12":{"0":0.1612483633},"nu_0_13":{"0":0.1412483633},"nu_0_14":{"0":0.1212483633},"nu_0_15":{"0":0.1012483633},"nu_0_16":{"0":0.0812483633},"nu_0_17":{"0":0.0612483633},"nu_0_18":{"0":0.1612483633},"nu_0_19":{"0":0.2612483633},"nu_0_20":{"0":0.3612483633},"nu_0_21":{"0":0.4612483633},"nu_0_22":{"0":0.5612483633},"nu_0_23":{"0":0.6612483633},"nu_0_24":{"0":0.7612483633},"nu_0_25":{"0":0.8612483633}}