{"calc_effective_T":{"0":70.0},"luminosity":{"0":0.04},"star_feh":{"0":0.1},"nu_0_12":{"0":0.4622601209},"nu_0_13":{"0":0.4422601209},"nu_0_14":{"0":0.4222601209},"nu_0_15":{"0":0.4022601209},"nu_0_16":{"0":0.3822601209},"nu_0_17":{"0":0.3622601209},"nu_0_18":{"0":0.3422601209},"nu_0_19":{"0":0.3222601209},"nu_0_20":{"0":0.3022601209},"nu_0_21":{"0":0.2822601209},"nu_0_22":{"0":0.3822601209},"nu_0_23":{"0":0.4822601209},"nu_0_24":{"0":0.5822601209},"nu_0_25":{"0":0.6822601209},"nu_0_26":{"0":0.7822601209},"nu_0_27":{"0":0.8822601209},"nu_0_28":{"0":0.9822601209},"nu_0_29":{"0":1.0822601209},"nu_0_30":{"0":1.1822601209}}