{"calc_effective_T":{"0":70.0},"luminosity":{"0":0.04},"star_feh":{"0":0.1},"nu_0_12":{"0":0.3412251248},"nu_0_13":{"0":0.3212251248},"nu_0_14":{"0":0.3012251248},"nu_0_15":{"0":0.2812251248},"nu_0_16":{"0":0.2612251248},"nu_0_17":{"0":0.2412251248},"nu_0_18":{"0":0.2212251248},"nu_0_19":{"0":0.2012251248},"nu_0_20":{"0":0.1812251248},"nu_0_21":{"0":0.1612251248},"nu_0_22":{"0":0.2612251248},"nu_0_23":{"0":0.3612251248},"nu_0_24":{"0":0.4612251248},"nu_0_25":{"0":0.5612251248},"nu_0_26":{"0":0.6612251248},"nu_0_27":{"0":0.7612251248},"nu_0_28":{"0":0.8612251248},"nu_0_29":{"0":0.9612251248},"nu_0_30":{"0":1.0612251248}}