{"calc_effective_T":{"0":70.0},"luminosity":{"0":0.04},"star_feh":{"0":0.1},"nu_0_8":{"0":0.4070120571},"nu_0_9":{"0":0.3870120571},"nu_0_10":{"0":0.3670120571},"nu_0_11":{"0":0.3470120571},"nu_0_12":{"0":0.3270120571},"nu_0_13":{"0":0.3070120571},"nu_0_14":{"0":0.2870120571},"nu_0_15":{"0":0.2670120571},"nu_0_16":{"0":0.2470120571},"nu_0_17":{"0":0.3470120571},"nu_0_18":{"0":0.4470120571},"nu_0_19":{"0":0.5470120571},"nu_0_20":{"0":0.6470120571},"nu_0_21":{"0":0.7470120571},"nu_0_22":{"0":0.8470120571},"nu_0_23":{"0":0.9470120571},"nu_0_24":{"0":1.0470120571}}