{"calc_effective_T":{"0":70.0},"luminosity":{"0":0.04},"star_feh":{"0":0.1},"nu_0_8":{"0":1.5257214251},"nu_0_9":{"0":1.4257214251},"nu_0_10":{"0":1.3257214251},"nu_0_11":{"0":1.2257214251},"nu_0_12":{"0":1.1257214251},"nu_0_13":{"0":1.0257214251},"nu_0_14":{"0":0.9257214251},"nu_0_15":{"0":1.0257214251},"nu_0_16":{"0":1.1257214251},"nu_0_17":{"0":1.2257214251},"nu_0_18":{"0":1.3257214251},"nu_0_19":{"0":1.4257214251}}