{"calc_effective_T":{"0":70.0},"luminosity":{"0":0.04},"star_feh":{"0":0.1},"nu_0_20":{"0":1.3897967666},"nu_0_21":{"0":1.2897967666},"nu_0_22":{"0":1.1897967666},"nu_0_23":{"0":1.0897967666},"nu_0_24":{"0":0.9897967666},"nu_0_25":{"0":0.8897967666},"nu_0_26":{"0":0.7897967666},"nu_0_27":{"0":0.8897967666},"nu_0_28":{"0":0.9897967666},"nu_0_29":{"0":1.0897967666},"nu_0_30":{"0":1.1897967666},"nu_0_31":{"0":1.2897967666}}