{"calc_effective_T":{"0":70.0},"luminosity":{"0":0.04},"star_feh":{"0":0.1},"nu_0_14":{"0":1.2272519176},"nu_0_15":{"0":1.1272519176},"nu_0_16":{"0":1.0272519176},"nu_0_17":{"0":0.9272519176},"nu_0_18":{"0":0.8272519176},"nu_0_19":{"0":0.7272519176},"nu_0_20":{"0":0.8272519176},"nu_0_21":{"0":0.9272519176},"nu_0_22":{"0":1.0272519176},"nu_0_23":{"0":1.1272519176},"nu_0_24":{"0":1.2272519176}}