{"calc_effective_T":{"0":70.0},"luminosity":{"0":0.04},"star_feh":{"0":0.1},"nu_0_17":{"0":1.5173515882},"nu_0_18":{"0":1.4173515882},"nu_0_19":{"0":1.3173515882},"nu_0_20":{"0":1.2173515882},"nu_0_21":{"0":1.1173515882},"nu_0_22":{"0":1.0173515882},"nu_0_23":{"0":0.9173515882},"nu_0_24":{"0":1.0173515882},"nu_0_25":{"0":1.1173515882},"nu_0_26":{"0":1.2173515882},"nu_0_27":{"0":1.3173515882},"nu_0_28":{"0":1.4173515882}}