{"calc_effective_T":{"0":70.0},"luminosity":{"0":0.04},"star_feh":{"0":0.1},"nu_0_9":{"0":1.2036367707},"nu_0_10":{"0":1.1036367707},"nu_0_11":{"0":1.0036367707},"nu_0_12":{"0":0.9036367707},"nu_0_13":{"0":0.8036367707},"nu_0_14":{"0":0.7036367707},"nu_0_15":{"0":0.6036367707},"nu_0_16":{"0":0.7036367707},"nu_0_17":{"0":0.8036367707},"nu_0_18":{"0":0.9036367707},"nu_0_19":{"0":1.0036367707},"nu_0_20":{"0":1.1036367707},"nu_0_21":{"0":1.2036367707}}