{"calc_effective_T":{"0":70.0},"luminosity":{"0":0.04},"star_feh":{"0":0.1},"nu_0_15":{"0":1.450635252},"nu_0_16":{"0":1.350635252},"nu_0_17":{"0":1.250635252},"nu_0_18":{"0":1.150635252},"nu_0_19":{"0":1.050635252},"nu_0_20":{"0":0.950635252},"nu_0_21":{"0":0.850635252},"nu_0_22":{"0":0.950635252},"nu_0_23":{"0":1.050635252},"nu_0_24":{"0":1.150635252},"nu_0_25":{"0":1.250635252},"nu_0_26":{"0":1.350635252},"nu_0_27":{"0":1.450635252}}