{"calc_effective_T":{"0":70.0},"luminosity":{"0":0.04},"star_feh":{"0":0.1},"nu_0_8":{"0":0.274563541},"nu_0_9":{"0":0.254563541},"nu_0_10":{"0":0.234563541},"nu_0_11":{"0":0.214563541},"nu_0_12":{"0":0.194563541},"nu_0_13":{"0":0.174563541},"nu_0_14":{"0":0.154563541},"nu_0_15":{"0":0.134563541},"nu_0_16":{"0":0.114563541},"nu_0_17":{"0":0.094563541},"nu_0_18":{"0":0.194563541},"nu_0_19":{"0":0.294563541},"nu_0_20":{"0":0.394563541},"nu_0_21":{"0":0.494563541},"nu_0_22":{"0":0.594563541},"nu_0_23":{"0":0.694563541},"nu_0_24":{"0":0.794563541},"nu_0_25":{"0":0.894563541},"nu_0_26":{"0":0.994563541}}