{"calc_effective_T":{"0":70.0},"luminosity":{"0":0.04},"star_feh":{"0":0.1},"nu_0_16":{"0":1.1624367926},"nu_0_17":{"0":1.0624367926},"nu_0_18":{"0":0.9624367926},"nu_0_19":{"0":0.8624367926},"nu_0_20":{"0":0.7624367926},"nu_0_21":{"0":0.6624367926},"nu_0_22":{"0":0.5624367926},"nu_0_23":{"0":0.4624367926},"nu_0_24":{"0":0.5624367926},"nu_0_25":{"0":0.6624367926},"nu_0_26":{"0":0.7624367926},"nu_0_27":{"0":0.8624367926},"nu_0_28":{"0":0.9624367926},"nu_0_29":{"0":1.0624367926},"nu_0_30":{"0":1.1624367926}}