{"calc_effective_T":{"0":70.0},"luminosity":{"0":0.04},"star_feh":{"0":0.1},"nu_0_15":{"0":1.0935366098},"nu_0_16":{"0":0.9935366098},"nu_0_17":{"0":0.8935366098},"nu_0_18":{"0":0.7935366098},"nu_0_19":{"0":0.6935366098},"nu_0_20":{"0":0.7935366098},"nu_0_21":{"0":0.8935366098},"nu_0_22":{"0":0.9935366098},"nu_0_23":{"0":1.0935366098}}