{"calc_effective_T":{"0":70.0},"luminosity":{"0":0.04},"star_feh":{"0":0.1},"nu_0_19":{"0":0.776722158},"nu_0_20":{"0":0.676722158},"nu_0_21":{"0":0.576722158},"nu_0_22":{"0":0.476722158},"nu_0_23":{"0":0.376722158},"nu_0_24":{"0":0.276722158},"nu_0_25":{"0":0.376722158},"nu_0_26":{"0":0.476722158},"nu_0_27":{"0":0.576722158},"nu_0_28":{"0":0.676722158},"nu_0_29":{"0":0.776722158},"nu_0_30":{"0":0.876722158}}