{"calc_effective_T":{"0":70.0},"luminosity":{"0":0.04},"star_feh":{"0":0.1},"nu_0_17":{"0":1.1490796112},"nu_0_18":{"0":1.0490796112},"nu_0_19":{"0":0.9490796112},"nu_0_20":{"0":0.8490796112},"nu_0_21":{"0":0.7490796112},"nu_0_22":{"0":0.8490796112},"nu_0_23":{"0":0.9490796112},"nu_0_24":{"0":1.0490796112},"nu_0_25":{"0":1.1490796112},"nu_0_26":{"0":1.2490796112}}