{"calc_effective_T":{"0":70.0},"luminosity":{"0":0.04},"star_feh":{"0":0.1},"nu_0_17":{"0":1.3076972152},"nu_0_18":{"0":1.2076972152},"nu_0_19":{"0":1.1076972152},"nu_0_20":{"0":1.0076972152},"nu_0_21":{"0":0.9076972152},"nu_0_22":{"0":1.0076972152},"nu_0_23":{"0":1.1076972152},"nu_0_24":{"0":1.2076972152},"nu_0_25":{"0":1.3076972152},"nu_0_26":{"0":1.4076972152}}