{"calc_effective_T":{"0":70.0},"luminosity":{"0":0.04},"star_feh":{"0":0.1},"nu_0_13":{"0":0.8672703148},"nu_0_14":{"0":0.7672703148},"nu_0_15":{"0":0.6672703148},"nu_0_16":{"0":0.5672703148},"nu_0_17":{"0":0.4672703148},"nu_0_18":{"0":0.5672703148},"nu_0_19":{"0":0.6672703148},"nu_0_20":{"0":0.7672703148},"nu_0_21":{"0":0.8672703148}}