{"calc_effective_T":{"0":70.0},"luminosity":{"0":0.04},"star_feh":{"0":0.1},"nu_0_14":{"0":0.639164122},"nu_0_15":{"0":0.539164122},"nu_0_16":{"0":0.439164122},"nu_0_17":{"0":0.339164122},"nu_0_18":{"0":0.239164122},"nu_0_19":{"0":0.139164122},"nu_0_20":{"0":0.239164122},"nu_0_21":{"0":0.339164122},"nu_0_22":{"0":0.439164122},"nu_0_23":{"0":0.539164122},"nu_0_24":{"0":0.639164122}}