{"calc_effective_T":{"0":70.0},"luminosity":{"0":0.04},"star_feh":{"0":0.1},"nu_0_12":{"0":1.3830758604},"nu_0_13":{"0":1.2830758604},"nu_0_14":{"0":1.1830758604},"nu_0_15":{"0":1.0830758604},"nu_0_16":{"0":0.9830758604},"nu_0_17":{"0":0.8830758604},"nu_0_18":{"0":0.7830758604},"nu_0_19":{"0":0.8830758604},"nu_0_20":{"0":0.9830758604},"nu_0_21":{"0":1.0830758604},"nu_0_22":{"0":1.1830758604},"nu_0_23":{"0":1.2830758604},"nu_0_24":{"0":1.3830758604}}