{"calc_effective_T":{"0":70.0},"luminosity":{"0":0.04},"star_feh":{"0":0.1},"nu_0_8":{"0":0.4410598972},"nu_0_9":{"0":0.4210598972},"nu_0_10":{"0":0.4010598972},"nu_0_11":{"0":0.3810598972},"nu_0_12":{"0":0.3610598972},"nu_0_13":{"0":0.3410598972},"nu_0_14":{"0":0.3210598972},"nu_0_15":{"0":0.3010598972},"nu_0_16":{"0":0.2810598972},"nu_0_17":{"0":0.2610598972},"nu_0_18":{"0":0.3610598972},"nu_0_19":{"0":0.4610598972},"nu_0_20":{"0":0.5610598972},"nu_0_21":{"0":0.6610598972},"nu_0_22":{"0":0.7610598972},"nu_0_23":{"0":0.8610598972},"nu_0_24":{"0":0.9610598972},"nu_0_25":{"0":1.0610598972},"nu_0_26":{"0":1.1610598972}}