{"calc_effective_T":{"0":70.0},"luminosity":{"0":0.04},"star_feh":{"0":0.1},"nu_0_17":{"0":1.1045585072},"nu_0_18":{"0":1.0045585072},"nu_0_19":{"0":0.9045585072},"nu_0_20":{"0":0.8045585072},"nu_0_21":{"0":0.7045585072},"nu_0_22":{"0":0.8045585072},"nu_0_23":{"0":0.9045585072},"nu_0_24":{"0":1.0045585072},"nu_0_25":{"0":1.1045585072}}