{"calc_effective_T":{"0":70.0},"luminosity":{"0":0.04},"star_feh":{"0":0.1},"nu_0_11":{"0":0.3148418782},"nu_0_12":{"0":0.2948418782},"nu_0_13":{"0":0.2748418782},"nu_0_14":{"0":0.2548418782},"nu_0_15":{"0":0.2348418782},"nu_0_16":{"0":0.3348418782},"nu_0_17":{"0":0.4348418782},"nu_0_18":{"0":0.5348418782},"nu_0_19":{"0":0.6348418782},"nu_0_20":{"0":0.7348418782}}