{"calc_effective_T":{"0":70.0},"luminosity":{"0":0.04},"star_feh":{"0":0.1},"nu_0_13":{"0":0.3562682218},"nu_0_14":{"0":0.3362682218},"nu_0_15":{"0":0.3162682218},"nu_0_16":{"0":0.2962682218},"nu_0_17":{"0":0.2762682218},"nu_0_18":{"0":0.3762682218},"nu_0_19":{"0":0.4762682218},"nu_0_20":{"0":0.5762682218},"nu_0_21":{"0":0.6762682218},"nu_0_22":{"0":0.7762682218}}