{"calc_effective_T":{"0":70.0},"luminosity":{"0":0.04},"star_feh":{"0":0.1},"nu_0_11":{"0":0.3898436848},"nu_0_12":{"0":0.3698436848},"nu_0_13":{"0":0.3498436848},"nu_0_14":{"0":0.3298436848},"nu_0_15":{"0":0.3098436848},"nu_0_16":{"0":0.2898436848},"nu_0_17":{"0":0.3898436848},"nu_0_18":{"0":0.4898436848},"nu_0_19":{"0":0.5898436848},"nu_0_20":{"0":0.6898436848},"nu_0_21":{"0":0.7898436848},"nu_0_22":{"0":0.8898436848}}