{"calc_effective_T":{"0":70.0},"luminosity":{"0":0.04},"star_feh":{"0":0.1},"nu_0_13":{"0":0.5513330078},"nu_0_14":{"0":0.5013330078},"nu_0_15":{"0":0.4513330078},"nu_0_16":{"0":0.4013330078},"nu_0_17":{"0":0.3513330078},"nu_0_18":{"0":0.3013330078},"nu_0_19":{"0":0.4013330078},"nu_0_20":{"0":0.5013330078},"nu_0_21":{"0":0.6013330078},"nu_0_22":{"0":0.7013330078},"nu_0_23":{"0":0.8013330078},"nu_0_24":{"0":0.9013330078}}