{"calc_effective_T":{"0":70.0},"luminosity":{"0":0.04},"star_feh":{"0":0.1},"nu_0_19":{"0":1.0184399078},"nu_0_20":{"0":0.9184399078},"nu_0_21":{"0":0.8184399078},"nu_0_22":{"0":0.7184399078},"nu_0_23":{"0":0.6184399078},"nu_0_24":{"0":0.5184399078},"nu_0_25":{"0":0.6184399078},"nu_0_26":{"0":0.7184399078},"nu_0_27":{"0":0.8184399078},"nu_0_28":{"0":0.9184399078},"nu_0_29":{"0":1.0184399078}}