{"calc_effective_T":{"0":70.0},"luminosity":{"0":0.04},"star_feh":{"0":0.1},"nu_0_19":{"0":1.2346520942},"nu_0_20":{"0":1.1346520942},"nu_0_21":{"0":1.0346520942},"nu_0_22":{"0":0.9346520942},"nu_0_23":{"0":0.8346520942},"nu_0_24":{"0":0.7346520942},"nu_0_25":{"0":0.8346520942},"nu_0_26":{"0":0.9346520942},"nu_0_27":{"0":1.0346520942},"nu_0_28":{"0":1.1346520942}}