{"calc_effective_T":{"0":70.0},"luminosity":{"0":0.04},"star_feh":{"0":0.1},"nu_0_15":{"0":1.2034790383},"nu_0_16":{"0":1.1034790383},"nu_0_17":{"0":1.0034790383},"nu_0_18":{"0":0.9034790383},"nu_0_19":{"0":0.8034790383},"nu_0_20":{"0":0.7034790383},"nu_0_21":{"0":0.6034790383},"nu_0_22":{"0":0.5034790383},"nu_0_23":{"0":0.4034790383},"nu_0_24":{"0":0.5034790383},"nu_0_25":{"0":0.6034790383},"nu_0_26":{"0":0.7034790383},"nu_0_27":{"0":0.8034790383},"nu_0_28":{"0":0.9034790383},"nu_0_29":{"0":1.0034790383},"nu_0_30":{"0":1.1034790383}}