{"calc_effective_T":{"0":70.0},"luminosity":{"0":0.04},"star_feh":{"0":0.1},"nu_0_14":{"0":0.2981045116},"nu_0_15":{"0":0.2781045116},"nu_0_16":{"0":0.2581045116},"nu_0_17":{"0":0.2381045116},"nu_0_18":{"0":0.2181045116},"nu_0_19":{"0":0.1981045116},"nu_0_20":{"0":0.1781045116},"nu_0_21":{"0":0.1581045116},"nu_0_22":{"0":0.1381045116},"nu_0_23":{"0":0.1181045116},"nu_0_24":{"0":0.2181045116},"nu_0_25":{"0":0.3181045116},"nu_0_26":{"0":0.4181045116},"nu_0_27":{"0":0.5181045116},"nu_0_28":{"0":0.6181045116},"nu_0_29":{"0":0.7181045116},"nu_0_30":{"0":0.8181045116},"nu_0_31":{"0":0.9181045116},"nu_0_32":{"0":1.0181045116}}