{"calc_effective_T":{"0":70.0},"luminosity":{"0":0.04},"star_feh":{"0":0.1},"nu_0_11":{"0":0.4744928164},"nu_0_12":{"0":0.4544928164},"nu_0_13":{"0":0.4344928164},"nu_0_14":{"0":0.4144928164},"nu_0_15":{"0":0.3944928164},"nu_0_16":{"0":0.3744928164},"nu_0_17":{"0":0.3544928164},"nu_0_18":{"0":0.3344928164},"nu_0_19":{"0":0.3144928164},"nu_0_20":{"0":0.2944928164},"nu_0_21":{"0":0.2744928164},"nu_0_22":{"0":0.3744928164},"nu_0_23":{"0":0.4744928164},"nu_0_24":{"0":0.5744928164},"nu_0_25":{"0":0.6744928164},"nu_0_26":{"0":0.7744928164},"nu_0_27":{"0":0.8744928164},"nu_0_28":{"0":0.9744928164},"nu_0_29":{"0":1.0744928164},"nu_0_30":{"0":1.1744928164}}