{"calc_effective_T":{"0":70.0},"luminosity":{"0":0.04},"star_feh":{"0":0.1},"nu_0_7":{"0":0.4410303329},"nu_0_8":{"0":0.4210303329},"nu_0_9":{"0":0.4010303329},"nu_0_10":{"0":0.3810303329},"nu_0_11":{"0":0.3610303329},"nu_0_12":{"0":0.3410303329},"nu_0_13":{"0":0.3210303329},"nu_0_14":{"0":0.3010303329},"nu_0_15":{"0":0.2810303329},"nu_0_16":{"0":0.2610303329},"nu_0_17":{"0":0.3610303329},"nu_0_18":{"0":0.4610303329},"nu_0_19":{"0":0.5610303329},"nu_0_20":{"0":0.6610303329},"nu_0_21":{"0":0.7610303329},"nu_0_22":{"0":0.8610303329},"nu_0_23":{"0":0.9610303329},"nu_0_24":{"0":1.0610303329},"nu_0_25":{"0":1.1610303329}}