{"calc_effective_T":{"0":70.0},"luminosity":{"0":0.04},"star_feh":{"0":0.1},"nu_0_17":{"0":1.191043951},"nu_0_18":{"0":1.091043951},"nu_0_19":{"0":0.991043951},"nu_0_20":{"0":0.891043951},"nu_0_21":{"0":0.791043951},"nu_0_22":{"0":0.691043951},"nu_0_23":{"0":0.591043951},"nu_0_24":{"0":0.691043951},"nu_0_25":{"0":0.791043951},"nu_0_26":{"0":0.891043951},"nu_0_27":{"0":0.991043951},"nu_0_28":{"0":1.091043951},"nu_0_29":{"0":1.191043951}}