{"calc_effective_T":{"0":70.0},"luminosity":{"0":0.04},"star_feh":{"0":0.1},"nu_0_8":{"0":0.3015032193},"nu_0_9":{"0":0.2815032193},"nu_0_10":{"0":0.2615032193},"nu_0_11":{"0":0.2415032193},"nu_0_12":{"0":0.2215032193},"nu_0_13":{"0":0.2015032193},"nu_0_14":{"0":0.1815032193},"nu_0_15":{"0":0.1615032193},"nu_0_16":{"0":0.1415032193},"nu_0_17":{"0":0.1215032193},"nu_0_18":{"0":0.2215032193},"nu_0_19":{"0":0.3215032193},"nu_0_20":{"0":0.4215032193},"nu_0_21":{"0":0.5215032193},"nu_0_22":{"0":0.6215032193},"nu_0_23":{"0":0.7215032193},"nu_0_24":{"0":0.8215032193},"nu_0_25":{"0":0.9215032193},"nu_0_26":{"0":1.0215032193},"nu_0_27":{"0":1.1215032193}}