{"calc_effective_T":{"0":70.0},"luminosity":{"0":0.04},"star_feh":{"0":0.1},"nu_0_11":{"0":1.379891718},"nu_0_12":{"0":1.279891718},"nu_0_13":{"0":1.179891718},"nu_0_14":{"0":1.079891718},"nu_0_15":{"0":0.979891718},"nu_0_16":{"0":0.879891718},"nu_0_17":{"0":0.779891718},"nu_0_18":{"0":0.679891718},"nu_0_19":{"0":0.779891718},"nu_0_20":{"0":0.879891718},"nu_0_21":{"0":0.979891718},"nu_0_22":{"0":1.079891718},"nu_0_23":{"0":1.179891718},"nu_0_24":{"0":1.279891718},"nu_0_25":{"0":1.379891718},"nu_0_26":{"0":1.479891718}}