{"calc_effective_T":{"0":70.0},"luminosity":{"0":0.04},"star_feh":{"0":0.1},"nu_0_13":{"0":0.398222264},"nu_0_14":{"0":0.378222264},"nu_0_15":{"0":0.358222264},"nu_0_16":{"0":0.338222264},"nu_0_17":{"0":0.318222264},"nu_0_18":{"0":0.298222264},"nu_0_19":{"0":0.278222264},"nu_0_20":{"0":0.258222264},"nu_0_21":{"0":0.238222264},"nu_0_22":{"0":0.218222264},"nu_0_23":{"0":0.318222264},"nu_0_24":{"0":0.418222264},"nu_0_25":{"0":0.518222264},"nu_0_26":{"0":0.618222264},"nu_0_27":{"0":0.718222264},"nu_0_28":{"0":0.818222264},"nu_0_29":{"0":0.918222264},"nu_0_30":{"0":1.018222264},"nu_0_31":{"0":1.118222264}}