{"calc_effective_T":{"0":70.0},"luminosity":{"0":0.04},"star_feh":{"0":0.1},"nu_0_15":{"0":0.2330984355},"nu_0_16":{"0":0.2130984355},"nu_0_17":{"0":0.1930984355},"nu_0_18":{"0":0.1730984355},"nu_0_19":{"0":0.1530984355},"nu_0_20":{"0":0.1330984355},"nu_0_21":{"0":0.1130984355},"nu_0_22":{"0":0.2130984355},"nu_0_23":{"0":0.3130984355},"nu_0_24":{"0":0.4130984355},"nu_0_25":{"0":0.5130984355},"nu_0_26":{"0":0.6130984355},"nu_0_27":{"0":0.7130984355}}