{"calc_effective_T":{"0":70.0},"luminosity":{"0":0.04},"star_feh":{"0":0.1},"nu_0_20":{"0":0.8567061767},"nu_0_21":{"0":0.7567061767},"nu_0_22":{"0":0.6567061767},"nu_0_23":{"0":0.5567061767},"nu_0_24":{"0":0.4567061767},"nu_0_25":{"0":0.3567061767},"nu_0_26":{"0":0.4567061767},"nu_0_27":{"0":0.5567061767},"nu_0_28":{"0":0.6567061767},"nu_0_29":{"0":0.7567061767}}