{"calc_effective_T":{"0":70.0},"luminosity":{"0":0.04},"star_feh":{"0":0.1},"nu_0_14":{"0":0.4014105266},"nu_0_15":{"0":0.3814105266},"nu_0_16":{"0":0.3614105266},"nu_0_17":{"0":0.3414105266},"nu_0_18":{"0":0.3214105266},"nu_0_19":{"0":0.3014105266},"nu_0_20":{"0":0.2814105266},"nu_0_21":{"0":0.2614105266},"nu_0_22":{"0":0.3614105266},"nu_0_23":{"0":0.4614105266},"nu_0_24":{"0":0.5614105266},"nu_0_25":{"0":0.6614105266},"nu_0_26":{"0":0.7614105266},"nu_0_27":{"0":0.8614105266},"nu_0_28":{"0":0.9614105266},"nu_0_29":{"0":1.0614105266}}