{"calc_effective_T":{"0":700.0},"luminosity":{"0":0.4},"star_feh":{"0":1.0},"nu_0_16":{"0":8.3659804434},"nu_0_17":{"0":7.3659804434},"nu_0_18":{"0":6.3659804434},"nu_0_19":{"0":5.3659804434},"nu_0_20":{"0":4.3659804434},"nu_0_21":{"0":3.3659804434},"nu_0_22":{"0":4.3659804434},"nu_0_23":{"0":5.3659804434},"nu_0_24":{"0":6.3659804434},"nu_0_25":{"0":7.3659804434},"nu_0_26":{"0":8.3659804434}}