{"calc_effective_T":{"0":70.0},"luminosity":{"0":0.04},"star_feh":{"0":0.1},"nu_0_13":{"0":0.1892124207},"nu_0_14":{"0":0.1692124207},"nu_0_15":{"0":0.1492124207},"nu_0_16":{"0":0.1292124207},"nu_0_17":{"0":0.1092124207},"nu_0_18":{"0":0.0892124207},"nu_0_19":{"0":0.1892124207},"nu_0_20":{"0":0.2892124207},"nu_0_21":{"0":0.3892124207},"nu_0_22":{"0":0.4892124207},"nu_0_23":{"0":0.5892124207},"nu_0_24":{"0":0.6892124207}}