{"calc_effective_T":{"0":70.0},"luminosity":{"0":0.04},"star_feh":{"0":0.1},"nu_0_17":{"0":1.3179910313},"nu_0_18":{"0":1.2179910313},"nu_0_19":{"0":1.1179910313},"nu_0_20":{"0":1.0179910313},"nu_0_21":{"0":0.9179910313},"nu_0_22":{"0":0.8179910313},"nu_0_23":{"0":0.7179910313},"nu_0_24":{"0":0.6179910313},"nu_0_25":{"0":0.7179910313},"nu_0_26":{"0":0.8179910313},"nu_0_27":{"0":0.9179910313},"nu_0_28":{"0":1.0179910313},"nu_0_29":{"0":1.1179910313},"nu_0_30":{"0":1.2179910313}}