{"calc_effective_T":{"0":70.0},"luminosity":{"0":0.04},"star_feh":{"0":0.1},"nu_0_14":{"0":0.183465114},"nu_0_15":{"0":0.163465114},"nu_0_16":{"0":0.143465114},"nu_0_17":{"0":0.123465114},"nu_0_18":{"0":0.103465114},"nu_0_19":{"0":0.203465114},"nu_0_20":{"0":0.303465114},"nu_0_21":{"0":0.403465114},"nu_0_22":{"0":0.503465114},"nu_0_23":{"0":0.603465114}}