{"calc_effective_T":{"0":70.0},"luminosity":{"0":0.04},"star_feh":{"0":0.1},"nu_0_13":{"0":1.2324801936},"nu_0_14":{"0":1.1324801936},"nu_0_15":{"0":1.0324801936},"nu_0_16":{"0":0.9324801936},"nu_0_17":{"0":0.8324801936},"nu_0_18":{"0":0.7324801936},"nu_0_19":{"0":0.6324801936},"nu_0_20":{"0":0.7324801936},"nu_0_21":{"0":0.8324801936},"nu_0_22":{"0":0.9324801936},"nu_0_23":{"0":1.0324801936},"nu_0_24":{"0":1.1324801936}}