{"calc_effective_T":{"0":70.0},"luminosity":{"0":0.04},"star_feh":{"0":0.1},"nu_0_9":{"0":0.4072992485},"nu_0_10":{"0":0.3872992485},"nu_0_11":{"0":0.3672992485},"nu_0_12":{"0":0.3472992485},"nu_0_13":{"0":0.3272992485},"nu_0_14":{"0":0.3072992485},"nu_0_15":{"0":0.2872992485},"nu_0_16":{"0":0.2672992485},"nu_0_17":{"0":0.3672992485},"nu_0_18":{"0":0.4672992485},"nu_0_19":{"0":0.5672992485},"nu_0_20":{"0":0.6672992485},"nu_0_21":{"0":0.7672992485},"nu_0_22":{"0":0.8672992485},"nu_0_23":{"0":0.9672992485},"nu_0_24":{"0":1.0672992485}}