{"calc_effective_T":{"0":70.0},"luminosity":{"0":0.04},"star_feh":{"0":0.1},"nu_0_10":{"0":1.2178801178},"nu_0_11":{"0":1.1178801178},"nu_0_12":{"0":1.0178801178},"nu_0_13":{"0":0.9178801178},"nu_0_14":{"0":0.8178801178},"nu_0_15":{"0":0.7178801178},"nu_0_16":{"0":0.6178801178},"nu_0_17":{"0":0.7178801178},"nu_0_18":{"0":0.8178801178},"nu_0_19":{"0":0.9178801178},"nu_0_20":{"0":1.0178801178},"nu_0_21":{"0":1.1178801178},"nu_0_22":{"0":1.2178801178}}