{"calc_effective_T":{"0":70.0},"luminosity":{"0":0.04},"star_feh":{"0":0.1},"nu_0_13":{"0":1.5648819387},"nu_0_14":{"0":1.4648819387},"nu_0_15":{"0":1.3648819387},"nu_0_16":{"0":1.2648819387},"nu_0_17":{"0":1.1648819387},"nu_0_18":{"0":1.0648819387},"nu_0_19":{"0":0.9648819387},"nu_0_20":{"0":1.0648819387},"nu_0_21":{"0":1.1648819387},"nu_0_22":{"0":1.2648819387},"nu_0_23":{"0":1.3648819387},"nu_0_24":{"0":1.4648819387}}