{"calc_effective_T":{"0":70.0},"luminosity":{"0":0.04},"star_feh":{"0":0.1},"nu_0_10":{"0":1.52374301},"nu_0_11":{"0":1.42374301},"nu_0_12":{"0":1.32374301},"nu_0_13":{"0":1.22374301},"nu_0_14":{"0":1.12374301},"nu_0_15":{"0":1.02374301},"nu_0_16":{"0":0.92374301},"nu_0_17":{"0":1.02374301},"nu_0_18":{"0":1.12374301},"nu_0_19":{"0":1.22374301},"nu_0_20":{"0":1.32374301},"nu_0_21":{"0":1.42374301},"nu_0_22":{"0":1.52374301}}