{"calc_effective_T":{"0":70.0},"luminosity":{"0":0.04},"star_feh":{"0":0.1},"nu_0_17":{"0":0.0000000015},"nu_0_18":{"0":0.0000000014},"nu_0_19":{"0":0.0000000013},"nu_0_20":{"0":0.0000000012},"nu_0_21":{"0":0.0000000011},"nu_0_22":{"0":0.000000001},"nu_0_23":{"0":0.0000000011},"nu_0_24":{"0":0.0000000012},"nu_0_25":{"0":0.0000000013},"nu_0_26":{"0":0.0000000014},"nu_0_27":{"0":0.0000000015}}