{"calc_effective_T":{"0":70.0},"luminosity":{"0":0.04},"star_feh":{"0":0.1},"nu_0_15":{"0":0.3286164175},"nu_0_16":{"0":0.3086164175},"nu_0_17":{"0":0.2886164175},"nu_0_18":{"0":0.2686164175},"nu_0_19":{"0":0.2486164175},"nu_0_20":{"0":0.2286164175},"nu_0_21":{"0":0.2086164175},"nu_0_22":{"0":0.3086164175},"nu_0_23":{"0":0.4086164175},"nu_0_24":{"0":0.5086164175},"nu_0_25":{"0":0.6086164175},"nu_0_26":{"0":0.7086164175},"nu_0_27":{"0":0.8086164175}}