{"calc_effective_T":{"0":70.0},"luminosity":{"0":0.04},"star_feh":{"0":0.1},"nu_0_16":{"0":0.337202579},"nu_0_17":{"0":0.317202579},"nu_0_18":{"0":0.297202579},"nu_0_19":{"0":0.277202579},"nu_0_20":{"0":0.257202579},"nu_0_21":{"0":0.237202579},"nu_0_22":{"0":0.337202579},"nu_0_23":{"0":0.437202579},"nu_0_24":{"0":0.537202579},"nu_0_25":{"0":0.637202579}}