{"calc_effective_T":{"0":70.0},"luminosity":{"0":0.04},"star_feh":{"0":0.1},"nu_0_8":{"0":1.3074965025},"nu_0_9":{"0":1.2074965025},"nu_0_10":{"0":1.1074965025},"nu_0_11":{"0":1.0074965025},"nu_0_12":{"0":0.9074965025},"nu_0_13":{"0":0.8074965025},"nu_0_14":{"0":0.7074965025},"nu_0_15":{"0":0.6074965025},"nu_0_16":{"0":0.7074965025},"nu_0_17":{"0":0.8074965025},"nu_0_18":{"0":0.9074965025},"nu_0_19":{"0":1.0074965025},"nu_0_20":{"0":1.1074965025},"nu_0_21":{"0":1.2074965025},"nu_0_22":{"0":1.3074965025},"nu_0_23":{"0":1.4074965025}}