{"calc_effective_T":{"0":700.0},"luminosity":{"0":0.4},"star_feh":{"0":1.0},"nu_0_19":{"0":12.6495472723},"nu_0_20":{"0":11.6495472723},"nu_0_21":{"0":10.6495472723},"nu_0_22":{"0":9.6495472723},"nu_0_23":{"0":8.6495472723},"nu_0_24":{"0":7.6495472723},"nu_0_25":{"0":8.6495472723},"nu_0_26":{"0":9.6495472723},"nu_0_27":{"0":10.6495472723},"nu_0_28":{"0":11.6495472723},"nu_0_29":{"0":12.6495472723}}