{"calc_effective_T":{"0":70.0},"luminosity":{"0":0.04},"star_feh":{"0":0.1},"nu_0_16":{"0":1.4853660404},"nu_0_17":{"0":1.3853660404},"nu_0_18":{"0":1.2853660404},"nu_0_19":{"0":1.1853660404},"nu_0_20":{"0":1.0853660404},"nu_0_21":{"0":0.9853660404},"nu_0_22":{"0":0.8853660404},"nu_0_23":{"0":0.7853660404},"nu_0_24":{"0":0.8853660404},"nu_0_25":{"0":0.9853660404},"nu_0_26":{"0":1.0853660404},"nu_0_27":{"0":1.1853660404},"nu_0_28":{"0":1.2853660404},"nu_0_29":{"0":1.3853660404}}