{"calc_effective_T":{"0":70.0},"luminosity":{"0":0.04},"star_feh":{"0":0.1},"nu_0_16":{"0":0.1435365054},"nu_0_17":{"0":0.1235365054},"nu_0_18":{"0":0.1035365054},"nu_0_19":{"0":0.0835365054},"nu_0_20":{"0":0.0635365054},"nu_0_21":{"0":0.0435365054},"nu_0_22":{"0":0.1435365054},"nu_0_23":{"0":0.2435365054},"nu_0_24":{"0":0.3435365054},"nu_0_25":{"0":0.4435365054},"nu_0_26":{"0":0.5435365054}}