{"calc_effective_T":{"0":70.0},"luminosity":{"0":0.04},"star_feh":{"0":0.1},"nu_0_13":{"0":0.4287526952},"nu_0_14":{"0":0.4087526952},"nu_0_15":{"0":0.3887526952},"nu_0_16":{"0":0.3687526952},"nu_0_17":{"0":0.3487526952},"nu_0_18":{"0":0.3287526952},"nu_0_19":{"0":0.3087526952},"nu_0_20":{"0":0.2887526952},"nu_0_21":{"0":0.3887526952},"nu_0_22":{"0":0.4887526952},"nu_0_23":{"0":0.5887526952},"nu_0_24":{"0":0.6887526952},"nu_0_25":{"0":0.7887526952},"nu_0_26":{"0":0.8887526952},"nu_0_27":{"0":0.9887526952}}