{"calc_effective_T":{"0":70.0},"luminosity":{"0":0.04},"star_feh":{"0":0.1},"nu_0_14":{"0":1.402602813},"nu_0_15":{"0":1.302602813},"nu_0_16":{"0":1.202602813},"nu_0_17":{"0":1.102602813},"nu_0_18":{"0":1.002602813},"nu_0_19":{"0":0.902602813},"nu_0_20":{"0":1.002602813},"nu_0_21":{"0":1.102602813},"nu_0_22":{"0":1.202602813},"nu_0_23":{"0":1.302602813}}