{"calc_effective_T":{"0":70.0},"luminosity":{"0":0.04},"star_feh":{"0":0.1},"nu_0_13":{"0":1.241550506},"nu_0_14":{"0":1.141550506},"nu_0_15":{"0":1.041550506},"nu_0_16":{"0":0.941550506},"nu_0_17":{"0":0.841550506},"nu_0_18":{"0":0.741550506},"nu_0_19":{"0":0.641550506},"nu_0_20":{"0":0.541550506},"nu_0_21":{"0":0.441550506},"nu_0_22":{"0":0.541550506},"nu_0_23":{"0":0.641550506},"nu_0_24":{"0":0.741550506},"nu_0_25":{"0":0.841550506},"nu_0_26":{"0":0.941550506},"nu_0_27":{"0":1.041550506},"nu_0_28":{"0":1.141550506}}