{"calc_effective_T":{"0":70.0},"luminosity":{"0":0.04},"star_feh":{"0":0.1},"nu_0_16":{"0":1.0028830154},"nu_0_17":{"0":0.9028830154},"nu_0_18":{"0":0.8028830154},"nu_0_19":{"0":0.7028830154},"nu_0_20":{"0":0.6028830154},"nu_0_21":{"0":0.5028830154},"nu_0_22":{"0":0.4028830154},"nu_0_23":{"0":0.3028830154},"nu_0_24":{"0":0.4028830154},"nu_0_25":{"0":0.5028830154},"nu_0_26":{"0":0.6028830154},"nu_0_27":{"0":0.7028830154},"nu_0_28":{"0":0.8028830154},"nu_0_29":{"0":0.9028830154}}