{"calc_effective_T":{"0":70.0},"luminosity":{"0":0.04},"star_feh":{"0":0.1},"nu_0_12":{"0":0.36583608},"nu_0_13":{"0":0.34583608},"nu_0_14":{"0":0.32583608},"nu_0_15":{"0":0.30583608},"nu_0_16":{"0":0.28583608},"nu_0_17":{"0":0.26583608},"nu_0_18":{"0":0.24583608},"nu_0_19":{"0":0.34583608},"nu_0_20":{"0":0.44583608},"nu_0_21":{"0":0.54583608},"nu_0_22":{"0":0.64583608},"nu_0_23":{"0":0.74583608},"nu_0_24":{"0":0.84583608}}