{"calc_effective_T":{"0":70.0},"luminosity":{"0":0.04},"star_feh":{"0":0.1},"nu_0_9":{"0":0.2981896996},"nu_0_10":{"0":0.2781896996},"nu_0_11":{"0":0.2581896996},"nu_0_12":{"0":0.2381896996},"nu_0_13":{"0":0.2181896996},"nu_0_14":{"0":0.1981896996},"nu_0_15":{"0":0.1781896996},"nu_0_16":{"0":0.1581896996},"nu_0_17":{"0":0.1381896996},"nu_0_18":{"0":0.2381896996},"nu_0_19":{"0":0.3381896996},"nu_0_20":{"0":0.4381896996},"nu_0_21":{"0":0.5381896996},"nu_0_22":{"0":0.6381896996},"nu_0_23":{"0":0.7381896996},"nu_0_24":{"0":0.8381896996}}