{"calc_effective_T":{"0":70.0},"luminosity":{"0":0.04},"star_feh":{"0":0.1},"nu_0_10":{"0":4.0545200102},"nu_0_11":{"0":3.5545200102},"nu_0_12":{"0":3.0545200102},"nu_0_13":{"0":2.5545200102},"nu_0_14":{"0":2.0545200102},"nu_0_15":{"0":1.5545200102},"nu_0_16":{"0":1.0545200102},"nu_0_17":{"0":0.5545200102},"nu_0_18":{"0":0.0545200102},"nu_0_19":{"0":0.5545200102},"nu_0_20":{"0":1.0545200102},"nu_0_21":{"0":1.5545200102},"nu_0_22":{"0":2.0545200102},"nu_0_23":{"0":2.5545200102},"nu_0_24":{"0":3.0545200102},"nu_0_25":{"0":3.5545200102}}