{"calc_effective_T":{"0":70.0},"luminosity":{"0":0.04},"star_feh":{"0":0.1},"nu_0_8":{"0":0.2596848461},"nu_0_9":{"0":0.2396848461},"nu_0_10":{"0":0.2196848461},"nu_0_11":{"0":0.1996848461},"nu_0_12":{"0":0.1796848461},"nu_0_13":{"0":0.1596848461},"nu_0_14":{"0":0.1396848461},"nu_0_15":{"0":0.1196848461},"nu_0_16":{"0":0.0996848461},"nu_0_17":{"0":0.0796848461},"nu_0_18":{"0":0.1796848461},"nu_0_19":{"0":0.2796848461},"nu_0_20":{"0":0.3796848461},"nu_0_21":{"0":0.4796848461},"nu_0_22":{"0":0.5796848461},"nu_0_23":{"0":0.6796848461},"nu_0_24":{"0":0.7796848461},"nu_0_25":{"0":0.8796848461},"nu_0_26":{"0":0.9796848461}}