{"calc_effective_T":{"0":70.0},"luminosity":{"0":0.04},"star_feh":{"0":0.1},"nu_0_10":{"0":0.3259192263},"nu_0_11":{"0":0.3059192263},"nu_0_12":{"0":0.2859192263},"nu_0_13":{"0":0.2659192263},"nu_0_14":{"0":0.2459192263},"nu_0_15":{"0":0.2259192263},"nu_0_16":{"0":0.2059192263},"nu_0_17":{"0":0.3059192263},"nu_0_18":{"0":0.4059192263},"nu_0_19":{"0":0.5059192263},"nu_0_20":{"0":0.6059192263},"nu_0_21":{"0":0.7059192263},"nu_0_22":{"0":0.8059192263}}