{"calc_effective_T":{"0":70.0},"luminosity":{"0":0.04},"star_feh":{"0":0.1},"nu_0_10":{"0":0.4015797557},"nu_0_11":{"0":0.3815797557},"nu_0_12":{"0":0.3615797557},"nu_0_13":{"0":0.3415797557},"nu_0_14":{"0":0.3215797557},"nu_0_15":{"0":0.3015797557},"nu_0_16":{"0":0.2815797557},"nu_0_17":{"0":0.3815797557},"nu_0_18":{"0":0.4815797557},"nu_0_19":{"0":0.5815797557},"nu_0_20":{"0":0.6815797557},"nu_0_21":{"0":0.7815797557}}