{"calc_effective_T":{"0":70.0},"luminosity":{"0":0.04},"star_feh":{"0":0.1},"nu_0_11":{"0":3.8841184839},"nu_0_12":{"0":3.3841184839},"nu_0_13":{"0":2.8841184839},"nu_0_14":{"0":2.3841184839},"nu_0_15":{"0":1.8841184839},"nu_0_16":{"0":1.3841184839},"nu_0_17":{"0":0.8841184839},"nu_0_18":{"0":0.3841184839},"nu_0_19":{"0":0.8841184839},"nu_0_20":{"0":1.3841184839},"nu_0_21":{"0":1.8841184839},"nu_0_22":{"0":2.3841184839},"nu_0_23":{"0":2.8841184839},"nu_0_24":{"0":3.3841184839},"nu_0_25":{"0":3.8841184839}}