{"calc_effective_T":{"0":70.0},"luminosity":{"0":0.04},"star_feh":{"0":0.1},"nu_0_12":{"0":0.2827185904},"nu_0_13":{"0":0.2627185904},"nu_0_14":{"0":0.2427185904},"nu_0_15":{"0":0.2227185904},"nu_0_16":{"0":0.2027185904},"nu_0_17":{"0":0.1827185904},"nu_0_18":{"0":0.2827185904},"nu_0_19":{"0":0.3827185904},"nu_0_20":{"0":0.4827185904},"nu_0_21":{"0":0.5827185904},"nu_0_22":{"0":0.6827185904}}