{"calc_effective_T":{"0":70.0},"luminosity":{"0":0.04},"star_feh":{"0":0.1},"nu_0_13":{"0":0.3845259285},"nu_0_14":{"0":0.3645259285},"nu_0_15":{"0":0.3445259285},"nu_0_16":{"0":0.3245259285},"nu_0_17":{"0":0.3045259285},"nu_0_18":{"0":0.2845259285},"nu_0_19":{"0":0.2645259285},"nu_0_20":{"0":0.2445259285},"nu_0_21":{"0":0.2245259285},"nu_0_22":{"0":0.3245259285},"nu_0_23":{"0":0.4245259285},"nu_0_24":{"0":0.5245259285},"nu_0_25":{"0":0.6245259285},"nu_0_26":{"0":0.7245259285},"nu_0_27":{"0":0.8245259285},"nu_0_28":{"0":0.9245259285},"nu_0_29":{"0":1.0245259285},"nu_0_30":{"0":1.1245259285}}