{"calc_effective_T":{"0":70.0},"luminosity":{"0":0.04},"star_feh":{"0":0.1},"nu_0_10":{"0":0.9357934312},"nu_0_11":{"0":0.8357934312},"nu_0_12":{"0":0.7357934312},"nu_0_13":{"0":0.6357934312},"nu_0_14":{"0":0.5357934312},"nu_0_15":{"0":0.4357934312},"nu_0_16":{"0":0.3357934312},"nu_0_17":{"0":0.4357934312},"nu_0_18":{"0":0.5357934312},"nu_0_19":{"0":0.6357934312},"nu_0_20":{"0":0.7357934312},"nu_0_21":{"0":0.8357934312},"nu_0_22":{"0":0.9357934312}}