{"calc_effective_T":{"0":70.0},"luminosity":{"0":0.04},"star_feh":{"0":0.1},"nu_0_18":{"0":1.458819881},"nu_0_19":{"0":1.358819881},"nu_0_20":{"0":1.258819881},"nu_0_21":{"0":1.158819881},"nu_0_22":{"0":1.058819881},"nu_0_23":{"0":0.958819881},"nu_0_24":{"0":1.058819881},"nu_0_25":{"0":1.158819881},"nu_0_26":{"0":1.258819881},"nu_0_27":{"0":1.358819881},"nu_0_28":{"0":1.458819881},"nu_0_29":{"0":1.558819881}}