{"calc_effective_T":{"0":70.0},"luminosity":{"0":0.04},"star_feh":{"0":0.1},"nu_0_16":{"0":1.2879423837},"nu_0_17":{"0":1.1879423837},"nu_0_18":{"0":1.0879423837},"nu_0_19":{"0":0.9879423837},"nu_0_20":{"0":0.8879423837},"nu_0_21":{"0":0.7879423837},"nu_0_22":{"0":0.8879423837},"nu_0_23":{"0":0.9879423837},"nu_0_24":{"0":1.0879423837},"nu_0_25":{"0":1.1879423837},"nu_0_26":{"0":1.2879423837}}