{"calc_effective_T":{"0":70.0},"luminosity":{"0":0.04},"star_feh":{"0":0.1},"nu_0_8":{"0":1.575051965},"nu_0_9":{"0":1.475051965},"nu_0_10":{"0":1.375051965},"nu_0_11":{"0":1.275051965},"nu_0_12":{"0":1.175051965},"nu_0_13":{"0":1.075051965},"nu_0_14":{"0":0.975051965},"nu_0_15":{"0":0.875051965},"nu_0_16":{"0":0.775051965},"nu_0_17":{"0":0.875051965},"nu_0_18":{"0":0.975051965},"nu_0_19":{"0":1.075051965},"nu_0_20":{"0":1.175051965},"nu_0_21":{"0":1.275051965},"nu_0_22":{"0":1.375051965},"nu_0_23":{"0":1.475051965}}