{"calc_effective_T":{"0":70.0},"luminosity":{"0":0.04},"star_feh":{"0":0.1},"nu_0_16":{"0":1.215873757},"nu_0_17":{"0":1.115873757},"nu_0_18":{"0":1.015873757},"nu_0_19":{"0":0.915873757},"nu_0_20":{"0":0.815873757},"nu_0_21":{"0":0.715873757},"nu_0_22":{"0":0.815873757},"nu_0_23":{"0":0.915873757},"nu_0_24":{"0":1.015873757},"nu_0_25":{"0":1.115873757},"nu_0_26":{"0":1.215873757}}