{"calc_effective_T":{"0":70.0},"luminosity":{"0":0.04},"star_feh":{"0":0.1},"nu_0_15":{"0":0.2227665898},"nu_0_16":{"0":0.2027665898},"nu_0_17":{"0":0.1827665898},"nu_0_18":{"0":0.1627665898},"nu_0_19":{"0":0.1427665898},"nu_0_20":{"0":0.1227665898},"nu_0_21":{"0":0.2227665898},"nu_0_22":{"0":0.3227665898},"nu_0_23":{"0":0.4227665898},"nu_0_24":{"0":0.5227665898}}