{"calc_effective_T":{"0":70.0},"luminosity":{"0":0.04},"star_feh":{"0":0.1},"nu_0_15":{"0":0.1221980634},"nu_0_16":{"0":0.1021980634},"nu_0_17":{"0":0.0821980634},"nu_0_18":{"0":0.0621980634},"nu_0_19":{"0":0.0421980634},"nu_0_20":{"0":0.1421980634},"nu_0_21":{"0":0.2421980634},"nu_0_22":{"0":0.3421980634},"nu_0_23":{"0":0.4421980634}}