{"calc_effective_T":{"0":70.0},"luminosity":{"0":0.04},"star_feh":{"0":0.1},"nu_0_11":{"0":0.2555877175},"nu_0_12":{"0":0.2055877175},"nu_0_13":{"0":0.1555877175},"nu_0_14":{"0":0.1055877175},"nu_0_15":{"0":0.0555877175},"nu_0_16":{"0":0.1555877175},"nu_0_17":{"0":0.2555877175},"nu_0_18":{"0":0.3555877175},"nu_0_19":{"0":0.4555877175}}