{"calc_effective_T":{"0":70.0},"luminosity":{"0":0.04},"star_feh":{"0":0.1},"nu_0_16":{"0":1.5089152916},"nu_0_17":{"0":1.4089152916},"nu_0_18":{"0":1.3089152916},"nu_0_19":{"0":1.2089152916},"nu_0_20":{"0":1.1089152916},"nu_0_21":{"0":1.0089152916},"nu_0_22":{"0":0.9089152916},"nu_0_23":{"0":0.8089152916},"nu_0_24":{"0":0.9089152916},"nu_0_25":{"0":1.0089152916},"nu_0_26":{"0":1.1089152916},"nu_0_27":{"0":1.2089152916},"nu_0_28":{"0":1.3089152916},"nu_0_29":{"0":1.4089152916},"nu_0_30":{"0":1.5089152916}}