{"calc_effective_T":{"0":70.0},"luminosity":{"0":0.04},"star_feh":{"0":0.1},"nu_0_7":{"0":0.2941203811},"nu_0_8":{"0":0.2741203811},"nu_0_9":{"0":0.2541203811},"nu_0_10":{"0":0.2341203811},"nu_0_11":{"0":0.2141203811},"nu_0_12":{"0":0.1941203811},"nu_0_13":{"0":0.1741203811},"nu_0_14":{"0":0.1541203811},"nu_0_15":{"0":0.1341203811},"nu_0_16":{"0":0.1141203811},"nu_0_17":{"0":0.0941203811},"nu_0_18":{"0":0.1941203811},"nu_0_19":{"0":0.2941203811},"nu_0_20":{"0":0.3941203811},"nu_0_21":{"0":0.4941203811},"nu_0_22":{"0":0.5941203811},"nu_0_23":{"0":0.6941203811},"nu_0_24":{"0":0.7941203811},"nu_0_25":{"0":0.8941203811},"nu_0_26":{"0":0.9941203811}}