{"calc_effective_T":{"0":70.0},"luminosity":{"0":0.04},"star_feh":{"0":0.1},"nu_0_14":{"0":0.2333836286},"nu_0_15":{"0":0.2133836286},"nu_0_16":{"0":0.1933836286},"nu_0_17":{"0":0.1733836286},"nu_0_18":{"0":0.1533836286},"nu_0_19":{"0":0.1333836286},"nu_0_20":{"0":0.1133836286},"nu_0_21":{"0":0.0933836286},"nu_0_22":{"0":0.1933836286},"nu_0_23":{"0":0.2933836286},"nu_0_24":{"0":0.3933836286},"nu_0_25":{"0":0.4933836286},"nu_0_26":{"0":0.5933836286},"nu_0_27":{"0":0.6933836286},"nu_0_28":{"0":0.7933836286}}