{"calc_effective_T":{"0":70.0},"luminosity":{"0":0.04},"star_feh":{"0":0.1},"nu_0_20":{"0":1.399646697},"nu_0_21":{"0":1.299646697},"nu_0_22":{"0":1.199646697},"nu_0_23":{"0":1.099646697},"nu_0_24":{"0":0.999646697},"nu_0_25":{"0":1.099646697},"nu_0_26":{"0":1.199646697},"nu_0_27":{"0":1.299646697},"nu_0_28":{"0":1.399646697},"nu_0_29":{"0":1.499646697}}