{"calc_effective_T":{"0":70.0},"luminosity":{"0":0.04},"star_feh":{"0":0.1},"nu_0_17":{"0":1.395698709},"nu_0_18":{"0":1.295698709},"nu_0_19":{"0":1.195698709},"nu_0_20":{"0":1.095698709},"nu_0_21":{"0":0.995698709},"nu_0_22":{"0":0.895698709},"nu_0_23":{"0":0.795698709},"nu_0_24":{"0":0.895698709},"nu_0_25":{"0":0.995698709},"nu_0_26":{"0":1.095698709},"nu_0_27":{"0":1.195698709},"nu_0_28":{"0":1.295698709},"nu_0_29":{"0":1.395698709}}