{"calc_effective_T":{"0":70.0},"luminosity":{"0":0.04},"star_feh":{"0":0.1},"nu_0_12":{"0":1.4623569355},"nu_0_13":{"0":1.3623569355},"nu_0_14":{"0":1.2623569355},"nu_0_15":{"0":1.1623569355},"nu_0_16":{"0":1.0623569355},"nu_0_17":{"0":0.9623569355},"nu_0_18":{"0":0.8623569355},"nu_0_19":{"0":0.9623569355},"nu_0_20":{"0":1.0623569355},"nu_0_21":{"0":1.1623569355},"nu_0_22":{"0":1.2623569355},"nu_0_23":{"0":1.3623569355},"nu_0_24":{"0":1.4623569355},"nu_0_25":{"0":1.5623569355}}