{"calc_effective_T":{"0":70.0},"luminosity":{"0":0.04},"star_feh":{"0":0.1},"nu_0_12":{"0":0.36677564},"nu_0_13":{"0":0.34677564},"nu_0_14":{"0":0.32677564},"nu_0_15":{"0":0.30677564},"nu_0_16":{"0":0.28677564},"nu_0_17":{"0":0.26677564},"nu_0_18":{"0":0.36677564},"nu_0_19":{"0":0.46677564},"nu_0_20":{"0":0.56677564},"nu_0_21":{"0":0.66677564},"nu_0_22":{"0":0.76677564}}