{"calc_effective_T":{"0":70.0},"luminosity":{"0":0.04},"star_feh":{"0":0.1},"nu_0_12":{"0":0.2444685613},"nu_0_13":{"0":0.2244685613},"nu_0_14":{"0":0.2044685613},"nu_0_15":{"0":0.1844685613},"nu_0_16":{"0":0.1644685613},"nu_0_17":{"0":0.1444685613},"nu_0_18":{"0":0.1244685613},"nu_0_19":{"0":0.1044685613},"nu_0_20":{"0":0.2044685613},"nu_0_21":{"0":0.3044685613},"nu_0_22":{"0":0.4044685613},"nu_0_23":{"0":0.5044685613},"nu_0_24":{"0":0.6044685613},"nu_0_25":{"0":0.7044685613},"nu_0_26":{"0":0.8044685613}}