{"calc_effective_T":{"0":70.0},"luminosity":{"0":0.04},"star_feh":{"0":0.1},"nu_0_17":{"0":1.4191533116},"nu_0_18":{"0":1.3191533116},"nu_0_19":{"0":1.2191533116},"nu_0_20":{"0":1.1191533116},"nu_0_21":{"0":1.0191533116},"nu_0_22":{"0":0.9191533116},"nu_0_23":{"0":0.8191533116},"nu_0_24":{"0":0.7191533116},"nu_0_25":{"0":0.8191533116},"nu_0_26":{"0":0.9191533116},"nu_0_27":{"0":1.0191533116},"nu_0_28":{"0":1.1191533116},"nu_0_29":{"0":1.2191533116},"nu_0_30":{"0":1.3191533116},"nu_0_31":{"0":1.4191533116},"nu_0_32":{"0":1.5191533116}}