{"calc_effective_T":{"0":70.0},"luminosity":{"0":0.04},"star_feh":{"0":0.1},"nu_0_9":{"0":0.9328224145},"nu_0_10":{"0":0.8328224145},"nu_0_11":{"0":0.7328224145},"nu_0_12":{"0":0.6328224145},"nu_0_13":{"0":0.5328224145},"nu_0_14":{"0":0.4328224145},"nu_0_15":{"0":0.3328224145},"nu_0_16":{"0":0.4328224145},"nu_0_17":{"0":0.5328224145},"nu_0_18":{"0":0.6328224145},"nu_0_19":{"0":0.7328224145},"nu_0_20":{"0":0.8328224145}}