{"calc_effective_T":{"0":70.0},"luminosity":{"0":0.04},"star_feh":{"0":0.1},"nu_0_12":{"0":0.2932295155},"nu_0_13":{"0":0.2732295155},"nu_0_14":{"0":0.2532295155},"nu_0_15":{"0":0.2332295155},"nu_0_16":{"0":0.2132295155},"nu_0_17":{"0":0.1932295155},"nu_0_18":{"0":0.1732295155},"nu_0_19":{"0":0.2732295155},"nu_0_20":{"0":0.3732295155},"nu_0_21":{"0":0.4732295155},"nu_0_22":{"0":0.5732295155},"nu_0_23":{"0":0.6732295155},"nu_0_24":{"0":0.7732295155}}