{"calc_effective_T":{"0":70.0},"luminosity":{"0":0.04},"star_feh":{"0":0.1},"nu_0_14":{"0":0.8066665762},"nu_0_15":{"0":0.7066665762},"nu_0_16":{"0":0.6066665762},"nu_0_17":{"0":0.5066665762},"nu_0_18":{"0":0.4066665762},"nu_0_19":{"0":0.3066665762},"nu_0_20":{"0":0.2066665762},"nu_0_21":{"0":0.1066665762},"nu_0_22":{"0":0.2066665762},"nu_0_23":{"0":0.3066665762},"nu_0_24":{"0":0.4066665762},"nu_0_25":{"0":0.5066665762},"nu_0_26":{"0":0.6066665762},"nu_0_27":{"0":0.7066665762},"nu_0_28":{"0":0.8066665762}}