{"calc_effective_T":{"0":70.0},"luminosity":{"0":0.04},"star_feh":{"0":0.1},"nu_0_15":{"0":0.2029220419},"nu_0_16":{"0":0.1829220419},"nu_0_17":{"0":0.1629220419},"nu_0_18":{"0":0.1429220419},"nu_0_19":{"0":0.1229220419},"nu_0_20":{"0":0.1029220419},"nu_0_21":{"0":0.0829220419},"nu_0_22":{"0":0.0629220419},"nu_0_23":{"0":0.0429220419},"nu_0_24":{"0":0.1429220419},"nu_0_25":{"0":0.2429220419},"nu_0_26":{"0":0.3429220419},"nu_0_27":{"0":0.4429220419},"nu_0_28":{"0":0.5429220419},"nu_0_29":{"0":0.6429220419},"nu_0_30":{"0":0.7429220419}}