{"calc_effective_T":{"0":70.0},"luminosity":{"0":0.04},"star_feh":{"0":0.1},"nu_0_15":{"0":1.00044266},"nu_0_16":{"0":0.90044266},"nu_0_17":{"0":0.80044266},"nu_0_18":{"0":0.70044266},"nu_0_19":{"0":0.60044266},"nu_0_20":{"0":0.50044266},"nu_0_21":{"0":0.40044266},"nu_0_22":{"0":0.30044266},"nu_0_23":{"0":0.40044266},"nu_0_24":{"0":0.50044266},"nu_0_25":{"0":0.60044266},"nu_0_26":{"0":0.70044266},"nu_0_27":{"0":0.80044266},"nu_0_28":{"0":0.90044266},"nu_0_29":{"0":1.00044266}}