{"calc_effective_T":{"0":700.0},"luminosity":{"0":0.4},"star_feh":{"0":1.0},"nu_0_12":{"0":14.2089010144},"nu_0_13":{"0":13.2089010144},"nu_0_14":{"0":12.2089010144},"nu_0_15":{"0":11.2089010144},"nu_0_16":{"0":10.2089010144},"nu_0_17":{"0":9.2089010144},"nu_0_18":{"0":10.2089010144},"nu_0_19":{"0":11.2089010144},"nu_0_20":{"0":12.2089010144},"nu_0_21":{"0":13.2089010144},"nu_0_22":{"0":14.2089010144}}