{"calc_effective_T":{"0":70.0},"luminosity":{"0":0.04},"star_feh":{"0":0.1},"nu_0_10":{"0":1.4193786607},"nu_0_11":{"0":1.3193786607},"nu_0_12":{"0":1.2193786607},"nu_0_13":{"0":1.1193786607},"nu_0_14":{"0":1.0193786607},"nu_0_15":{"0":0.9193786607},"nu_0_16":{"0":0.8193786607},"nu_0_17":{"0":0.7193786607},"nu_0_18":{"0":0.8193786607},"nu_0_19":{"0":0.9193786607},"nu_0_20":{"0":1.0193786607},"nu_0_21":{"0":1.1193786607},"nu_0_22":{"0":1.2193786607},"nu_0_23":{"0":1.3193786607},"nu_0_24":{"0":1.4193786607},"nu_0_25":{"0":1.5193786607}}