{"calc_effective_T":{"0":70.0},"luminosity":{"0":0.04},"star_feh":{"0":0.1},"nu_0_14":{"0":0.8116267974},"nu_0_15":{"0":0.7116267974},"nu_0_16":{"0":0.6116267974},"nu_0_17":{"0":0.5116267974},"nu_0_18":{"0":0.4116267974},"nu_0_19":{"0":0.3116267974},"nu_0_20":{"0":0.2116267974},"nu_0_21":{"0":0.1116267974},"nu_0_22":{"0":0.2116267974},"nu_0_23":{"0":0.3116267974},"nu_0_24":{"0":0.4116267974},"nu_0_25":{"0":0.5116267974},"nu_0_26":{"0":0.6116267974},"nu_0_27":{"0":0.7116267974},"nu_0_28":{"0":0.8116267974},"nu_0_29":{"0":0.9116267974}}