{"calc_effective_T":{"0":70.0},"luminosity":{"0":0.04},"star_feh":{"0":0.1},"nu_0_8":{"0":0.4353097537},"nu_0_9":{"0":0.4153097537},"nu_0_10":{"0":0.3953097537},"nu_0_11":{"0":0.3753097537},"nu_0_12":{"0":0.3553097537},"nu_0_13":{"0":0.3353097537},"nu_0_14":{"0":0.3153097537},"nu_0_15":{"0":0.2953097537},"nu_0_16":{"0":0.2753097537},"nu_0_17":{"0":0.2553097537},"nu_0_18":{"0":0.3553097537},"nu_0_19":{"0":0.4553097537},"nu_0_20":{"0":0.5553097537},"nu_0_21":{"0":0.6553097537},"nu_0_22":{"0":0.7553097537},"nu_0_23":{"0":0.8553097537},"nu_0_24":{"0":0.9553097537},"nu_0_25":{"0":1.0553097537}}