{"calc_effective_T":{"0":70.0},"luminosity":{"0":0.04},"star_feh":{"0":0.1},"nu_0_9":{"0":0.4738468957},"nu_0_10":{"0":0.4238468957},"nu_0_11":{"0":0.3738468957},"nu_0_12":{"0":0.3238468957},"nu_0_13":{"0":0.2738468957},"nu_0_14":{"0":0.2238468957},"nu_0_15":{"0":0.1738468957},"nu_0_16":{"0":0.1238468957},"nu_0_17":{"0":0.2238468957},"nu_0_18":{"0":0.3238468957},"nu_0_19":{"0":0.4238468957},"nu_0_20":{"0":0.5238468957},"nu_0_21":{"0":0.6238468957},"nu_0_22":{"0":0.7238468957},"nu_0_23":{"0":0.8238468957}}