{"calc_effective_T":{"0":70.0},"luminosity":{"0":0.04},"star_feh":{"0":0.1},"nu_0_9":{"0":0.2513083697},"nu_0_10":{"0":0.2313083697},"nu_0_11":{"0":0.2113083697},"nu_0_12":{"0":0.1913083697},"nu_0_13":{"0":0.1713083697},"nu_0_14":{"0":0.1513083697},"nu_0_15":{"0":0.1313083697},"nu_0_16":{"0":0.1113083697},"nu_0_17":{"0":0.2113083697},"nu_0_18":{"0":0.3113083697},"nu_0_19":{"0":0.4113083697},"nu_0_20":{"0":0.5113083697},"nu_0_21":{"0":0.6113083697},"nu_0_22":{"0":0.7113083697},"nu_0_23":{"0":0.8113083697},"nu_0_24":{"0":0.9113083697}}