{"calc_effective_T":{"0":70.0},"luminosity":{"0":0.04},"star_feh":{"0":0.1},"nu_0_9":{"0":0.3797033845},"nu_0_10":{"0":0.3597033845},"nu_0_11":{"0":0.3397033845},"nu_0_12":{"0":0.3197033845},"nu_0_13":{"0":0.2997033845},"nu_0_14":{"0":0.2797033845},"nu_0_15":{"0":0.2597033845},"nu_0_16":{"0":0.2397033845},"nu_0_17":{"0":0.2197033845},"nu_0_18":{"0":0.1997033845},"nu_0_19":{"0":0.2997033845},"nu_0_20":{"0":0.3997033845},"nu_0_21":{"0":0.4997033845},"nu_0_22":{"0":0.5997033845},"nu_0_23":{"0":0.6997033845},"nu_0_24":{"0":0.7997033845},"nu_0_25":{"0":0.8997033845},"nu_0_26":{"0":0.9997033845}}