{"calc_effective_T":{"0":70.0},"luminosity":{"0":0.04},"star_feh":{"0":0.1},"nu_0_16":{"0":0.705946137},"nu_0_17":{"0":0.605946137},"nu_0_18":{"0":0.505946137},"nu_0_19":{"0":0.405946137},"nu_0_20":{"0":0.305946137},"nu_0_21":{"0":0.205946137},"nu_0_22":{"0":0.305946137},"nu_0_23":{"0":0.405946137},"nu_0_24":{"0":0.505946137},"nu_0_25":{"0":0.605946137}}