{"calc_effective_T":{"0":70.0},"luminosity":{"0":0.04},"star_feh":{"0":0.1},"nu_0_8":{"0":0.2804085795},"nu_0_9":{"0":0.2604085795},"nu_0_10":{"0":0.2404085795},"nu_0_11":{"0":0.2204085795},"nu_0_12":{"0":0.2004085795},"nu_0_13":{"0":0.1804085795},"nu_0_14":{"0":0.1604085795},"nu_0_15":{"0":0.2604085795},"nu_0_16":{"0":0.3604085795},"nu_0_17":{"0":0.4604085795},"nu_0_18":{"0":0.5604085795},"nu_0_19":{"0":0.6604085795},"nu_0_20":{"0":0.7604085795}}