{"calc_effective_T":{"0":70.0},"luminosity":{"0":0.04},"star_feh":{"0":0.1},"nu_0_14":{"0":0.9291420347},"nu_0_15":{"0":0.8291420347},"nu_0_16":{"0":0.7291420347},"nu_0_17":{"0":0.6291420347},"nu_0_18":{"0":0.5291420347},"nu_0_19":{"0":0.4291420347},"nu_0_20":{"0":0.3291420347},"nu_0_21":{"0":0.4291420347},"nu_0_22":{"0":0.5291420347},"nu_0_23":{"0":0.6291420347},"nu_0_24":{"0":0.7291420347},"nu_0_25":{"0":0.8291420347},"nu_0_26":{"0":0.9291420347}}