{"calc_effective_T":{"0":70.0},"luminosity":{"0":0.04},"star_feh":{"0":0.1},"nu_0_16":{"0":0.6928806391},"nu_0_17":{"0":0.5928806391},"nu_0_18":{"0":0.4928806391},"nu_0_19":{"0":0.3928806391},"nu_0_20":{"0":0.2928806391},"nu_0_21":{"0":0.1928806391},"nu_0_22":{"0":0.2928806391},"nu_0_23":{"0":0.3928806391},"nu_0_24":{"0":0.4928806391},"nu_0_25":{"0":0.5928806391},"nu_0_26":{"0":0.6928806391}}