{"calc_effective_T":{"0":70.0},"luminosity":{"0":0.04},"star_feh":{"0":0.1},"nu_0_11":{"0":0.8296129984},"nu_0_12":{"0":0.7796129984},"nu_0_13":{"0":0.7296129984},"nu_0_14":{"0":0.6796129984},"nu_0_15":{"0":0.6296129984},"nu_0_16":{"0":0.5796129984},"nu_0_17":{"0":0.5296129984},"nu_0_18":{"0":0.4796129984},"nu_0_19":{"0":0.5796129984},"nu_0_20":{"0":0.6796129984},"nu_0_21":{"0":0.7796129984},"nu_0_22":{"0":0.8796129984},"nu_0_23":{"0":0.9796129984},"nu_0_24":{"0":1.0796129984},"nu_0_25":{"0":1.1796129984}}