{"calc_effective_T":{"0":70.0},"luminosity":{"0":0.04},"star_feh":{"0":0.1},"nu_0_10":{"0":3.4554473866},"nu_0_11":{"0":2.9554473866},"nu_0_12":{"0":2.4554473866},"nu_0_13":{"0":1.9554473866},"nu_0_14":{"0":1.4554473866},"nu_0_15":{"0":0.9554473866},"nu_0_16":{"0":0.4554473866},"nu_0_17":{"0":0.9554473866},"nu_0_18":{"0":1.4554473866},"nu_0_19":{"0":1.9554473866},"nu_0_20":{"0":2.4554473866},"nu_0_21":{"0":2.9554473866}}