{"calc_effective_T":{"0":70.0},"luminosity":{"0":0.04},"star_feh":{"0":0.1},"nu_0_11":{"0":0.4134283448},"nu_0_12":{"0":0.3934283448},"nu_0_13":{"0":0.3734283448},"nu_0_14":{"0":0.3534283448},"nu_0_15":{"0":0.3334283448},"nu_0_16":{"0":0.3134283448},"nu_0_17":{"0":0.2934283448},"nu_0_18":{"0":0.3934283448},"nu_0_19":{"0":0.4934283448},"nu_0_20":{"0":0.5934283448},"nu_0_21":{"0":0.6934283448},"nu_0_22":{"0":0.7934283448},"nu_0_23":{"0":0.8934283448},"nu_0_24":{"0":0.9934283448}}