{"calc_effective_T":{"0":70.0},"luminosity":{"0":0.04},"star_feh":{"0":0.1},"nu_0_13":{"0":1.1108945612},"nu_0_14":{"0":1.0108945612},"nu_0_15":{"0":0.9108945612},"nu_0_16":{"0":0.8108945612},"nu_0_17":{"0":0.7108945612},"nu_0_18":{"0":0.6108945612},"nu_0_19":{"0":0.7108945612},"nu_0_20":{"0":0.8108945612},"nu_0_21":{"0":0.9108945612},"nu_0_22":{"0":1.0108945612},"nu_0_23":{"0":1.1108945612},"nu_0_24":{"0":1.2108945612}}