{"calc_effective_T":{"0":70.0},"luminosity":{"0":0.04},"star_feh":{"0":0.1},"nu_0_13":{"0":1.421070849},"nu_0_14":{"0":1.321070849},"nu_0_15":{"0":1.221070849},"nu_0_16":{"0":1.121070849},"nu_0_17":{"0":1.021070849},"nu_0_18":{"0":0.921070849},"nu_0_19":{"0":0.821070849},"nu_0_20":{"0":0.921070849},"nu_0_21":{"0":1.021070849},"nu_0_22":{"0":1.121070849},"nu_0_23":{"0":1.221070849},"nu_0_24":{"0":1.321070849},"nu_0_25":{"0":1.421070849}}