{"calc_effective_T":{"0":70.0},"luminosity":{"0":0.04},"star_feh":{"0":0.1},"nu_0_19":{"0":0.5361815868},"nu_0_20":{"0":0.4361815868},"nu_0_21":{"0":0.3361815868},"nu_0_22":{"0":0.2361815868},"nu_0_23":{"0":0.1361815868},"nu_0_24":{"0":0.2361815868},"nu_0_25":{"0":0.3361815868},"nu_0_26":{"0":0.4361815868},"nu_0_27":{"0":0.5361815868}}