{"calc_effective_T":{"0":700.0},"luminosity":{"0":0.4},"star_feh":{"0":1.0},"nu_0_15":{"0":8.0097779352},"nu_0_16":{"0":7.0097779352},"nu_0_17":{"0":6.0097779352},"nu_0_18":{"0":5.0097779352},"nu_0_19":{"0":4.0097779352},"nu_0_20":{"0":3.0097779352},"nu_0_21":{"0":4.0097779352},"nu_0_22":{"0":5.0097779352},"nu_0_23":{"0":6.0097779352},"nu_0_24":{"0":7.0097779352},"nu_0_25":{"0":8.0097779352}}