{"calc_effective_T":{"0":70.0},"luminosity":{"0":0.04},"star_feh":{"0":0.1},"nu_0_16":{"0":0.2773472923},"nu_0_17":{"0":0.2573472923},"nu_0_18":{"0":0.2373472923},"nu_0_19":{"0":0.2173472923},"nu_0_20":{"0":0.1973472923},"nu_0_21":{"0":0.2973472923},"nu_0_22":{"0":0.3973472923},"nu_0_23":{"0":0.4973472923},"nu_0_24":{"0":0.5973472923},"nu_0_25":{"0":0.6973472923}}