{"calc_effective_T":{"0":70.0},"luminosity":{"0":0.04},"star_feh":{"0":0.1},"nu_0_19":{"0":1.3162755121},"nu_0_20":{"0":1.2162755121},"nu_0_21":{"0":1.1162755121},"nu_0_22":{"0":1.0162755121},"nu_0_23":{"0":0.9162755121},"nu_0_24":{"0":0.8162755121},"nu_0_25":{"0":0.9162755121},"nu_0_26":{"0":1.0162755121},"nu_0_27":{"0":1.1162755121},"nu_0_28":{"0":1.2162755121},"nu_0_29":{"0":1.3162755121}}