{"calc_effective_T":{"0":70.0},"luminosity":{"0":0.04},"star_feh":{"0":0.1},"nu_0_11":{"0":0.8426362839},"nu_0_12":{"0":0.7426362839},"nu_0_13":{"0":0.6426362839},"nu_0_14":{"0":0.5426362839},"nu_0_15":{"0":0.4426362839},"nu_0_16":{"0":0.5426362839},"nu_0_17":{"0":0.6426362839},"nu_0_18":{"0":0.7426362839},"nu_0_19":{"0":0.8426362839}}