{"calc_effective_T":{"0":70.0},"luminosity":{"0":0.04},"star_feh":{"0":0.1},"nu_0_14":{"0":0.700867932},"nu_0_15":{"0":0.600867932},"nu_0_16":{"0":0.500867932},"nu_0_17":{"0":0.400867932},"nu_0_18":{"0":0.300867932},"nu_0_19":{"0":0.200867932},"nu_0_20":{"0":0.100867932},"nu_0_21":{"0":0.200867932},"nu_0_22":{"0":0.300867932},"nu_0_23":{"0":0.400867932},"nu_0_24":{"0":0.500867932},"nu_0_25":{"0":0.600867932}}