{"calc_effective_T":{"0":70.0},"luminosity":{"0":0.04},"star_feh":{"0":0.1},"nu_0_14":{"0":0.1620833528},"nu_0_15":{"0":0.1420833528},"nu_0_16":{"0":0.1220833528},"nu_0_17":{"0":0.1020833528},"nu_0_18":{"0":0.0820833528},"nu_0_19":{"0":0.1820833528},"nu_0_20":{"0":0.2820833528},"nu_0_21":{"0":0.3820833528},"nu_0_22":{"0":0.4820833528}}