{"calc_effective_T":{"0":70.0},"luminosity":{"0":0.04},"star_feh":{"0":0.1},"nu_0_15":{"0":1.445253429},"nu_0_16":{"0":1.345253429},"nu_0_17":{"0":1.245253429},"nu_0_18":{"0":1.145253429},"nu_0_19":{"0":1.045253429},"nu_0_20":{"0":0.945253429},"nu_0_21":{"0":0.845253429},"nu_0_22":{"0":0.945253429},"nu_0_23":{"0":1.045253429},"nu_0_24":{"0":1.145253429},"nu_0_25":{"0":1.245253429},"nu_0_26":{"0":1.345253429},"nu_0_27":{"0":1.445253429}}