{"calc_effective_T":{"0":70.0},"luminosity":{"0":0.04},"star_feh":{"0":0.1},"nu_0_11":{"0":1.1451046552},"nu_0_12":{"0":1.0451046552},"nu_0_13":{"0":0.9451046552},"nu_0_14":{"0":0.8451046552},"nu_0_15":{"0":0.7451046552},"nu_0_16":{"0":0.6451046552},"nu_0_17":{"0":0.7451046552},"nu_0_18":{"0":0.8451046552},"nu_0_19":{"0":0.9451046552},"nu_0_20":{"0":1.0451046552},"nu_0_21":{"0":1.1451046552},"nu_0_22":{"0":1.2451046552}}