{"calc_effective_T":{"0":70.0},"luminosity":{"0":0.04},"star_feh":{"0":0.1},"nu_0_19":{"0":0.6022431354},"nu_0_20":{"0":0.5022431354},"nu_0_21":{"0":0.4022431354},"nu_0_22":{"0":0.3022431354},"nu_0_23":{"0":0.2022431354},"nu_0_24":{"0":0.1022431354},"nu_0_25":{"0":0.2022431354},"nu_0_26":{"0":0.3022431354},"nu_0_27":{"0":0.4022431354},"nu_0_28":{"0":0.5022431354}}