{"calc_effective_T":{"0":70.0},"luminosity":{"0":0.04},"star_feh":{"0":0.1},"nu_0_9":{"0":1.565164322},"nu_0_10":{"0":1.465164322},"nu_0_11":{"0":1.365164322},"nu_0_12":{"0":1.265164322},"nu_0_13":{"0":1.165164322},"nu_0_14":{"0":1.065164322},"nu_0_15":{"0":0.965164322},"nu_0_16":{"0":1.065164322},"nu_0_17":{"0":1.165164322},"nu_0_18":{"0":1.265164322},"nu_0_19":{"0":1.365164322},"nu_0_20":{"0":1.465164322},"nu_0_21":{"0":1.565164322},"nu_0_22":{"0":1.665164322}}