{"calc_effective_T":{"0":70.0},"luminosity":{"0":0.04},"star_feh":{"0":0.1},"nu_0_19":{"0":1.1185331347},"nu_0_20":{"0":1.0185331347},"nu_0_21":{"0":0.9185331347},"nu_0_22":{"0":0.8185331347},"nu_0_23":{"0":0.7185331347},"nu_0_24":{"0":0.6185331347},"nu_0_25":{"0":0.7185331347},"nu_0_26":{"0":0.8185331347},"nu_0_27":{"0":0.9185331347},"nu_0_28":{"0":1.0185331347},"nu_0_29":{"0":1.1185331347},"nu_0_30":{"0":1.2185331347}}