{"calc_effective_T":{"0":700.0},"luminosity":{"0":0.4},"star_feh":{"0":1.0},"nu_0_14":{"0":13.3279007272},"nu_0_15":{"0":12.3279007272},"nu_0_16":{"0":11.3279007272},"nu_0_17":{"0":10.3279007272},"nu_0_18":{"0":9.3279007272},"nu_0_19":{"0":8.3279007272},"nu_0_20":{"0":9.3279007272},"nu_0_21":{"0":10.3279007272},"nu_0_22":{"0":11.3279007272},"nu_0_23":{"0":12.3279007272},"nu_0_24":{"0":13.3279007272}}