{"calc_effective_T":{"0":70.0},"luminosity":{"0":0.04},"star_feh":{"0":0.1},"nu_0_13":{"0":1.213920745},"nu_0_14":{"0":1.113920745},"nu_0_15":{"0":1.013920745},"nu_0_16":{"0":0.913920745},"nu_0_17":{"0":0.813920745},"nu_0_18":{"0":0.713920745},"nu_0_19":{"0":0.813920745},"nu_0_20":{"0":0.913920745},"nu_0_21":{"0":1.013920745},"nu_0_22":{"0":1.113920745}}