{"calc_effective_T":{"0":70.0},"luminosity":{"0":0.04},"star_feh":{"0":0.1},"nu_0_18":{"0":1.300576628},"nu_0_19":{"0":1.200576628},"nu_0_20":{"0":1.100576628},"nu_0_21":{"0":1.000576628},"nu_0_22":{"0":0.900576628},"nu_0_23":{"0":0.800576628},"nu_0_24":{"0":0.900576628},"nu_0_25":{"0":1.000576628},"nu_0_26":{"0":1.100576628},"nu_0_27":{"0":1.200576628},"nu_0_28":{"0":1.300576628}}