{"calc_effective_T":{"0":70.0},"luminosity":{"0":0.04},"star_feh":{"0":0.1},"nu_0_10":{"0":0.2938243825},"nu_0_11":{"0":0.2738243825},"nu_0_12":{"0":0.2538243825},"nu_0_13":{"0":0.2338243825},"nu_0_14":{"0":0.2138243825},"nu_0_15":{"0":0.1938243825},"nu_0_16":{"0":0.1738243825},"nu_0_17":{"0":0.1538243825},"nu_0_18":{"0":0.2538243825},"nu_0_19":{"0":0.3538243825},"nu_0_20":{"0":0.4538243825},"nu_0_21":{"0":0.5538243825},"nu_0_22":{"0":0.6538243825},"nu_0_23":{"0":0.7538243825}}