{"calc_effective_T":{"0":70.0},"luminosity":{"0":0.04},"star_feh":{"0":0.1},"nu_0_14":{"0":2.9631781835},"nu_0_15":{"0":2.4631781835},"nu_0_16":{"0":1.9631781835},"nu_0_17":{"0":1.4631781835},"nu_0_18":{"0":0.9631781835},"nu_0_19":{"0":0.4631781835},"nu_0_20":{"0":0.9631781835},"nu_0_21":{"0":1.4631781835},"nu_0_22":{"0":1.9631781835},"nu_0_23":{"0":2.4631781835},"nu_0_24":{"0":2.9631781835}}