{"calc_effective_T":{"0":70.0},"luminosity":{"0":0.04},"star_feh":{"0":0.1},"nu_0_14":{"0":0.2595718834},"nu_0_15":{"0":0.2395718834},"nu_0_16":{"0":0.2195718834},"nu_0_17":{"0":0.1995718834},"nu_0_18":{"0":0.1795718834},"nu_0_19":{"0":0.2795718834},"nu_0_20":{"0":0.3795718834},"nu_0_21":{"0":0.4795718834},"nu_0_22":{"0":0.5795718834},"nu_0_23":{"0":0.6795718834}}