{"calc_effective_T":{"0":70.0},"luminosity":{"0":0.04},"star_feh":{"0":0.1},"nu_0_17":{"0":1.0016393489},"nu_0_18":{"0":0.9016393489},"nu_0_19":{"0":0.8016393489},"nu_0_20":{"0":0.7016393489},"nu_0_21":{"0":0.6016393489},"nu_0_22":{"0":0.5016393489},"nu_0_23":{"0":0.6016393489},"nu_0_24":{"0":0.7016393489},"nu_0_25":{"0":0.8016393489},"nu_0_26":{"0":0.9016393489},"nu_0_27":{"0":1.0016393489},"nu_0_28":{"0":1.1016393489}}