{"calc_effective_T":{"0":70.0},"luminosity":{"0":0.04},"star_feh":{"0":0.1},"nu_0_13":{"0":0.3382445259},"nu_0_14":{"0":0.3182445259},"nu_0_15":{"0":0.2982445259},"nu_0_16":{"0":0.2782445259},"nu_0_17":{"0":0.2582445259},"nu_0_18":{"0":0.2382445259},"nu_0_19":{"0":0.3382445259},"nu_0_20":{"0":0.4382445259},"nu_0_21":{"0":0.5382445259},"nu_0_22":{"0":0.6382445259},"nu_0_23":{"0":0.7382445259}}