{"calc_effective_T":{"0":70.0},"luminosity":{"0":0.04},"star_feh":{"0":0.1},"nu_0_13":{"0":1.5710058496},"nu_0_14":{"0":1.4710058496},"nu_0_15":{"0":1.3710058496},"nu_0_16":{"0":1.2710058496},"nu_0_17":{"0":1.1710058496},"nu_0_18":{"0":1.0710058496},"nu_0_19":{"0":0.9710058496},"nu_0_20":{"0":0.8710058496},"nu_0_21":{"0":0.9710058496},"nu_0_22":{"0":1.0710058496},"nu_0_23":{"0":1.1710058496},"nu_0_24":{"0":1.2710058496},"nu_0_25":{"0":1.3710058496},"nu_0_26":{"0":1.4710058496},"nu_0_27":{"0":1.5710058496}}