{"calc_effective_T":{"0":70.0},"luminosity":{"0":0.04},"star_feh":{"0":0.1},"nu_0_15":{"0":1.6797796448},"nu_0_16":{"0":1.5797796448},"nu_0_17":{"0":1.4797796448},"nu_0_18":{"0":1.3797796448},"nu_0_19":{"0":1.2797796448},"nu_0_20":{"0":1.1797796448},"nu_0_21":{"0":1.0797796448},"nu_0_22":{"0":0.9797796448},"nu_0_23":{"0":0.8797796448},"nu_0_24":{"0":0.9797796448},"nu_0_25":{"0":1.0797796448},"nu_0_26":{"0":1.1797796448},"nu_0_27":{"0":1.2797796448},"nu_0_28":{"0":1.3797796448},"nu_0_29":{"0":1.4797796448},"nu_0_30":{"0":1.5797796448}}