{"calc_effective_T":{"0":70.0},"luminosity":{"0":0.04},"star_feh":{"0":0.1},"nu_0_11":{"0":1.2505973495},"nu_0_12":{"0":1.1505973495},"nu_0_13":{"0":1.0505973495},"nu_0_14":{"0":0.9505973495},"nu_0_15":{"0":0.8505973495},"nu_0_16":{"0":0.7505973495},"nu_0_17":{"0":0.6505973495},"nu_0_18":{"0":0.7505973495},"nu_0_19":{"0":0.8505973495},"nu_0_20":{"0":0.9505973495},"nu_0_21":{"0":1.0505973495},"nu_0_22":{"0":1.1505973495},"nu_0_23":{"0":1.2505973495},"nu_0_24":{"0":1.3505973495}}