{"calc_effective_T":{"0":70.0},"luminosity":{"0":0.04},"star_feh":{"0":0.1},"nu_0_12":{"0":0.3596086308},"nu_0_13":{"0":0.3396086308},"nu_0_14":{"0":0.3196086308},"nu_0_15":{"0":0.2996086308},"nu_0_16":{"0":0.2796086308},"nu_0_17":{"0":0.2596086308},"nu_0_18":{"0":0.2396086308},"nu_0_19":{"0":0.2196086308},"nu_0_20":{"0":0.1996086308},"nu_0_21":{"0":0.1796086308},"nu_0_22":{"0":0.2796086308},"nu_0_23":{"0":0.3796086308},"nu_0_24":{"0":0.4796086308},"nu_0_25":{"0":0.5796086308},"nu_0_26":{"0":0.6796086308},"nu_0_27":{"0":0.7796086308},"nu_0_28":{"0":0.8796086308},"nu_0_29":{"0":0.9796086308},"nu_0_30":{"0":1.0796086308}}