{"calc_effective_T":{"0":70.0},"luminosity":{"0":0.04},"star_feh":{"0":0.1},"nu_0_12":{"0":0.3186409639},"nu_0_13":{"0":0.2986409639},"nu_0_14":{"0":0.2786409639},"nu_0_15":{"0":0.2586409639},"nu_0_16":{"0":0.2386409639},"nu_0_17":{"0":0.2186409639},"nu_0_18":{"0":0.1986409639},"nu_0_19":{"0":0.1786409639},"nu_0_20":{"0":0.2786409639},"nu_0_21":{"0":0.3786409639},"nu_0_22":{"0":0.4786409639},"nu_0_23":{"0":0.5786409639},"nu_0_24":{"0":0.6786409639},"nu_0_25":{"0":0.7786409639},"nu_0_26":{"0":0.8786409639}}