{"calc_effective_T":{"0":70.0},"luminosity":{"0":0.04},"star_feh":{"0":0.1},"nu_0_16":{"0":1.333683103},"nu_0_17":{"0":1.233683103},"nu_0_18":{"0":1.133683103},"nu_0_19":{"0":1.033683103},"nu_0_20":{"0":0.933683103},"nu_0_21":{"0":0.833683103},"nu_0_22":{"0":0.733683103},"nu_0_23":{"0":0.833683103},"nu_0_24":{"0":0.933683103},"nu_0_25":{"0":1.033683103},"nu_0_26":{"0":1.133683103},"nu_0_27":{"0":1.233683103}}