{"calc_effective_T":{"0":70.0},"luminosity":{"0":0.04},"star_feh":{"0":0.1},"nu_0_17":{"0":1.4115702462},"nu_0_18":{"0":1.3115702462},"nu_0_19":{"0":1.2115702462},"nu_0_20":{"0":1.1115702462},"nu_0_21":{"0":1.0115702462},"nu_0_22":{"0":0.9115702462},"nu_0_23":{"0":0.8115702462},"nu_0_24":{"0":0.9115702462},"nu_0_25":{"0":1.0115702462},"nu_0_26":{"0":1.1115702462},"nu_0_27":{"0":1.2115702462},"nu_0_28":{"0":1.3115702462},"nu_0_29":{"0":1.4115702462},"nu_0_30":{"0":1.5115702462}}