{"calc_effective_T":{"0":70.0},"luminosity":{"0":0.04},"star_feh":{"0":0.1},"nu_0_14":{"0":0.2734440562},"nu_0_15":{"0":0.2534440562},"nu_0_16":{"0":0.2334440562},"nu_0_17":{"0":0.2134440562},"nu_0_18":{"0":0.1934440562},"nu_0_19":{"0":0.1734440562},"nu_0_20":{"0":0.1534440562},"nu_0_21":{"0":0.1334440562},"nu_0_22":{"0":0.1134440562},"nu_0_23":{"0":0.0934440562},"nu_0_24":{"0":0.1934440562},"nu_0_25":{"0":0.2934440562},"nu_0_26":{"0":0.3934440562},"nu_0_27":{"0":0.4934440562},"nu_0_28":{"0":0.5934440562},"nu_0_29":{"0":0.6934440562},"nu_0_30":{"0":0.7934440562},"nu_0_31":{"0":0.8934440562},"nu_0_32":{"0":0.9934440562}}