{"calc_effective_T":{"0":70.0},"luminosity":{"0":0.04},"star_feh":{"0":0.1},"nu_0_11":{"0":0.2826765441},"nu_0_12":{"0":0.2626765441},"nu_0_13":{"0":0.2426765441},"nu_0_14":{"0":0.2226765441},"nu_0_15":{"0":0.2026765441},"nu_0_16":{"0":0.1826765441},"nu_0_17":{"0":0.1626765441},"nu_0_18":{"0":0.1426765441},"nu_0_19":{"0":0.2426765441},"nu_0_20":{"0":0.3426765441},"nu_0_21":{"0":0.4426765441},"nu_0_22":{"0":0.5426765441},"nu_0_23":{"0":0.6426765441},"nu_0_24":{"0":0.7426765441},"nu_0_25":{"0":0.8426765441},"nu_0_26":{"0":0.9426765441}}