{"calc_effective_T":{"0":70.0},"luminosity":{"0":0.04},"star_feh":{"0":0.1},"nu_0_13":{"0":0.2828467723},"nu_0_14":{"0":0.2628467723},"nu_0_15":{"0":0.2428467723},"nu_0_16":{"0":0.2228467723},"nu_0_17":{"0":0.2028467723},"nu_0_18":{"0":0.1828467723},"nu_0_19":{"0":0.1628467723},"nu_0_20":{"0":0.1428467723},"nu_0_21":{"0":0.2428467723},"nu_0_22":{"0":0.3428467723},"nu_0_23":{"0":0.4428467723},"nu_0_24":{"0":0.5428467723},"nu_0_25":{"0":0.6428467723},"nu_0_26":{"0":0.7428467723}}