{"calc_effective_T":{"0":70.0},"luminosity":{"0":0.04},"star_feh":{"0":0.1},"nu_0_12":{"0":0.5819126596},"nu_0_13":{"0":0.5319126596},"nu_0_14":{"0":0.4819126596},"nu_0_15":{"0":0.4319126596},"nu_0_16":{"0":0.3819126596},"nu_0_17":{"0":0.3319126596},"nu_0_18":{"0":0.2819126596},"nu_0_19":{"0":0.2319126596},"nu_0_20":{"0":0.3319126596},"nu_0_21":{"0":0.4319126596},"nu_0_22":{"0":0.5319126596},"nu_0_23":{"0":0.6319126596},"nu_0_24":{"0":0.7319126596},"nu_0_25":{"0":0.8319126596},"nu_0_26":{"0":0.9319126596}}