{"calc_effective_T":{"0":70.0},"luminosity":{"0":0.04},"star_feh":{"0":0.1},"nu_0_10":{"0":0.3668666471},"nu_0_11":{"0":0.3468666471},"nu_0_12":{"0":0.3268666471},"nu_0_13":{"0":0.3068666471},"nu_0_14":{"0":0.2868666471},"nu_0_15":{"0":0.2668666471},"nu_0_16":{"0":0.2468666471},"nu_0_17":{"0":0.2268666471},"nu_0_18":{"0":0.2068666471},"nu_0_19":{"0":0.1868666471},"nu_0_20":{"0":0.2868666471},"nu_0_21":{"0":0.3868666471},"nu_0_22":{"0":0.4868666471},"nu_0_23":{"0":0.5868666471},"nu_0_24":{"0":0.6868666471},"nu_0_25":{"0":0.7868666471},"nu_0_26":{"0":0.8868666471},"nu_0_27":{"0":0.9868666471},"nu_0_28":{"0":1.0868666471}}