{"calc_effective_T":{"0":70.0},"luminosity":{"0":0.04},"star_feh":{"0":0.1},"nu_0_13":{"0":0.855425628},"nu_0_14":{"0":0.755425628},"nu_0_15":{"0":0.655425628},"nu_0_16":{"0":0.555425628},"nu_0_17":{"0":0.455425628},"nu_0_18":{"0":0.355425628},"nu_0_19":{"0":0.255425628},"nu_0_20":{"0":0.155425628},"nu_0_21":{"0":0.255425628},"nu_0_22":{"0":0.355425628},"nu_0_23":{"0":0.455425628},"nu_0_24":{"0":0.555425628},"nu_0_25":{"0":0.655425628},"nu_0_26":{"0":0.755425628},"nu_0_27":{"0":0.855425628},"nu_0_28":{"0":0.955425628}}