{"calc_effective_T":{"0":70.0},"luminosity":{"0":0.04},"star_feh":{"0":0.1},"nu_0_20":{"0":1.271361827},"nu_0_21":{"0":1.171361827},"nu_0_22":{"0":1.071361827},"nu_0_23":{"0":0.971361827},"nu_0_24":{"0":0.871361827},"nu_0_25":{"0":0.771361827},"nu_0_26":{"0":0.671361827},"nu_0_27":{"0":0.771361827},"nu_0_28":{"0":0.871361827},"nu_0_29":{"0":0.971361827},"nu_0_30":{"0":1.071361827},"nu_0_31":{"0":1.171361827}}