{"calc_effective_T":{"0":70.0},"luminosity":{"0":0.04},"star_feh":{"0":0.1},"nu_0_19":{"0":0.7476599012},"nu_0_20":{"0":0.6476599012},"nu_0_21":{"0":0.5476599012},"nu_0_22":{"0":0.4476599012},"nu_0_23":{"0":0.3476599012},"nu_0_24":{"0":0.2476599012},"nu_0_25":{"0":0.3476599012},"nu_0_26":{"0":0.4476599012},"nu_0_27":{"0":0.5476599012},"nu_0_28":{"0":0.6476599012},"nu_0_29":{"0":0.7476599012}}