{"calc_effective_T":{"0":70.0},"luminosity":{"0":0.04},"star_feh":{"0":0.1},"nu_0_21":{"0":1.2799562707},"nu_0_22":{"0":1.1799562707},"nu_0_23":{"0":1.0799562707},"nu_0_24":{"0":0.9799562707},"nu_0_25":{"0":0.8799562707},"nu_0_26":{"0":0.9799562707},"nu_0_27":{"0":1.0799562707},"nu_0_28":{"0":1.1799562707},"nu_0_29":{"0":1.2799562707},"nu_0_30":{"0":1.3799562707}}