{"calc_effective_T":{"0":70.0},"luminosity":{"0":0.04},"star_feh":{"0":0.1},"nu_0_16":{"0":0.9503639189},"nu_0_17":{"0":0.8503639189},"nu_0_18":{"0":0.7503639189},"nu_0_19":{"0":0.6503639189},"nu_0_20":{"0":0.5503639189},"nu_0_21":{"0":0.4503639189},"nu_0_22":{"0":0.3503639189},"nu_0_23":{"0":0.2503639189},"nu_0_24":{"0":0.3503639189},"nu_0_25":{"0":0.4503639189},"nu_0_26":{"0":0.5503639189},"nu_0_27":{"0":0.6503639189},"nu_0_28":{"0":0.7503639189},"nu_0_29":{"0":0.8503639189},"nu_0_30":{"0":0.9503639189},"nu_0_31":{"0":1.0503639189}}