{"calc_effective_T":{"0":70.0},"luminosity":{"0":0.04},"star_feh":{"0":0.1},"nu_0_9":{"0":0.3629773505},"nu_0_10":{"0":0.3429773505},"nu_0_11":{"0":0.3229773505},"nu_0_12":{"0":0.3029773505},"nu_0_13":{"0":0.2829773505},"nu_0_14":{"0":0.2629773505},"nu_0_15":{"0":0.2429773505},"nu_0_16":{"0":0.2229773505},"nu_0_17":{"0":0.2029773505},"nu_0_18":{"0":0.1829773505},"nu_0_19":{"0":0.1629773505},"nu_0_20":{"0":0.2629773505},"nu_0_21":{"0":0.3629773505},"nu_0_22":{"0":0.4629773505},"nu_0_23":{"0":0.5629773505},"nu_0_24":{"0":0.6629773505},"nu_0_25":{"0":0.7629773505},"nu_0_26":{"0":0.8629773505},"nu_0_27":{"0":0.9629773505},"nu_0_28":{"0":1.0629773505}}