{"calc_effective_T":{"0":700.0},"luminosity":{"0":0.4},"star_feh":{"0":1.0},"nu_0_11":{"0":9.6309492793},"nu_0_12":{"0":8.6309492793},"nu_0_13":{"0":7.6309492793},"nu_0_14":{"0":6.6309492793},"nu_0_15":{"0":5.6309492793},"nu_0_16":{"0":4.6309492793},"nu_0_17":{"0":5.6309492793},"nu_0_18":{"0":6.6309492793},"nu_0_19":{"0":7.6309492793},"nu_0_20":{"0":8.6309492793},"nu_0_21":{"0":9.6309492793}}