{"calc_effective_T":{"0":70.0},"luminosity":{"0":0.04},"star_feh":{"0":0.1},"nu_0_7":{"0":0.4684964994},"nu_0_8":{"0":0.4484964994},"nu_0_9":{"0":0.4284964994},"nu_0_10":{"0":0.4084964994},"nu_0_11":{"0":0.3884964994},"nu_0_12":{"0":0.3684964994},"nu_0_13":{"0":0.3484964994},"nu_0_14":{"0":0.3284964994},"nu_0_15":{"0":0.3084964994},"nu_0_16":{"0":0.2884964994},"nu_0_17":{"0":0.3884964994},"nu_0_18":{"0":0.4884964994},"nu_0_19":{"0":0.5884964994},"nu_0_20":{"0":0.6884964994},"nu_0_21":{"0":0.7884964994},"nu_0_22":{"0":0.8884964994},"nu_0_23":{"0":0.9884964994},"nu_0_24":{"0":1.0884964994},"nu_0_25":{"0":1.1884964994}}