{"calc_effective_T":{"0":70.0},"luminosity":{"0":0.04},"star_feh":{"0":0.1},"nu_0_12":{"0":0.3365304126},"nu_0_13":{"0":0.3165304126},"nu_0_14":{"0":0.2965304126},"nu_0_15":{"0":0.2765304126},"nu_0_16":{"0":0.2565304126},"nu_0_17":{"0":0.2365304126},"nu_0_18":{"0":0.3365304126},"nu_0_19":{"0":0.4365304126},"nu_0_20":{"0":0.5365304126},"nu_0_21":{"0":0.6365304126},"nu_0_22":{"0":0.7365304126}}