{"calc_effective_T":{"0":70.0},"luminosity":{"0":0.04},"star_feh":{"0":0.1},"nu_0_9":{"0":0.4678700625},"nu_0_10":{"0":0.4178700625},"nu_0_11":{"0":0.3678700625},"nu_0_12":{"0":0.3178700625},"nu_0_13":{"0":0.2678700625},"nu_0_14":{"0":0.2178700625},"nu_0_15":{"0":0.1678700625},"nu_0_16":{"0":0.1178700625},"nu_0_17":{"0":0.2178700625},"nu_0_18":{"0":0.3178700625},"nu_0_19":{"0":0.4178700625},"nu_0_20":{"0":0.5178700625},"nu_0_21":{"0":0.6178700625},"nu_0_22":{"0":0.7178700625},"nu_0_23":{"0":0.8178700625}}