{"calc_effective_T":{"0":70.0},"luminosity":{"0":0.04},"star_feh":{"0":0.1},"nu_0_7":{"0":0.3852646809},"nu_0_8":{"0":0.3652646809},"nu_0_9":{"0":0.3452646809},"nu_0_10":{"0":0.3252646809},"nu_0_11":{"0":0.3052646809},"nu_0_12":{"0":0.2852646809},"nu_0_13":{"0":0.2652646809},"nu_0_14":{"0":0.2452646809},"nu_0_15":{"0":0.2252646809},"nu_0_16":{"0":0.3252646809},"nu_0_17":{"0":0.4252646809},"nu_0_18":{"0":0.5252646809},"nu_0_19":{"0":0.6252646809},"nu_0_20":{"0":0.7252646809},"nu_0_21":{"0":0.8252646809},"nu_0_22":{"0":0.9252646809},"nu_0_23":{"0":1.0252646809}}