{"calc_effective_T":{"0":70.0},"luminosity":{"0":0.04},"star_feh":{"0":0.1},"nu_0_11":{"0":0.2430015459},"nu_0_12":{"0":0.2230015459},"nu_0_13":{"0":0.2030015459},"nu_0_14":{"0":0.1830015459},"nu_0_15":{"0":0.1630015459},"nu_0_16":{"0":0.1430015459},"nu_0_17":{"0":0.1230015459},"nu_0_18":{"0":0.1030015459},"nu_0_19":{"0":0.0830015459},"nu_0_20":{"0":0.0630015459},"nu_0_21":{"0":0.1630015459},"nu_0_22":{"0":0.2630015459},"nu_0_23":{"0":0.3630015459},"nu_0_24":{"0":0.4630015459},"nu_0_25":{"0":0.5630015459},"nu_0_26":{"0":0.6630015459},"nu_0_27":{"0":0.7630015459},"nu_0_28":{"0":0.8630015459},"nu_0_29":{"0":0.9630015459}}