{"calc_effective_T":{"0":70.0},"luminosity":{"0":0.04},"star_feh":{"0":0.1},"nu_0_8":{"0":0.2530093313},"nu_0_9":{"0":0.2330093313},"nu_0_10":{"0":0.2130093313},"nu_0_11":{"0":0.1930093313},"nu_0_12":{"0":0.1730093313},"nu_0_13":{"0":0.1530093313},"nu_0_14":{"0":0.1330093313},"nu_0_15":{"0":0.1130093313},"nu_0_16":{"0":0.0930093313},"nu_0_17":{"0":0.1930093313},"nu_0_18":{"0":0.2930093313},"nu_0_19":{"0":0.3930093313},"nu_0_20":{"0":0.4930093313},"nu_0_21":{"0":0.5930093313},"nu_0_22":{"0":0.6930093313},"nu_0_23":{"0":0.7930093313},"nu_0_24":{"0":0.8930093313}}