{"calc_effective_T":{"0":70.0},"luminosity":{"0":0.04},"star_feh":{"0":0.1},"nu_0_12":{"0":1.0571526708},"nu_0_13":{"0":0.9571526708},"nu_0_14":{"0":0.8571526708},"nu_0_15":{"0":0.7571526708},"nu_0_16":{"0":0.6571526708},"nu_0_17":{"0":0.5571526708},"nu_0_18":{"0":0.6571526708},"nu_0_19":{"0":0.7571526708},"nu_0_20":{"0":0.8571526708},"nu_0_21":{"0":0.9571526708},"nu_0_22":{"0":1.0571526708}}