{"calc_effective_T":{"0":70.0},"luminosity":{"0":0.04},"star_feh":{"0":0.1},"nu_0_8":{"0":0.2758443539},"nu_0_9":{"0":0.2558443539},"nu_0_10":{"0":0.2358443539},"nu_0_11":{"0":0.2158443539},"nu_0_12":{"0":0.1958443539},"nu_0_13":{"0":0.1758443539},"nu_0_14":{"0":0.1558443539},"nu_0_15":{"0":0.1358443539},"nu_0_16":{"0":0.1158443539},"nu_0_17":{"0":0.2158443539},"nu_0_18":{"0":0.3158443539},"nu_0_19":{"0":0.4158443539},"nu_0_20":{"0":0.5158443539},"nu_0_21":{"0":0.6158443539},"nu_0_22":{"0":0.7158443539},"nu_0_23":{"0":0.8158443539}}