{"calc_effective_T":{"0":700.0},"luminosity":{"0":0.4},"star_feh":{"0":1.0},"nu_0_14":{"0":7.7583594341},"nu_0_15":{"0":6.7583594341},"nu_0_16":{"0":5.7583594341},"nu_0_17":{"0":4.7583594341},"nu_0_18":{"0":3.7583594341},"nu_0_19":{"0":2.7583594341},"nu_0_20":{"0":3.7583594341},"nu_0_21":{"0":4.7583594341},"nu_0_22":{"0":5.7583594341},"nu_0_23":{"0":6.7583594341},"nu_0_24":{"0":7.7583594341}}