{"calc_effective_T":{"0":70.0},"luminosity":{"0":0.04},"star_feh":{"0":0.1},"nu_0_17":{"0":0.2524286741},"nu_0_18":{"0":0.2324286741},"nu_0_19":{"0":0.2124286741},"nu_0_20":{"0":0.1924286741},"nu_0_21":{"0":0.1724286741},"nu_0_22":{"0":0.1524286741},"nu_0_23":{"0":0.1324286741},"nu_0_24":{"0":0.1124286741},"nu_0_25":{"0":0.2124286741},"nu_0_26":{"0":0.3124286741},"nu_0_27":{"0":0.4124286741},"nu_0_28":{"0":0.5124286741},"nu_0_29":{"0":0.6124286741},"nu_0_30":{"0":0.7124286741},"nu_0_31":{"0":0.8124286741}}