{"calc_effective_T":{"0":70.0},"luminosity":{"0":0.04},"star_feh":{"0":0.1},"nu_0_14":{"0":1.1244605351},"nu_0_15":{"0":1.0244605351},"nu_0_16":{"0":0.9244605351},"nu_0_17":{"0":0.8244605351},"nu_0_18":{"0":0.7244605351},"nu_0_19":{"0":0.6244605351},"nu_0_20":{"0":0.7244605351},"nu_0_21":{"0":0.8244605351},"nu_0_22":{"0":0.9244605351},"nu_0_23":{"0":1.0244605351}}