{"calc_effective_T":{"0":70.0},"luminosity":{"0":0.04},"star_feh":{"0":0.1},"nu_0_18":{"0":0.7636851627},"nu_0_19":{"0":0.6636851627},"nu_0_20":{"0":0.5636851627},"nu_0_21":{"0":0.4636851627},"nu_0_22":{"0":0.3636851627},"nu_0_23":{"0":0.2636851627},"nu_0_24":{"0":0.3636851627},"nu_0_25":{"0":0.4636851627},"nu_0_26":{"0":0.5636851627},"nu_0_27":{"0":0.6636851627},"nu_0_28":{"0":0.7636851627},"nu_0_29":{"0":0.8636851627}}