{"calc_effective_T":{"0":0.000000001},"luminosity":{"0":0.000000001},"star_feh":{"0":0.000000001},"nu_0_15":{"0":0.000000008},"nu_0_16":{"0":0.000000007},"nu_0_17":{"0":0.000000006},"nu_0_18":{"0":0.000000005},"nu_0_19":{"0":0.000000004},"nu_0_20":{"0":0.000000003},"nu_0_21":{"0":0.000000002},"nu_0_22":{"0":0.000000001},"nu_0_23":{"0":0.000000002},"nu_0_24":{"0":0.000000003},"nu_0_25":{"0":0.000000004},"nu_0_26":{"0":0.000000005},"nu_0_27":{"0":0.000000006},"nu_0_28":{"0":0.000000007},"nu_0_29":{"0":0.000000008},"nu_0_30":{"0":0.000000009}}