{"calc_effective_T":{"0":70.0},"luminosity":{"0":0.04},"star_feh":{"0":0.1},"nu_0_12":{"0":0.3801856869},"nu_0_13":{"0":0.3601856869},"nu_0_14":{"0":0.3401856869},"nu_0_15":{"0":0.3201856869},"nu_0_16":{"0":0.3001856869},"nu_0_17":{"0":0.2801856869},"nu_0_18":{"0":0.3801856869},"nu_0_19":{"0":0.4801856869},"nu_0_20":{"0":0.5801856869},"nu_0_21":{"0":0.6801856869},"nu_0_22":{"0":0.7801856869}}