{"calc_effective_T":{"0":70.0},"luminosity":{"0":0.04},"star_feh":{"0":0.1},"nu_0_19":{"0":1.3405607857},"nu_0_20":{"0":1.2405607857},"nu_0_21":{"0":1.1405607857},"nu_0_22":{"0":1.0405607857},"nu_0_23":{"0":0.9405607857},"nu_0_24":{"0":1.0405607857},"nu_0_25":{"0":1.1405607857},"nu_0_26":{"0":1.2405607857},"nu_0_27":{"0":1.3405607857}}