{"calc_effective_T":{"0":700.0},"luminosity":{"0":0.4},"star_feh":{"0":1.0},"nu_0_19":{"0":13.0072973112},"nu_0_20":{"0":12.0072973112},"nu_0_21":{"0":11.0072973112},"nu_0_22":{"0":10.0072973112},"nu_0_23":{"0":9.0072973112},"nu_0_24":{"0":8.0072973112},"nu_0_25":{"0":9.0072973112},"nu_0_26":{"0":10.0072973112},"nu_0_27":{"0":11.0072973112},"nu_0_28":{"0":12.0072973112},"nu_0_29":{"0":13.0072973112}}