{"calc_effective_T":{"0":70.0},"luminosity":{"0":0.04},"star_feh":{"0":0.1},"nu_0_18":{"0":1.075637034},"nu_0_19":{"0":0.975637034},"nu_0_20":{"0":0.875637034},"nu_0_21":{"0":0.775637034},"nu_0_22":{"0":0.675637034},"nu_0_23":{"0":0.775637034},"nu_0_24":{"0":0.875637034},"nu_0_25":{"0":0.975637034},"nu_0_26":{"0":1.075637034},"nu_0_27":{"0":1.175637034}}