{"calc_effective_T":{"0":70.0},"luminosity":{"0":0.04},"star_feh":{"0":0.1},"nu_0_9":{"0":0.2677146083},"nu_0_10":{"0":0.2477146083},"nu_0_11":{"0":0.2277146083},"nu_0_12":{"0":0.2077146083},"nu_0_13":{"0":0.1877146083},"nu_0_14":{"0":0.1677146083},"nu_0_15":{"0":0.1477146083},"nu_0_16":{"0":0.1277146083},"nu_0_17":{"0":0.1077146083},"nu_0_18":{"0":0.0877146083},"nu_0_19":{"0":0.1877146083},"nu_0_20":{"0":0.2877146083},"nu_0_21":{"0":0.3877146083},"nu_0_22":{"0":0.4877146083},"nu_0_23":{"0":0.5877146083},"nu_0_24":{"0":0.6877146083},"nu_0_25":{"0":0.7877146083},"nu_0_26":{"0":0.8877146083},"nu_0_27":{"0":0.9877146083}}