{"calc_effective_T":{"0":70.0},"luminosity":{"0":0.04},"star_feh":{"0":0.1},"nu_0_11":{"0":0.2031126275},"nu_0_12":{"0":0.1831126275},"nu_0_13":{"0":0.1631126275},"nu_0_14":{"0":0.1431126275},"nu_0_15":{"0":0.1231126275},"nu_0_16":{"0":0.1031126275},"nu_0_17":{"0":0.0831126275},"nu_0_18":{"0":0.1831126275},"nu_0_19":{"0":0.2831126275},"nu_0_20":{"0":0.3831126275},"nu_0_21":{"0":0.4831126275},"nu_0_22":{"0":0.5831126275},"nu_0_23":{"0":0.6831126275}}