{"calc_effective_T":{"0":70.0},"luminosity":{"0":0.04},"star_feh":{"0":0.1},"nu_0_11":{"0":0.3352731698},"nu_0_12":{"0":0.3152731698},"nu_0_13":{"0":0.2952731698},"nu_0_14":{"0":0.2752731698},"nu_0_15":{"0":0.2552731698},"nu_0_16":{"0":0.2352731698},"nu_0_17":{"0":0.2152731698},"nu_0_18":{"0":0.3152731698},"nu_0_19":{"0":0.4152731698},"nu_0_20":{"0":0.5152731698},"nu_0_21":{"0":0.6152731698},"nu_0_22":{"0":0.7152731698},"nu_0_23":{"0":0.8152731698}}