{"calc_effective_T":{"0":70.0},"luminosity":{"0":0.04},"star_feh":{"0":0.1},"nu_0_12":{"0":3.4262520688},"nu_0_13":{"0":2.9262520688},"nu_0_14":{"0":2.4262520688},"nu_0_15":{"0":1.9262520688},"nu_0_16":{"0":1.4262520688},"nu_0_17":{"0":0.9262520688},"nu_0_18":{"0":0.4262520688},"nu_0_19":{"0":0.9262520688},"nu_0_20":{"0":1.4262520688},"nu_0_21":{"0":1.9262520688},"nu_0_22":{"0":2.4262520688},"nu_0_23":{"0":2.9262520688},"nu_0_24":{"0":3.4262520688},"nu_0_25":{"0":3.9262520688}}