{"calc_effective_T":{"0":70.0},"luminosity":{"0":0.04},"star_feh":{"0":0.1},"nu_0_11":{"0":0.3915636467},"nu_0_12":{"0":0.3715636467},"nu_0_13":{"0":0.3515636467},"nu_0_14":{"0":0.3315636467},"nu_0_15":{"0":0.3115636467},"nu_0_16":{"0":0.2915636467},"nu_0_17":{"0":0.3915636467},"nu_0_18":{"0":0.4915636467},"nu_0_19":{"0":0.5915636467},"nu_0_20":{"0":0.6915636467},"nu_0_21":{"0":0.7915636467},"nu_0_22":{"0":0.8915636467}}