{"calc_effective_T":{"0":70.0},"luminosity":{"0":0.04},"star_feh":{"0":0.1},"nu_0_13":{"0":0.3750063617},"nu_0_14":{"0":0.3550063617},"nu_0_15":{"0":0.3350063617},"nu_0_16":{"0":0.3150063617},"nu_0_17":{"0":0.2950063617},"nu_0_18":{"0":0.2750063617},"nu_0_19":{"0":0.2550063617},"nu_0_20":{"0":0.2350063617},"nu_0_21":{"0":0.2150063617},"nu_0_22":{"0":0.3150063617},"nu_0_23":{"0":0.4150063617},"nu_0_24":{"0":0.5150063617},"nu_0_25":{"0":0.6150063617},"nu_0_26":{"0":0.7150063617},"nu_0_27":{"0":0.8150063617},"nu_0_28":{"0":0.9150063617},"nu_0_29":{"0":1.0150063617}}