{"calc_effective_T":{"0":70.0},"luminosity":{"0":0.04},"star_feh":{"0":0.1},"nu_0_16":{"0":0.2763385143},"nu_0_17":{"0":0.2563385143},"nu_0_18":{"0":0.2363385143},"nu_0_19":{"0":0.2163385143},"nu_0_20":{"0":0.1963385143},"nu_0_21":{"0":0.1763385143},"nu_0_22":{"0":0.2763385143},"nu_0_23":{"0":0.3763385143},"nu_0_24":{"0":0.4763385143},"nu_0_25":{"0":0.5763385143},"nu_0_26":{"0":0.6763385143},"nu_0_27":{"0":0.7763385143}}