{"calc_effective_T":{"0":70.0},"luminosity":{"0":0.04},"star_feh":{"0":0.1},"nu_0_18":{"0":0.4060036117},"nu_0_19":{"0":0.3860036117},"nu_0_20":{"0":0.3660036117},"nu_0_21":{"0":0.3460036117},"nu_0_22":{"0":0.3260036117},"nu_0_23":{"0":0.3060036117},"nu_0_24":{"0":0.2860036117},"nu_0_25":{"0":0.3860036117},"nu_0_26":{"0":0.4860036117},"nu_0_27":{"0":0.5860036117},"nu_0_28":{"0":0.6860036117},"nu_0_29":{"0":0.7860036117}}