{"calc_effective_T":{"0":70.0},"luminosity":{"0":0.04},"star_feh":{"0":0.1},"nu_0_10":{"0":1.2281176191},"nu_0_11":{"0":1.1281176191},"nu_0_12":{"0":1.0281176191},"nu_0_13":{"0":0.9281176191},"nu_0_14":{"0":0.8281176191},"nu_0_15":{"0":0.9281176191},"nu_0_16":{"0":1.0281176191},"nu_0_17":{"0":1.1281176191},"nu_0_18":{"0":1.2281176191}}