{"calc_effective_T":{"0":70.0},"luminosity":{"0":0.04},"star_feh":{"0":0.1},"nu_0_14":{"0":0.830577377},"nu_0_15":{"0":0.730577377},"nu_0_16":{"0":0.630577377},"nu_0_17":{"0":0.530577377},"nu_0_18":{"0":0.430577377},"nu_0_19":{"0":0.330577377},"nu_0_20":{"0":0.230577377},"nu_0_21":{"0":0.130577377},"nu_0_22":{"0":0.230577377},"nu_0_23":{"0":0.330577377},"nu_0_24":{"0":0.430577377},"nu_0_25":{"0":0.530577377},"nu_0_26":{"0":0.630577377},"nu_0_27":{"0":0.730577377}}