{"calc_effective_T":{"0":700.0},"luminosity":{"0":0.4},"star_feh":{"0":1.0},"nu_0_10":{"0":12.274487229},"nu_0_11":{"0":11.274487229},"nu_0_12":{"0":10.274487229},"nu_0_13":{"0":9.274487229},"nu_0_14":{"0":8.274487229},"nu_0_15":{"0":7.274487229},"nu_0_16":{"0":8.274487229},"nu_0_17":{"0":9.274487229},"nu_0_18":{"0":10.274487229},"nu_0_19":{"0":11.274487229},"nu_0_20":{"0":12.274487229}}