{"calc_effective_T":{"0":70.0},"luminosity":{"0":0.04},"star_feh":{"0":0.1},"nu_0_15":{"0":1.529239291},"nu_0_16":{"0":1.429239291},"nu_0_17":{"0":1.329239291},"nu_0_18":{"0":1.229239291},"nu_0_19":{"0":1.129239291},"nu_0_20":{"0":1.029239291},"nu_0_21":{"0":0.929239291},"nu_0_22":{"0":0.829239291},"nu_0_23":{"0":0.929239291},"nu_0_24":{"0":1.029239291},"nu_0_25":{"0":1.129239291},"nu_0_26":{"0":1.229239291},"nu_0_27":{"0":1.329239291},"nu_0_28":{"0":1.429239291},"nu_0_29":{"0":1.529239291},"nu_0_30":{"0":1.629239291}}