{"calc_effective_T":{"0":70.0},"luminosity":{"0":0.04},"star_feh":{"0":0.1},"nu_0_13":{"0":1.2408001555},"nu_0_14":{"0":1.1408001555},"nu_0_15":{"0":1.0408001555},"nu_0_16":{"0":0.9408001555},"nu_0_17":{"0":0.8408001555},"nu_0_18":{"0":0.7408001555},"nu_0_19":{"0":0.8408001555},"nu_0_20":{"0":0.9408001555},"nu_0_21":{"0":1.0408001555},"nu_0_22":{"0":1.1408001555},"nu_0_23":{"0":1.2408001555},"nu_0_24":{"0":1.3408001555}}