{"calc_effective_T":{"0":70.0},"luminosity":{"0":0.04},"star_feh":{"0":0.1},"nu_0_6":{"0":0.3512796127},"nu_0_7":{"0":0.3312796127},"nu_0_8":{"0":0.3112796127},"nu_0_9":{"0":0.2912796127},"nu_0_10":{"0":0.2712796127},"nu_0_11":{"0":0.2512796127},"nu_0_12":{"0":0.2312796127},"nu_0_13":{"0":0.2112796127},"nu_0_14":{"0":0.1912796127},"nu_0_15":{"0":0.1712796127},"nu_0_16":{"0":0.2712796127},"nu_0_17":{"0":0.3712796127},"nu_0_18":{"0":0.4712796127},"nu_0_19":{"0":0.5712796127},"nu_0_20":{"0":0.6712796127},"nu_0_21":{"0":0.7712796127},"nu_0_22":{"0":0.8712796127},"nu_0_23":{"0":0.9712796127},"nu_0_24":{"0":1.0712796127},"nu_0_25":{"0":1.1712796127}}