{"calc_effective_T":{"0":70.0},"luminosity":{"0":0.04},"star_feh":{"0":0.1},"nu_0_14":{"0":0.1904747972},"nu_0_15":{"0":0.1704747972},"nu_0_16":{"0":0.1504747972},"nu_0_17":{"0":0.1304747972},"nu_0_18":{"0":0.1104747972},"nu_0_19":{"0":0.0904747972},"nu_0_20":{"0":0.1904747972},"nu_0_21":{"0":0.2904747972},"nu_0_22":{"0":0.3904747972},"nu_0_23":{"0":0.4904747972},"nu_0_24":{"0":0.5904747972}}