{"calc_effective_T":{"0":70.0},"luminosity":{"0":0.04},"star_feh":{"0":0.1},"nu_0_19":{"0":0.1445600936},"nu_0_20":{"0":0.1245600936},"nu_0_21":{"0":0.1045600936},"nu_0_22":{"0":0.0845600936},"nu_0_23":{"0":0.0645600936},"nu_0_24":{"0":0.1645600936},"nu_0_25":{"0":0.2645600936},"nu_0_26":{"0":0.3645600936},"nu_0_27":{"0":0.4645600936}}