{"calc_effective_T":{"0":70.0},"luminosity":{"0":0.04},"star_feh":{"0":0.1},"nu_0_12":{"0":0.3798550369},"nu_0_13":{"0":0.3298550369},"nu_0_14":{"0":0.2798550369},"nu_0_15":{"0":0.2298550369},"nu_0_16":{"0":0.1798550369},"nu_0_17":{"0":0.1298550369},"nu_0_18":{"0":0.2298550369},"nu_0_19":{"0":0.3298550369},"nu_0_20":{"0":0.4298550369},"nu_0_21":{"0":0.5298550369},"nu_0_22":{"0":0.6298550369}}