{"calc_effective_T":{"0":70.0},"luminosity":{"0":0.04},"star_feh":{"0":0.1},"nu_0_10":{"0":3.2010570731},"nu_0_11":{"0":2.7010570731},"nu_0_12":{"0":2.2010570731},"nu_0_13":{"0":1.7010570731},"nu_0_14":{"0":1.2010570731},"nu_0_15":{"0":0.7010570731},"nu_0_16":{"0":0.2010570731},"nu_0_17":{"0":0.7010570731},"nu_0_18":{"0":1.2010570731},"nu_0_19":{"0":1.7010570731},"nu_0_20":{"0":2.2010570731},"nu_0_21":{"0":2.7010570731},"nu_0_22":{"0":3.2010570731},"nu_0_23":{"0":3.7010570731}}