{"calc_effective_T":{"0":700.0},"luminosity":{"0":0.4},"star_feh":{"0":1.0},"nu_0_12":{"0":9.65194631},"nu_0_13":{"0":8.65194631},"nu_0_14":{"0":7.65194631},"nu_0_15":{"0":6.65194631},"nu_0_16":{"0":5.65194631},"nu_0_17":{"0":4.65194631},"nu_0_18":{"0":5.65194631},"nu_0_19":{"0":6.65194631},"nu_0_20":{"0":7.65194631},"nu_0_21":{"0":8.65194631},"nu_0_22":{"0":9.65194631}}