{"calc_effective_T":{"0":70.0},"luminosity":{"0":0.04},"star_feh":{"0":0.1},"nu_0_14":{"0":1.1162187025},"nu_0_15":{"0":1.0162187025},"nu_0_16":{"0":0.9162187025},"nu_0_17":{"0":0.8162187025},"nu_0_18":{"0":0.7162187025},"nu_0_19":{"0":0.6162187025},"nu_0_20":{"0":0.5162187025},"nu_0_21":{"0":0.6162187025},"nu_0_22":{"0":0.7162187025},"nu_0_23":{"0":0.8162187025},"nu_0_24":{"0":0.9162187025},"nu_0_25":{"0":1.0162187025}}