{"calc_effective_T":{"0":70.0},"luminosity":{"0":0.04},"star_feh":{"0":0.1},"nu_0_10":{"0":0.4019566389},"nu_0_11":{"0":0.3819566389},"nu_0_12":{"0":0.3619566389},"nu_0_13":{"0":0.3419566389},"nu_0_14":{"0":0.3219566389},"nu_0_15":{"0":0.3019566389},"nu_0_16":{"0":0.2819566389},"nu_0_17":{"0":0.3819566389},"nu_0_18":{"0":0.4819566389},"nu_0_19":{"0":0.5819566389},"nu_0_20":{"0":0.6819566389},"nu_0_21":{"0":0.7819566389},"nu_0_22":{"0":0.8819566389}}