{"calc_effective_T":{"0":70.0},"luminosity":{"0":0.04},"star_feh":{"0":0.1},"nu_0_14":{"0":1.348936596},"nu_0_15":{"0":1.248936596},"nu_0_16":{"0":1.148936596},"nu_0_17":{"0":1.048936596},"nu_0_18":{"0":0.948936596},"nu_0_19":{"0":0.848936596},"nu_0_20":{"0":0.748936596},"nu_0_21":{"0":0.648936596},"nu_0_22":{"0":0.748936596},"nu_0_23":{"0":0.848936596},"nu_0_24":{"0":0.948936596},"nu_0_25":{"0":1.048936596},"nu_0_26":{"0":1.148936596},"nu_0_27":{"0":1.248936596},"nu_0_28":{"0":1.348936596},"nu_0_29":{"0":1.448936596}}