{"calc_effective_T":{"0":70.0},"luminosity":{"0":0.04},"star_feh":{"0":0.1},"nu_0_14":{"0":1.039963784},"nu_0_15":{"0":0.939963784},"nu_0_16":{"0":0.839963784},"nu_0_17":{"0":0.739963784},"nu_0_18":{"0":0.639963784},"nu_0_19":{"0":0.539963784},"nu_0_20":{"0":0.439963784},"nu_0_21":{"0":0.339963784},"nu_0_22":{"0":0.239963784},"nu_0_23":{"0":0.339963784},"nu_0_24":{"0":0.439963784},"nu_0_25":{"0":0.539963784},"nu_0_26":{"0":0.639963784},"nu_0_27":{"0":0.739963784},"nu_0_28":{"0":0.839963784},"nu_0_29":{"0":0.939963784}}