{"calc_effective_T":{"0":70.0},"luminosity":{"0":0.04},"star_feh":{"0":0.1},"nu_0_17":{"0":1.2675163149},"nu_0_18":{"0":1.1675163149},"nu_0_19":{"0":1.0675163149},"nu_0_20":{"0":0.9675163149},"nu_0_21":{"0":0.8675163149},"nu_0_22":{"0":0.9675163149},"nu_0_23":{"0":1.0675163149},"nu_0_24":{"0":1.1675163149},"nu_0_25":{"0":1.2675163149},"nu_0_26":{"0":1.3675163149}}