{"calc_effective_T":{"0":70.0},"luminosity":{"0":0.04},"star_feh":{"0":0.1},"nu_0_17":{"0":0.3190228482},"nu_0_18":{"0":0.2990228482},"nu_0_19":{"0":0.2790228482},"nu_0_20":{"0":0.2590228482},"nu_0_21":{"0":0.2390228482},"nu_0_22":{"0":0.3390228482},"nu_0_23":{"0":0.4390228482},"nu_0_24":{"0":0.5390228482},"nu_0_25":{"0":0.6390228482}}