{"calc_effective_T":{"0":70.0},"luminosity":{"0":0.04},"star_feh":{"0":0.1},"nu_0_15":{"0":1.6777943043},"nu_0_16":{"0":1.5777943043},"nu_0_17":{"0":1.4777943043},"nu_0_18":{"0":1.3777943043},"nu_0_19":{"0":1.2777943043},"nu_0_20":{"0":1.1777943043},"nu_0_21":{"0":1.0777943043},"nu_0_22":{"0":0.9777943043},"nu_0_23":{"0":1.0777943043},"nu_0_24":{"0":1.1777943043},"nu_0_25":{"0":1.2777943043},"nu_0_26":{"0":1.3777943043},"nu_0_27":{"0":1.4777943043},"nu_0_28":{"0":1.5777943043},"nu_0_29":{"0":1.6777943043}}