{"calc_effective_T":{"0":70.0},"luminosity":{"0":0.04},"star_feh":{"0":0.1},"nu_0_17":{"0":1.3976052515},"nu_0_18":{"0":1.2976052515},"nu_0_19":{"0":1.1976052515},"nu_0_20":{"0":1.0976052515},"nu_0_21":{"0":0.9976052515},"nu_0_22":{"0":0.8976052515},"nu_0_23":{"0":0.9976052515},"nu_0_24":{"0":1.0976052515},"nu_0_25":{"0":1.1976052515},"nu_0_26":{"0":1.2976052515},"nu_0_27":{"0":1.3976052515}}