{"calc_effective_T":{"0":70.0},"luminosity":{"0":0.04},"star_feh":{"0":0.1},"nu_0_18":{"0":1.4461886859},"nu_0_19":{"0":1.3461886859},"nu_0_20":{"0":1.2461886859},"nu_0_21":{"0":1.1461886859},"nu_0_22":{"0":1.0461886859},"nu_0_23":{"0":0.9461886859},"nu_0_24":{"0":1.0461886859},"nu_0_25":{"0":1.1461886859},"nu_0_26":{"0":1.2461886859},"nu_0_27":{"0":1.3461886859},"nu_0_28":{"0":1.4461886859}}