{"calc_effective_T":{"0":70.0},"luminosity":{"0":0.04},"star_feh":{"0":0.1},"nu_0_19":{"0":0.1601125451},"nu_0_20":{"0":0.1401125451},"nu_0_21":{"0":0.1201125451},"nu_0_22":{"0":0.1001125451},"nu_0_23":{"0":0.0801125451},"nu_0_24":{"0":0.1801125451},"nu_0_25":{"0":0.2801125451},"nu_0_26":{"0":0.3801125451},"nu_0_27":{"0":0.4801125451}}