{"calc_effective_T":{"0":700.0},"luminosity":{"0":0.4},"star_feh":{"0":1.0},"nu_0_16":{"0":13.2328732536},"nu_0_17":{"0":12.2328732536},"nu_0_18":{"0":11.2328732536},"nu_0_19":{"0":10.2328732536},"nu_0_20":{"0":9.2328732536},"nu_0_21":{"0":8.2328732536},"nu_0_22":{"0":9.2328732536},"nu_0_23":{"0":10.2328732536},"nu_0_24":{"0":11.2328732536},"nu_0_25":{"0":12.2328732536},"nu_0_26":{"0":13.2328732536}}