{"calc_effective_T":{"0":70.0},"luminosity":{"0":0.04},"star_feh":{"0":0.1},"nu_0_14":{"0":0.7035557787},"nu_0_15":{"0":0.6535557787},"nu_0_16":{"0":0.6035557787},"nu_0_17":{"0":0.5535557787},"nu_0_18":{"0":0.5035557787},"nu_0_19":{"0":0.4535557787},"nu_0_20":{"0":0.4035557787},"nu_0_21":{"0":0.5035557787},"nu_0_22":{"0":0.6035557787},"nu_0_23":{"0":0.7035557787},"nu_0_24":{"0":0.8035557787},"nu_0_25":{"0":0.9035557787},"nu_0_26":{"0":1.0035557787}}