{"calc_effective_T":{"0":70.0},"luminosity":{"0":0.04},"star_feh":{"0":0.1},"nu_0_11":{"0":0.4309756068},"nu_0_12":{"0":0.4109756068},"nu_0_13":{"0":0.3909756068},"nu_0_14":{"0":0.3709756068},"nu_0_15":{"0":0.3509756068},"nu_0_16":{"0":0.3309756068},"nu_0_17":{"0":0.3109756068},"nu_0_18":{"0":0.2909756068},"nu_0_19":{"0":0.2709756068},"nu_0_20":{"0":0.2509756068},"nu_0_21":{"0":0.2309756068},"nu_0_22":{"0":0.3309756068},"nu_0_23":{"0":0.4309756068},"nu_0_24":{"0":0.5309756068},"nu_0_25":{"0":0.6309756068},"nu_0_26":{"0":0.7309756068},"nu_0_27":{"0":0.8309756068},"nu_0_28":{"0":0.9309756068},"nu_0_29":{"0":1.0309756068},"nu_0_30":{"0":1.1309756068}}