{"calc_effective_T":{"0":70.0},"luminosity":{"0":0.04},"star_feh":{"0":0.1},"nu_0_12":{"0":0.4093412242},"nu_0_13":{"0":0.3893412242},"nu_0_14":{"0":0.3693412242},"nu_0_15":{"0":0.3493412242},"nu_0_16":{"0":0.3293412242},"nu_0_17":{"0":0.3093412242},"nu_0_18":{"0":0.2893412242},"nu_0_19":{"0":0.2693412242},"nu_0_20":{"0":0.2493412242},"nu_0_21":{"0":0.3493412242},"nu_0_22":{"0":0.4493412242},"nu_0_23":{"0":0.5493412242},"nu_0_24":{"0":0.6493412242},"nu_0_25":{"0":0.7493412242},"nu_0_26":{"0":0.8493412242},"nu_0_27":{"0":0.9493412242},"nu_0_28":{"0":1.0493412242},"nu_0_29":{"0":1.1493412242}}