{"calc_effective_T":{"0":70.0},"luminosity":{"0":0.04},"star_feh":{"0":0.1},"nu_0_12":{"0":0.629676231},"nu_0_13":{"0":0.579676231},"nu_0_14":{"0":0.529676231},"nu_0_15":{"0":0.479676231},"nu_0_16":{"0":0.429676231},"nu_0_17":{"0":0.379676231},"nu_0_18":{"0":0.329676231},"nu_0_19":{"0":0.279676231},"nu_0_20":{"0":0.379676231},"nu_0_21":{"0":0.479676231},"nu_0_22":{"0":0.579676231},"nu_0_23":{"0":0.679676231},"nu_0_24":{"0":0.779676231},"nu_0_25":{"0":0.879676231},"nu_0_26":{"0":0.979676231},"nu_0_27":{"0":1.079676231}}