{"calc_effective_T":{"0":70.0},"luminosity":{"0":0.04},"star_feh":{"0":0.1},"nu_0_7":{"0":0.3317131788},"nu_0_8":{"0":0.3117131788},"nu_0_9":{"0":0.2917131788},"nu_0_10":{"0":0.2717131788},"nu_0_11":{"0":0.2517131788},"nu_0_12":{"0":0.2317131788},"nu_0_13":{"0":0.2117131788},"nu_0_14":{"0":0.1917131788},"nu_0_15":{"0":0.1717131788},"nu_0_16":{"0":0.2717131788},"nu_0_17":{"0":0.3717131788},"nu_0_18":{"0":0.4717131788},"nu_0_19":{"0":0.5717131788},"nu_0_20":{"0":0.6717131788},"nu_0_21":{"0":0.7717131788},"nu_0_22":{"0":0.8717131788}}