{"calc_effective_T":{"0":70.0},"luminosity":{"0":0.04},"star_feh":{"0":0.1},"nu_0_9":{"0":1.632401887},"nu_0_10":{"0":1.532401887},"nu_0_11":{"0":1.432401887},"nu_0_12":{"0":1.332401887},"nu_0_13":{"0":1.232401887},"nu_0_14":{"0":1.132401887},"nu_0_15":{"0":1.032401887},"nu_0_16":{"0":0.932401887},"nu_0_17":{"0":1.032401887},"nu_0_18":{"0":1.132401887},"nu_0_19":{"0":1.232401887},"nu_0_20":{"0":1.332401887},"nu_0_21":{"0":1.432401887},"nu_0_22":{"0":1.532401887},"nu_0_23":{"0":1.632401887}}