{"calc_effective_T":{"0":70.0},"luminosity":{"0":0.04},"star_feh":{"0":0.1},"nu_0_14":{"0":1.0019121312},"nu_0_15":{"0":0.9019121312},"nu_0_16":{"0":0.8019121312},"nu_0_17":{"0":0.7019121312},"nu_0_18":{"0":0.6019121312},"nu_0_19":{"0":0.7019121312},"nu_0_20":{"0":0.8019121312},"nu_0_21":{"0":0.9019121312},"nu_0_22":{"0":1.0019121312}}