{"calc_effective_T":{"0":70.0},"luminosity":{"0":0.04},"star_feh":{"0":0.1},"nu_0_17":{"0":0.346629394},"nu_0_18":{"0":0.326629394},"nu_0_19":{"0":0.306629394},"nu_0_20":{"0":0.286629394},"nu_0_21":{"0":0.266629394},"nu_0_22":{"0":0.366629394},"nu_0_23":{"0":0.466629394},"nu_0_24":{"0":0.566629394},"nu_0_25":{"0":0.666629394},"nu_0_26":{"0":0.766629394}}