{"calc_effective_T":{"0":70.0},"luminosity":{"0":0.04},"star_feh":{"0":0.1},"nu_0_12":{"0":0.8353957019},"nu_0_13":{"0":0.7853957019},"nu_0_14":{"0":0.7353957019},"nu_0_15":{"0":0.6853957019},"nu_0_16":{"0":0.6353957019},"nu_0_17":{"0":0.5853957019},"nu_0_18":{"0":0.5353957019},"nu_0_19":{"0":0.4853957019},"nu_0_20":{"0":0.5853957019},"nu_0_21":{"0":0.6853957019},"nu_0_22":{"0":0.7853957019},"nu_0_23":{"0":0.8853957019},"nu_0_24":{"0":0.9853957019},"nu_0_25":{"0":1.0853957019}}