{"calc_effective_T":{"0":70.0},"luminosity":{"0":0.04},"star_feh":{"0":0.1},"nu_0_12":{"0":0.388238491},"nu_0_13":{"0":0.368238491},"nu_0_14":{"0":0.348238491},"nu_0_15":{"0":0.328238491},"nu_0_16":{"0":0.308238491},"nu_0_17":{"0":0.288238491},"nu_0_18":{"0":0.268238491},"nu_0_19":{"0":0.248238491},"nu_0_20":{"0":0.228238491},"nu_0_21":{"0":0.328238491},"nu_0_22":{"0":0.428238491},"nu_0_23":{"0":0.528238491},"nu_0_24":{"0":0.628238491},"nu_0_25":{"0":0.728238491},"nu_0_26":{"0":0.828238491},"nu_0_27":{"0":0.928238491}}