{"calc_effective_T":{"0":0.000000001},"luminosity":{"0":0.000000001},"star_feh":{"0":0.000000001},"nu_0_9":{"0":0.0000000015},"nu_0_10":{"0":0.0000000014},"nu_0_11":{"0":0.0000000013},"nu_0_12":{"0":0.0000000012},"nu_0_13":{"0":0.0000000011},"nu_0_14":{"0":0.000000001},"nu_0_15":{"0":0.0000000011},"nu_0_16":{"0":0.0000000012},"nu_0_17":{"0":0.0000000013},"nu_0_18":{"0":0.0000000014},"nu_0_19":{"0":0.0000000015}}