{"calc_effective_T":{"0":70.0},"luminosity":{"0":0.04},"star_feh":{"0":0.1},"nu_0_10":{"0":0.2732663323},"nu_0_11":{"0":0.2532663323},"nu_0_12":{"0":0.2332663323},"nu_0_13":{"0":0.2132663323},"nu_0_14":{"0":0.1932663323},"nu_0_15":{"0":0.1732663323},"nu_0_16":{"0":0.1532663323},"nu_0_17":{"0":0.1332663323},"nu_0_18":{"0":0.2332663323},"nu_0_19":{"0":0.3332663323},"nu_0_20":{"0":0.4332663323},"nu_0_21":{"0":0.5332663323},"nu_0_22":{"0":0.6332663323},"nu_0_23":{"0":0.7332663323},"nu_0_24":{"0":0.8332663323},"nu_0_25":{"0":0.9332663323}}