{"calc_effective_T":{"0":70.0},"luminosity":{"0":0.04},"star_feh":{"0":0.1},"nu_0_17":{"0":1.5588431888},"nu_0_18":{"0":1.4588431888},"nu_0_19":{"0":1.3588431888},"nu_0_20":{"0":1.2588431888},"nu_0_21":{"0":1.1588431888},"nu_0_22":{"0":1.0588431888},"nu_0_23":{"0":0.9588431888},"nu_0_24":{"0":1.0588431888},"nu_0_25":{"0":1.1588431888},"nu_0_26":{"0":1.2588431888},"nu_0_27":{"0":1.3588431888},"nu_0_28":{"0":1.4588431888},"nu_0_29":{"0":1.5588431888}}