{"calc_effective_T":{"0":70.0},"luminosity":{"0":0.04},"star_feh":{"0":0.1},"nu_0_15":{"0":0.87889574},"nu_0_16":{"0":0.77889574},"nu_0_17":{"0":0.67889574},"nu_0_18":{"0":0.57889574},"nu_0_19":{"0":0.47889574},"nu_0_20":{"0":0.37889574},"nu_0_21":{"0":0.27889574},"nu_0_22":{"0":0.37889574},"nu_0_23":{"0":0.47889574},"nu_0_24":{"0":0.57889574},"nu_0_25":{"0":0.67889574},"nu_0_26":{"0":0.77889574},"nu_0_27":{"0":0.87889574}}