{"calc_effective_T":{"0":70.0},"luminosity":{"0":0.04},"star_feh":{"0":0.1},"nu_0_17":{"0":1.020841477},"nu_0_18":{"0":0.920841477},"nu_0_19":{"0":0.820841477},"nu_0_20":{"0":0.720841477},"nu_0_21":{"0":0.620841477},"nu_0_22":{"0":0.520841477},"nu_0_23":{"0":0.420841477},"nu_0_24":{"0":0.520841477},"nu_0_25":{"0":0.620841477},"nu_0_26":{"0":0.720841477},"nu_0_27":{"0":0.820841477},"nu_0_28":{"0":0.920841477},"nu_0_29":{"0":1.020841477},"nu_0_30":{"0":1.120841477}}