{"calc_effective_T":{"0":70.0},"luminosity":{"0":0.04},"star_feh":{"0":0.1},"nu_0_10":{"0":0.288742757},"nu_0_11":{"0":0.268742757},"nu_0_12":{"0":0.248742757},"nu_0_13":{"0":0.228742757},"nu_0_14":{"0":0.208742757},"nu_0_15":{"0":0.188742757},"nu_0_16":{"0":0.168742757},"nu_0_17":{"0":0.148742757},"nu_0_18":{"0":0.248742757},"nu_0_19":{"0":0.348742757},"nu_0_20":{"0":0.448742757},"nu_0_21":{"0":0.548742757},"nu_0_22":{"0":0.648742757},"nu_0_23":{"0":0.748742757},"nu_0_24":{"0":0.848742757}}