{"calc_effective_T":{"0":70.0},"luminosity":{"0":0.04},"star_feh":{"0":0.1},"nu_0_14":{"0":1.339946082},"nu_0_15":{"0":1.239946082},"nu_0_16":{"0":1.139946082},"nu_0_17":{"0":1.039946082},"nu_0_18":{"0":0.939946082},"nu_0_19":{"0":0.839946082},"nu_0_20":{"0":0.939946082},"nu_0_21":{"0":1.039946082},"nu_0_22":{"0":1.139946082},"nu_0_23":{"0":1.239946082}}