{"calc_effective_T":{"0":70.0},"luminosity":{"0":0.04},"star_feh":{"0":0.1},"nu_0_13":{"0":0.95168218},"nu_0_14":{"0":0.85168218},"nu_0_15":{"0":0.75168218},"nu_0_16":{"0":0.65168218},"nu_0_17":{"0":0.55168218},"nu_0_18":{"0":0.45168218},"nu_0_19":{"0":0.55168218},"nu_0_20":{"0":0.65168218},"nu_0_21":{"0":0.75168218},"nu_0_22":{"0":0.85168218},"nu_0_23":{"0":0.95168218}}