{"calc_effective_T":{"0":70.0},"luminosity":{"0":0.04},"star_feh":{"0":0.1},"nu_0_12":{"0":0.949437443},"nu_0_13":{"0":0.849437443},"nu_0_14":{"0":0.749437443},"nu_0_15":{"0":0.649437443},"nu_0_16":{"0":0.549437443},"nu_0_17":{"0":0.449437443},"nu_0_18":{"0":0.349437443},"nu_0_19":{"0":0.449437443},"nu_0_20":{"0":0.549437443},"nu_0_21":{"0":0.649437443},"nu_0_22":{"0":0.749437443},"nu_0_23":{"0":0.849437443},"nu_0_24":{"0":0.949437443}}