{"calc_effective_T":{"0":70.0},"luminosity":{"0":0.04},"star_feh":{"0":0.1},"nu_0_9":{"0":0.3508954348},"nu_0_10":{"0":0.3308954348},"nu_0_11":{"0":0.3108954348},"nu_0_12":{"0":0.2908954348},"nu_0_13":{"0":0.2708954348},"nu_0_14":{"0":0.2508954348},"nu_0_15":{"0":0.2308954348},"nu_0_16":{"0":0.3308954348},"nu_0_17":{"0":0.4308954348},"nu_0_18":{"0":0.5308954348},"nu_0_19":{"0":0.6308954348},"nu_0_20":{"0":0.7308954348}}