{"calc_effective_T":{"0":70.0},"luminosity":{"0":0.04},"star_feh":{"0":0.1},"nu_0_17":{"0":0.59207671},"nu_0_18":{"0":0.49207671},"nu_0_19":{"0":0.39207671},"nu_0_20":{"0":0.29207671},"nu_0_21":{"0":0.19207671},"nu_0_22":{"0":0.29207671},"nu_0_23":{"0":0.39207671},"nu_0_24":{"0":0.49207671},"nu_0_25":{"0":0.59207671}}