{"calc_effective_T":{"0":70.0},"luminosity":{"0":0.04},"star_feh":{"0":0.1},"nu_0_8":{"0":0.3520860531},"nu_0_9":{"0":0.3320860531},"nu_0_10":{"0":0.3120860531},"nu_0_11":{"0":0.2920860531},"nu_0_12":{"0":0.2720860531},"nu_0_13":{"0":0.2520860531},"nu_0_14":{"0":0.2320860531},"nu_0_15":{"0":0.2120860531},"nu_0_16":{"0":0.1920860531},"nu_0_17":{"0":0.2920860531},"nu_0_18":{"0":0.3920860531},"nu_0_19":{"0":0.4920860531},"nu_0_20":{"0":0.5920860531},"nu_0_21":{"0":0.6920860531},"nu_0_22":{"0":0.7920860531},"nu_0_23":{"0":0.8920860531},"nu_0_24":{"0":0.9920860531}}