{"calc_effective_T":{"0":70.0},"luminosity":{"0":0.04},"star_feh":{"0":0.1},"nu_0_8":{"0":0.2401312596},"nu_0_9":{"0":0.2201312596},"nu_0_10":{"0":0.2001312596},"nu_0_11":{"0":0.1801312596},"nu_0_12":{"0":0.1601312596},"nu_0_13":{"0":0.1401312596},"nu_0_14":{"0":0.1201312596},"nu_0_15":{"0":0.1001312596},"nu_0_16":{"0":0.0801312596},"nu_0_17":{"0":0.1801312596},"nu_0_18":{"0":0.2801312596},"nu_0_19":{"0":0.3801312596},"nu_0_20":{"0":0.4801312596},"nu_0_21":{"0":0.5801312596},"nu_0_22":{"0":0.6801312596},"nu_0_23":{"0":0.7801312596},"nu_0_24":{"0":0.8801312596},"nu_0_25":{"0":0.9801312596}}