{"calc_effective_T":{"0":70.0},"luminosity":{"0":0.04},"star_feh":{"0":0.1},"nu_0_10":{"0":0.3530434002},"nu_0_11":{"0":0.3330434002},"nu_0_12":{"0":0.3130434002},"nu_0_13":{"0":0.2930434002},"nu_0_14":{"0":0.2730434002},"nu_0_15":{"0":0.2530434002},"nu_0_16":{"0":0.2330434002},"nu_0_17":{"0":0.2130434002},"nu_0_18":{"0":0.1930434002},"nu_0_19":{"0":0.1730434002},"nu_0_20":{"0":0.2730434002},"nu_0_21":{"0":0.3730434002},"nu_0_22":{"0":0.4730434002},"nu_0_23":{"0":0.5730434002},"nu_0_24":{"0":0.6730434002},"nu_0_25":{"0":0.7730434002},"nu_0_26":{"0":0.8730434002},"nu_0_27":{"0":0.9730434002},"nu_0_28":{"0":1.0730434002}}