{"calc_effective_T":{"0":70.0},"luminosity":{"0":0.04},"star_feh":{"0":0.1},"nu_0_14":{"0":0.365970476},"nu_0_15":{"0":0.345970476},"nu_0_16":{"0":0.325970476},"nu_0_17":{"0":0.305970476},"nu_0_18":{"0":0.285970476},"nu_0_19":{"0":0.265970476},"nu_0_20":{"0":0.245970476},"nu_0_21":{"0":0.225970476},"nu_0_22":{"0":0.205970476},"nu_0_23":{"0":0.305970476},"nu_0_24":{"0":0.405970476},"nu_0_25":{"0":0.505970476},"nu_0_26":{"0":0.605970476},"nu_0_27":{"0":0.705970476},"nu_0_28":{"0":0.805970476},"nu_0_29":{"0":0.905970476},"nu_0_30":{"0":1.005970476},"nu_0_31":{"0":1.105970476}}