{"calc_effective_T":{"0":70.0},"luminosity":{"0":0.04},"star_feh":{"0":0.1},"nu_0_11":{"0":0.226262189},"nu_0_12":{"0":0.206262189},"nu_0_13":{"0":0.186262189},"nu_0_14":{"0":0.166262189},"nu_0_15":{"0":0.146262189},"nu_0_16":{"0":0.126262189},"nu_0_17":{"0":0.106262189},"nu_0_18":{"0":0.206262189},"nu_0_19":{"0":0.306262189},"nu_0_20":{"0":0.406262189},"nu_0_21":{"0":0.506262189},"nu_0_22":{"0":0.606262189}}