{"calc_effective_T":{"0":70.0},"luminosity":{"0":0.04},"star_feh":{"0":0.1},"nu_0_10":{"0":0.9555680351},"nu_0_11":{"0":0.8555680351},"nu_0_12":{"0":0.7555680351},"nu_0_13":{"0":0.6555680351},"nu_0_14":{"0":0.5555680351},"nu_0_15":{"0":0.4555680351},"nu_0_16":{"0":0.3555680351},"nu_0_17":{"0":0.2555680351},"nu_0_18":{"0":0.3555680351},"nu_0_19":{"0":0.4555680351},"nu_0_20":{"0":0.5555680351},"nu_0_21":{"0":0.6555680351},"nu_0_22":{"0":0.7555680351},"nu_0_23":{"0":0.8555680351},"nu_0_24":{"0":0.9555680351},"nu_0_25":{"0":1.0555680351}}