{"calc_effective_T":{"0":70.0},"luminosity":{"0":0.04},"star_feh":{"0":0.1},"nu_0_8":{"0":1.5835678753},"nu_0_9":{"0":1.4835678753},"nu_0_10":{"0":1.3835678753},"nu_0_11":{"0":1.2835678753},"nu_0_12":{"0":1.1835678753},"nu_0_13":{"0":1.0835678753},"nu_0_14":{"0":0.9835678753},"nu_0_15":{"0":0.8835678753},"nu_0_16":{"0":0.9835678753},"nu_0_17":{"0":1.0835678753},"nu_0_18":{"0":1.1835678753},"nu_0_19":{"0":1.2835678753},"nu_0_20":{"0":1.3835678753},"nu_0_21":{"0":1.4835678753}}