{"calc_effective_T":{"0":70.0},"luminosity":{"0":0.04},"star_feh":{"0":0.1},"nu_0_11":{"0":0.3176346228},"nu_0_12":{"0":0.2976346228},"nu_0_13":{"0":0.2776346228},"nu_0_14":{"0":0.2576346228},"nu_0_15":{"0":0.2376346228},"nu_0_16":{"0":0.2176346228},"nu_0_17":{"0":0.1976346228},"nu_0_18":{"0":0.1776346228},"nu_0_19":{"0":0.1576346228},"nu_0_20":{"0":0.1376346228},"nu_0_21":{"0":0.1176346228},"nu_0_22":{"0":0.2176346228},"nu_0_23":{"0":0.3176346228},"nu_0_24":{"0":0.4176346228},"nu_0_25":{"0":0.5176346228},"nu_0_26":{"0":0.6176346228},"nu_0_27":{"0":0.7176346228},"nu_0_28":{"0":0.8176346228},"nu_0_29":{"0":0.9176346228},"nu_0_30":{"0":1.0176346228}}