{"calc_effective_T":{"0":70.0},"luminosity":{"0":0.04},"star_feh":{"0":0.1},"nu_0_17":{"0":0.914208454},"nu_0_18":{"0":0.814208454},"nu_0_19":{"0":0.714208454},"nu_0_20":{"0":0.614208454},"nu_0_21":{"0":0.514208454},"nu_0_22":{"0":0.614208454},"nu_0_23":{"0":0.714208454},"nu_0_24":{"0":0.814208454},"nu_0_25":{"0":0.914208454}}