{"calc_effective_T":{"0":70.0},"luminosity":{"0":0.04},"star_feh":{"0":0.1},"nu_0_17":{"0":0.2628948582},"nu_0_18":{"0":0.2428948582},"nu_0_19":{"0":0.2228948582},"nu_0_20":{"0":0.2028948582},"nu_0_21":{"0":0.1828948582},"nu_0_22":{"0":0.1628948582},"nu_0_23":{"0":0.2628948582},"nu_0_24":{"0":0.3628948582},"nu_0_25":{"0":0.4628948582},"nu_0_26":{"0":0.5628948582},"nu_0_27":{"0":0.6628948582}}