{"calc_effective_T":{"0":70.0},"luminosity":{"0":0.04},"star_feh":{"0":0.1},"nu_0_15":{"0":1.2295353421},"nu_0_16":{"0":1.1295353421},"nu_0_17":{"0":1.0295353421},"nu_0_18":{"0":0.9295353421},"nu_0_19":{"0":0.8295353421},"nu_0_20":{"0":0.7295353421},"nu_0_21":{"0":0.6295353421},"nu_0_22":{"0":0.7295353421},"nu_0_23":{"0":0.8295353421},"nu_0_24":{"0":0.9295353421},"nu_0_25":{"0":1.0295353421},"nu_0_26":{"0":1.1295353421},"nu_0_27":{"0":1.2295353421},"nu_0_28":{"0":1.3295353421}}