{"calc_effective_T":{"0":700.0},"luminosity":{"0":0.4},"star_feh":{"0":1.0},"nu_0_14":{"0":8.7102128738},"nu_0_15":{"0":7.7102128738},"nu_0_16":{"0":6.7102128738},"nu_0_17":{"0":5.7102128738},"nu_0_18":{"0":4.7102128738},"nu_0_19":{"0":3.7102128738},"nu_0_20":{"0":4.7102128738},"nu_0_21":{"0":5.7102128738},"nu_0_22":{"0":6.7102128738},"nu_0_23":{"0":7.7102128738},"nu_0_24":{"0":8.7102128738}}