{"calc_effective_T":{"0":70.0},"luminosity":{"0":0.04},"star_feh":{"0":0.1},"nu_0_15":{"0":1.3545316771},"nu_0_16":{"0":1.2545316771},"nu_0_17":{"0":1.1545316771},"nu_0_18":{"0":1.0545316771},"nu_0_19":{"0":0.9545316771},"nu_0_20":{"0":0.8545316771},"nu_0_21":{"0":0.7545316771},"nu_0_22":{"0":0.8545316771},"nu_0_23":{"0":0.9545316771},"nu_0_24":{"0":1.0545316771},"nu_0_25":{"0":1.1545316771},"nu_0_26":{"0":1.2545316771},"nu_0_27":{"0":1.3545316771},"nu_0_28":{"0":1.4545316771}}