{"calc_effective_T":{"0":70.0},"luminosity":{"0":0.04},"star_feh":{"0":0.1},"nu_0_11":{"0":1.184901685},"nu_0_12":{"0":1.084901685},"nu_0_13":{"0":0.984901685},"nu_0_14":{"0":0.884901685},"nu_0_15":{"0":0.784901685},"nu_0_16":{"0":0.684901685},"nu_0_17":{"0":0.784901685},"nu_0_18":{"0":0.884901685},"nu_0_19":{"0":0.984901685},"nu_0_20":{"0":1.084901685},"nu_0_21":{"0":1.184901685}}