{"calc_effective_T":{"0":70.0},"luminosity":{"0":0.04},"star_feh":{"0":0.1},"nu_0_16":{"0":0.1334015575},"nu_0_17":{"0":0.1134015575},"nu_0_18":{"0":0.0934015575},"nu_0_19":{"0":0.0734015575},"nu_0_20":{"0":0.0534015575},"nu_0_21":{"0":0.0334015575},"nu_0_22":{"0":0.1334015575},"nu_0_23":{"0":0.2334015575},"nu_0_24":{"0":0.3334015575},"nu_0_25":{"0":0.4334015575},"nu_0_26":{"0":0.5334015575},"nu_0_27":{"0":0.6334015575}}