{"calc_effective_T":{"0":70.0},"luminosity":{"0":0.04},"star_feh":{"0":0.1},"nu_0_10":{"0":0.4624687688},"nu_0_11":{"0":0.4424687688},"nu_0_12":{"0":0.4224687688},"nu_0_13":{"0":0.4024687688},"nu_0_14":{"0":0.3824687688},"nu_0_15":{"0":0.3624687688},"nu_0_16":{"0":0.3424687688},"nu_0_17":{"0":0.3224687688},"nu_0_18":{"0":0.3024687688},"nu_0_19":{"0":0.2824687688},"nu_0_20":{"0":0.3824687688},"nu_0_21":{"0":0.4824687688},"nu_0_22":{"0":0.5824687688},"nu_0_23":{"0":0.6824687688},"nu_0_24":{"0":0.7824687688},"nu_0_25":{"0":0.8824687688},"nu_0_26":{"0":0.9824687688},"nu_0_27":{"0":1.0824687688},"nu_0_28":{"0":1.1824687688},"nu_0_29":{"0":1.2824687688}}