{"calc_effective_T":{"0":70.0},"luminosity":{"0":0.04},"star_feh":{"0":0.1},"nu_0_11":{"0":3.6038590229},"nu_0_12":{"0":3.1038590229},"nu_0_13":{"0":2.6038590229},"nu_0_14":{"0":2.1038590229},"nu_0_15":{"0":1.6038590229},"nu_0_16":{"0":1.1038590229},"nu_0_17":{"0":0.6038590229},"nu_0_18":{"0":0.1038590229},"nu_0_19":{"0":0.6038590229},"nu_0_20":{"0":1.1038590229},"nu_0_21":{"0":1.6038590229},"nu_0_22":{"0":2.1038590229},"nu_0_23":{"0":2.6038590229},"nu_0_24":{"0":3.1038590229},"nu_0_25":{"0":3.6038590229},"nu_0_26":{"0":4.1038590229}}