{"calc_effective_T":{"0":70.0},"luminosity":{"0":0.04},"star_feh":{"0":0.1},"nu_0_12":{"0":0.6066504166},"nu_0_13":{"0":0.5566504166},"nu_0_14":{"0":0.5066504166},"nu_0_15":{"0":0.4566504166},"nu_0_16":{"0":0.4066504166},"nu_0_17":{"0":0.3566504166},"nu_0_18":{"0":0.3066504166},"nu_0_19":{"0":0.2566504166},"nu_0_20":{"0":0.3566504166},"nu_0_21":{"0":0.4566504166},"nu_0_22":{"0":0.5566504166},"nu_0_23":{"0":0.6566504166},"nu_0_24":{"0":0.7566504166},"nu_0_25":{"0":0.8566504166},"nu_0_26":{"0":0.9566504166}}