{"calc_effective_T":{"0":70.0},"luminosity":{"0":0.04},"star_feh":{"0":0.1},"nu_0_11":{"0":0.4260003888},"nu_0_12":{"0":0.4060003888},"nu_0_13":{"0":0.3860003888},"nu_0_14":{"0":0.3660003888},"nu_0_15":{"0":0.3460003888},"nu_0_16":{"0":0.3260003888},"nu_0_17":{"0":0.3060003888},"nu_0_18":{"0":0.2860003888},"nu_0_19":{"0":0.2660003888},"nu_0_20":{"0":0.2460003888},"nu_0_21":{"0":0.3460003888},"nu_0_22":{"0":0.4460003888},"nu_0_23":{"0":0.5460003888},"nu_0_24":{"0":0.6460003888},"nu_0_25":{"0":0.7460003888},"nu_0_26":{"0":0.8460003888},"nu_0_27":{"0":0.9460003888},"nu_0_28":{"0":1.0460003888},"nu_0_29":{"0":1.1460003888},"nu_0_30":{"0":1.2460003888}}