{"calc_effective_T":{"0":70.0},"luminosity":{"0":0.04},"star_feh":{"0":0.1},"nu_0_13":{"0":0.3446721791},"nu_0_14":{"0":0.3246721791},"nu_0_15":{"0":0.3046721791},"nu_0_16":{"0":0.2846721791},"nu_0_17":{"0":0.2646721791},"nu_0_18":{"0":0.2446721791},"nu_0_19":{"0":0.3446721791},"nu_0_20":{"0":0.4446721791},"nu_0_21":{"0":0.5446721791},"nu_0_22":{"0":0.6446721791},"nu_0_23":{"0":0.7446721791},"nu_0_24":{"0":0.8446721791}}