{"calc_effective_T":{"0":70.0},"luminosity":{"0":0.04},"star_feh":{"0":0.1},"nu_0_18":{"0":1.3326994361},"nu_0_19":{"0":1.2326994361},"nu_0_20":{"0":1.1326994361},"nu_0_21":{"0":1.0326994361},"nu_0_22":{"0":0.9326994361},"nu_0_23":{"0":0.8326994361},"nu_0_24":{"0":0.9326994361},"nu_0_25":{"0":1.0326994361},"nu_0_26":{"0":1.1326994361},"nu_0_27":{"0":1.2326994361},"nu_0_28":{"0":1.3326994361}}