{"calc_effective_T":{"0":70.0},"luminosity":{"0":0.04},"star_feh":{"0":0.1},"nu_0_8":{"0":0.4406129606},"nu_0_9":{"0":0.4206129606},"nu_0_10":{"0":0.4006129606},"nu_0_11":{"0":0.3806129606},"nu_0_12":{"0":0.3606129606},"nu_0_13":{"0":0.3406129606},"nu_0_14":{"0":0.3206129606},"nu_0_15":{"0":0.3006129606},"nu_0_16":{"0":0.2806129606},"nu_0_17":{"0":0.2606129606},"nu_0_18":{"0":0.2406129606},"nu_0_19":{"0":0.3406129606},"nu_0_20":{"0":0.4406129606},"nu_0_21":{"0":0.5406129606},"nu_0_22":{"0":0.6406129606},"nu_0_23":{"0":0.7406129606},"nu_0_24":{"0":0.8406129606},"nu_0_25":{"0":0.9406129606},"nu_0_26":{"0":1.0406129606},"nu_0_27":{"0":1.1406129606}}