{"calc_effective_T":{"0":70.0},"luminosity":{"0":0.04},"star_feh":{"0":0.1},"nu_0_8":{"0":0.2260196478},"nu_0_9":{"0":0.2060196478},"nu_0_10":{"0":0.1860196478},"nu_0_11":{"0":0.1660196478},"nu_0_12":{"0":0.1460196478},"nu_0_13":{"0":0.1260196478},"nu_0_14":{"0":0.1060196478},"nu_0_15":{"0":0.0860196478},"nu_0_16":{"0":0.0660196478},"nu_0_17":{"0":0.1660196478},"nu_0_18":{"0":0.2660196478},"nu_0_19":{"0":0.3660196478},"nu_0_20":{"0":0.4660196478},"nu_0_21":{"0":0.5660196478},"nu_0_22":{"0":0.6660196478},"nu_0_23":{"0":0.7660196478},"nu_0_24":{"0":0.8660196478}}