{"calc_effective_T":{"0":70.0},"luminosity":{"0":0.04},"star_feh":{"0":0.1},"nu_0_19":{"0":1.2583127357},"nu_0_20":{"0":1.1583127357},"nu_0_21":{"0":1.0583127357},"nu_0_22":{"0":0.9583127357},"nu_0_23":{"0":0.8583127357},"nu_0_24":{"0":0.7583127357},"nu_0_25":{"0":0.6583127357},"nu_0_26":{"0":0.7583127357},"nu_0_27":{"0":0.8583127357},"nu_0_28":{"0":0.9583127357},"nu_0_29":{"0":1.0583127357},"nu_0_30":{"0":1.1583127357},"nu_0_31":{"0":1.2583127357},"nu_0_32":{"0":1.3583127357}}