{"calc_effective_T":{"0":70.0},"luminosity":{"0":0.04},"star_feh":{"0":0.1},"nu_0_12":{"0":1.1247263684},"nu_0_13":{"0":1.0247263684},"nu_0_14":{"0":0.9247263684},"nu_0_15":{"0":0.8247263684},"nu_0_16":{"0":0.7247263684},"nu_0_17":{"0":0.6247263684},"nu_0_18":{"0":0.7247263684},"nu_0_19":{"0":0.8247263684},"nu_0_20":{"0":0.9247263684},"nu_0_21":{"0":1.0247263684},"nu_0_22":{"0":1.1247263684},"nu_0_23":{"0":1.2247263684}}