{"calc_effective_T":{"0":70.0},"luminosity":{"0":0.04},"star_feh":{"0":0.1},"nu_0_16":{"0":1.310891729},"nu_0_17":{"0":1.210891729},"nu_0_18":{"0":1.110891729},"nu_0_19":{"0":1.010891729},"nu_0_20":{"0":0.910891729},"nu_0_21":{"0":0.810891729},"nu_0_22":{"0":0.710891729},"nu_0_23":{"0":0.610891729},"nu_0_24":{"0":0.710891729},"nu_0_25":{"0":0.810891729},"nu_0_26":{"0":0.910891729},"nu_0_27":{"0":1.010891729},"nu_0_28":{"0":1.110891729},"nu_0_29":{"0":1.210891729},"nu_0_30":{"0":1.310891729}}