{"calc_effective_T":{"0":70.0},"luminosity":{"0":0.04},"star_feh":{"0":0.1},"nu_0_7":{"0":1.465385783},"nu_0_8":{"0":1.365385783},"nu_0_9":{"0":1.265385783},"nu_0_10":{"0":1.165385783},"nu_0_11":{"0":1.065385783},"nu_0_12":{"0":0.965385783},"nu_0_13":{"0":0.865385783},"nu_0_14":{"0":0.765385783},"nu_0_15":{"0":0.865385783},"nu_0_16":{"0":0.965385783},"nu_0_17":{"0":1.065385783},"nu_0_18":{"0":1.165385783},"nu_0_19":{"0":1.265385783},"nu_0_20":{"0":1.365385783}}