{"calc_effective_T":{"0":70.0},"luminosity":{"0":0.04},"star_feh":{"0":0.1},"nu_0_16":{"0":1.140312481},"nu_0_17":{"0":1.040312481},"nu_0_18":{"0":0.940312481},"nu_0_19":{"0":0.840312481},"nu_0_20":{"0":0.740312481},"nu_0_21":{"0":0.640312481},"nu_0_22":{"0":0.540312481},"nu_0_23":{"0":0.640312481},"nu_0_24":{"0":0.740312481},"nu_0_25":{"0":0.840312481},"nu_0_26":{"0":0.940312481},"nu_0_27":{"0":1.040312481},"nu_0_28":{"0":1.140312481}}