{"calc_effective_T":{"0":70.0},"luminosity":{"0":0.04},"star_feh":{"0":0.1},"nu_0_13":{"0":0.1823106175},"nu_0_14":{"0":0.1623106175},"nu_0_15":{"0":0.1423106175},"nu_0_16":{"0":0.1223106175},"nu_0_17":{"0":0.1023106175},"nu_0_18":{"0":0.0823106175},"nu_0_19":{"0":0.1823106175},"nu_0_20":{"0":0.2823106175},"nu_0_21":{"0":0.3823106175},"nu_0_22":{"0":0.4823106175},"nu_0_23":{"0":0.5823106175}}