{"calc_effective_T":{"0":70.0},"luminosity":{"0":0.04},"star_feh":{"0":0.1},"nu_0_12":{"0":0.4572855329},"nu_0_13":{"0":0.4372855329},"nu_0_14":{"0":0.4172855329},"nu_0_15":{"0":0.3972855329},"nu_0_16":{"0":0.3772855329},"nu_0_17":{"0":0.3572855329},"nu_0_18":{"0":0.3372855329},"nu_0_19":{"0":0.3172855329},"nu_0_20":{"0":0.2972855329},"nu_0_21":{"0":0.2772855329},"nu_0_22":{"0":0.3772855329},"nu_0_23":{"0":0.4772855329},"nu_0_24":{"0":0.5772855329},"nu_0_25":{"0":0.6772855329},"nu_0_26":{"0":0.7772855329},"nu_0_27":{"0":0.8772855329},"nu_0_28":{"0":0.9772855329},"nu_0_29":{"0":1.0772855329},"nu_0_30":{"0":1.1772855329},"nu_0_31":{"0":1.2772855329}}