{"calc_effective_T":{"0":70.0},"luminosity":{"0":0.04},"star_feh":{"0":0.1},"nu_0_9":{"0":0.1976503054},"nu_0_10":{"0":0.1776503054},"nu_0_11":{"0":0.1576503054},"nu_0_12":{"0":0.1376503054},"nu_0_13":{"0":0.1176503054},"nu_0_14":{"0":0.0976503054},"nu_0_15":{"0":0.0776503054},"nu_0_16":{"0":0.0576503054},"nu_0_17":{"0":0.0376503054},"nu_0_18":{"0":0.1376503054},"nu_0_19":{"0":0.2376503054},"nu_0_20":{"0":0.3376503054},"nu_0_21":{"0":0.4376503054},"nu_0_22":{"0":0.5376503054},"nu_0_23":{"0":0.6376503054},"nu_0_24":{"0":0.7376503054},"nu_0_25":{"0":0.8376503054},"nu_0_26":{"0":0.9376503054}}