{"calc_effective_T":{"0":70.0},"luminosity":{"0":0.04},"star_feh":{"0":0.1},"nu_0_18":{"0":1.1560197767},"nu_0_19":{"0":1.0560197767},"nu_0_20":{"0":0.9560197767},"nu_0_21":{"0":0.8560197767},"nu_0_22":{"0":0.7560197767},"nu_0_23":{"0":0.6560197767},"nu_0_24":{"0":0.7560197767},"nu_0_25":{"0":0.8560197767},"nu_0_26":{"0":0.9560197767},"nu_0_27":{"0":1.0560197767},"nu_0_28":{"0":1.1560197767},"nu_0_29":{"0":1.2560197767}}