{"calc_effective_T":{"0":70.0},"luminosity":{"0":0.04},"star_feh":{"0":0.1},"nu_0_10":{"0":1.2264182939},"nu_0_11":{"0":1.1264182939},"nu_0_12":{"0":1.0264182939},"nu_0_13":{"0":0.9264182939},"nu_0_14":{"0":0.8264182939},"nu_0_15":{"0":0.7264182939},"nu_0_16":{"0":0.6264182939},"nu_0_17":{"0":0.5264182939},"nu_0_18":{"0":0.6264182939},"nu_0_19":{"0":0.7264182939},"nu_0_20":{"0":0.8264182939},"nu_0_21":{"0":0.9264182939},"nu_0_22":{"0":1.0264182939},"nu_0_23":{"0":1.1264182939}}