{"calc_effective_T":{"0":70.0},"luminosity":{"0":0.04},"star_feh":{"0":0.1},"nu_0_10":{"0":0.2332878988},"nu_0_11":{"0":0.2132878988},"nu_0_12":{"0":0.1932878988},"nu_0_13":{"0":0.1732878988},"nu_0_14":{"0":0.1532878988},"nu_0_15":{"0":0.1332878988},"nu_0_16":{"0":0.1132878988},"nu_0_17":{"0":0.0932878988},"nu_0_18":{"0":0.0732878988},"nu_0_19":{"0":0.1732878988},"nu_0_20":{"0":0.2732878988},"nu_0_21":{"0":0.3732878988},"nu_0_22":{"0":0.4732878988},"nu_0_23":{"0":0.5732878988},"nu_0_24":{"0":0.6732878988},"nu_0_25":{"0":0.7732878988},"nu_0_26":{"0":0.8732878988}}