{"calc_effective_T":{"0":70.0},"luminosity":{"0":0.04},"star_feh":{"0":0.1},"nu_0_9":{"0":0.677423797},"nu_0_10":{"0":0.627423797},"nu_0_11":{"0":0.577423797},"nu_0_12":{"0":0.527423797},"nu_0_13":{"0":0.477423797},"nu_0_14":{"0":0.427423797},"nu_0_15":{"0":0.377423797},"nu_0_16":{"0":0.327423797},"nu_0_17":{"0":0.427423797},"nu_0_18":{"0":0.527423797},"nu_0_19":{"0":0.627423797},"nu_0_20":{"0":0.727423797},"nu_0_21":{"0":0.827423797},"nu_0_22":{"0":0.927423797},"nu_0_23":{"0":1.027423797}}