{"calc_effective_T":{"0":70.0},"luminosity":{"0":0.04},"star_feh":{"0":0.1},"nu_0_11":{"0":0.188985463},"nu_0_12":{"0":0.168985463},"nu_0_13":{"0":0.148985463},"nu_0_14":{"0":0.128985463},"nu_0_15":{"0":0.108985463},"nu_0_16":{"0":0.208985463},"nu_0_17":{"0":0.308985463},"nu_0_18":{"0":0.408985463},"nu_0_19":{"0":0.508985463},"nu_0_20":{"0":0.608985463}}