{"calc_effective_T":{"0":70.0},"luminosity":{"0":0.04},"star_feh":{"0":0.1},"nu_0_17":{"0":3.4456550681},"nu_0_18":{"0":2.9456550681},"nu_0_19":{"0":2.4456550681},"nu_0_20":{"0":1.9456550681},"nu_0_21":{"0":1.4456550681},"nu_0_22":{"0":0.9456550681},"nu_0_23":{"0":0.4456550681},"nu_0_24":{"0":0.9456550681},"nu_0_25":{"0":1.4456550681},"nu_0_26":{"0":1.9456550681},"nu_0_27":{"0":2.4456550681},"nu_0_28":{"0":2.9456550681}}