{"calc_effective_T":{"0":70.0},"luminosity":{"0":0.04},"star_feh":{"0":0.1},"nu_0_13":{"0":0.3878334597},"nu_0_14":{"0":0.3678334597},"nu_0_15":{"0":0.3478334597},"nu_0_16":{"0":0.3278334597},"nu_0_17":{"0":0.3078334597},"nu_0_18":{"0":0.2878334597},"nu_0_19":{"0":0.3878334597},"nu_0_20":{"0":0.4878334597},"nu_0_21":{"0":0.5878334597},"nu_0_22":{"0":0.6878334597},"nu_0_23":{"0":0.7878334597}}