{"calc_effective_T":{"0":70.0},"luminosity":{"0":0.04},"star_feh":{"0":0.1},"nu_0_12":{"0":0.3449984453},"nu_0_13":{"0":0.3249984453},"nu_0_14":{"0":0.3049984453},"nu_0_15":{"0":0.2849984453},"nu_0_16":{"0":0.2649984453},"nu_0_17":{"0":0.2449984453},"nu_0_18":{"0":0.2249984453},"nu_0_19":{"0":0.2049984453},"nu_0_20":{"0":0.1849984453},"nu_0_21":{"0":0.1649984453},"nu_0_22":{"0":0.2649984453},"nu_0_23":{"0":0.3649984453},"nu_0_24":{"0":0.4649984453},"nu_0_25":{"0":0.5649984453},"nu_0_26":{"0":0.6649984453},"nu_0_27":{"0":0.7649984453},"nu_0_28":{"0":0.8649984453},"nu_0_29":{"0":0.9649984453},"nu_0_30":{"0":1.0649984453}}