{"calc_effective_T":{"0":70.0},"luminosity":{"0":0.04},"star_feh":{"0":0.1},"nu_0_8":{"0":0.3748538604},"nu_0_9":{"0":0.3548538604},"nu_0_10":{"0":0.3348538604},"nu_0_11":{"0":0.3148538604},"nu_0_12":{"0":0.2948538604},"nu_0_13":{"0":0.2748538604},"nu_0_14":{"0":0.2548538604},"nu_0_15":{"0":0.2348538604},"nu_0_16":{"0":0.2148538604},"nu_0_17":{"0":0.3148538604},"nu_0_18":{"0":0.4148538604},"nu_0_19":{"0":0.5148538604},"nu_0_20":{"0":0.6148538604},"nu_0_21":{"0":0.7148538604},"nu_0_22":{"0":0.8148538604},"nu_0_23":{"0":0.9148538604},"nu_0_24":{"0":1.0148538604},"nu_0_25":{"0":1.1148538604}}