{"calc_effective_T":{"0":70.0},"luminosity":{"0":0.04},"star_feh":{"0":0.1},"nu_0_9":{"0":0.3769891762},"nu_0_10":{"0":0.3569891762},"nu_0_11":{"0":0.3369891762},"nu_0_12":{"0":0.3169891762},"nu_0_13":{"0":0.2969891762},"nu_0_14":{"0":0.2769891762},"nu_0_15":{"0":0.2569891762},"nu_0_16":{"0":0.3569891762},"nu_0_17":{"0":0.4569891762},"nu_0_18":{"0":0.5569891762},"nu_0_19":{"0":0.6569891762},"nu_0_20":{"0":0.7569891762},"nu_0_21":{"0":0.8569891762}}