{"calc_effective_T":{"0":70.0},"luminosity":{"0":0.04},"star_feh":{"0":0.1},"nu_0_18":{"0":1.3725858594},"nu_0_19":{"0":1.2725858594},"nu_0_20":{"0":1.1725858594},"nu_0_21":{"0":1.0725858594},"nu_0_22":{"0":0.9725858594},"nu_0_23":{"0":0.8725858594},"nu_0_24":{"0":0.7725858594},"nu_0_25":{"0":0.8725858594},"nu_0_26":{"0":0.9725858594},"nu_0_27":{"0":1.0725858594},"nu_0_28":{"0":1.1725858594},"nu_0_29":{"0":1.2725858594},"nu_0_30":{"0":1.3725858594}}