{"calc_effective_T":{"0":70.0},"luminosity":{"0":0.04},"star_feh":{"0":0.1},"nu_0_18":{"0":1.0680429343},"nu_0_19":{"0":0.9680429343},"nu_0_20":{"0":0.8680429343},"nu_0_21":{"0":0.7680429343},"nu_0_22":{"0":0.6680429343},"nu_0_23":{"0":0.7680429343},"nu_0_24":{"0":0.8680429343},"nu_0_25":{"0":0.9680429343},"nu_0_26":{"0":1.0680429343},"nu_0_27":{"0":1.1680429343}}