{"calc_effective_T":{"0":70.0},"luminosity":{"0":0.04},"star_feh":{"0":0.1},"nu_0_14":{"0":1.299689009},"nu_0_15":{"0":1.199689009},"nu_0_16":{"0":1.099689009},"nu_0_17":{"0":0.999689009},"nu_0_18":{"0":0.899689009},"nu_0_19":{"0":0.799689009},"nu_0_20":{"0":0.899689009},"nu_0_21":{"0":0.999689009},"nu_0_22":{"0":1.099689009},"nu_0_23":{"0":1.199689009},"nu_0_24":{"0":1.299689009}}