{"calc_effective_T":{"0":70.0},"luminosity":{"0":0.04},"star_feh":{"0":0.1},"nu_0_15":{"0":1.2202219486},"nu_0_16":{"0":1.1202219486},"nu_0_17":{"0":1.0202219486},"nu_0_18":{"0":0.9202219486},"nu_0_19":{"0":0.8202219486},"nu_0_20":{"0":0.7202219486},"nu_0_21":{"0":0.8202219486},"nu_0_22":{"0":0.9202219486},"nu_0_23":{"0":1.0202219486},"nu_0_24":{"0":1.1202219486},"nu_0_25":{"0":1.2202219486}}