{"calc_effective_T":{"0":70.0},"luminosity":{"0":0.04},"star_feh":{"0":0.1},"nu_0_18":{"0":0.8179339686},"nu_0_19":{"0":0.7179339686},"nu_0_20":{"0":0.6179339686},"nu_0_21":{"0":0.5179339686},"nu_0_22":{"0":0.4179339686},"nu_0_23":{"0":0.3179339686},"nu_0_24":{"0":0.4179339686},"nu_0_25":{"0":0.5179339686},"nu_0_26":{"0":0.6179339686},"nu_0_27":{"0":0.7179339686},"nu_0_28":{"0":0.8179339686}}