{"calc_effective_T":{"0":70.0},"luminosity":{"0":0.04},"star_feh":{"0":0.1},"nu_0_8":{"0":0.2620631552},"nu_0_9":{"0":0.2420631552},"nu_0_10":{"0":0.2220631552},"nu_0_11":{"0":0.2020631552},"nu_0_12":{"0":0.1820631552},"nu_0_13":{"0":0.1620631552},"nu_0_14":{"0":0.1420631552},"nu_0_15":{"0":0.2420631552},"nu_0_16":{"0":0.3420631552},"nu_0_17":{"0":0.4420631552},"nu_0_18":{"0":0.5420631552},"nu_0_19":{"0":0.6420631552}}