{"calc_effective_T":{"0":70.0},"luminosity":{"0":0.04},"star_feh":{"0":0.1},"nu_0_18":{"0":0.8873139244},"nu_0_19":{"0":0.7873139244},"nu_0_20":{"0":0.6873139244},"nu_0_21":{"0":0.5873139244},"nu_0_22":{"0":0.4873139244},"nu_0_23":{"0":0.3873139244},"nu_0_24":{"0":0.2873139244},"nu_0_25":{"0":0.3873139244},"nu_0_26":{"0":0.4873139244},"nu_0_27":{"0":0.5873139244},"nu_0_28":{"0":0.6873139244},"nu_0_29":{"0":0.7873139244},"nu_0_30":{"0":0.8873139244}}