{"calc_effective_T":{"0":70.0},"luminosity":{"0":0.04},"star_feh":{"0":0.1},"nu_0_10":{"0":0.3755613147},"nu_0_11":{"0":0.3555613147},"nu_0_12":{"0":0.3355613147},"nu_0_13":{"0":0.3155613147},"nu_0_14":{"0":0.2955613147},"nu_0_15":{"0":0.2755613147},"nu_0_16":{"0":0.2555613147},"nu_0_17":{"0":0.2355613147},"nu_0_18":{"0":0.3355613147},"nu_0_19":{"0":0.4355613147},"nu_0_20":{"0":0.5355613147},"nu_0_21":{"0":0.6355613147},"nu_0_22":{"0":0.7355613147},"nu_0_23":{"0":0.8355613147},"nu_0_24":{"0":0.9355613147}}