{"calc_effective_T":{"0":70.0},"luminosity":{"0":0.04},"star_feh":{"0":0.1},"nu_0_13":{"0":0.3508130796},"nu_0_14":{"0":0.3308130796},"nu_0_15":{"0":0.3108130796},"nu_0_16":{"0":0.2908130796},"nu_0_17":{"0":0.2708130796},"nu_0_18":{"0":0.2508130796},"nu_0_19":{"0":0.3508130796},"nu_0_20":{"0":0.4508130796},"nu_0_21":{"0":0.5508130796},"nu_0_22":{"0":0.6508130796},"nu_0_23":{"0":0.7508130796}}