{"calc_effective_T":{"0":70.0},"luminosity":{"0":0.04},"star_feh":{"0":0.1},"nu_0_13":{"0":0.7419668919},"nu_0_14":{"0":0.6919668919},"nu_0_15":{"0":0.6419668919},"nu_0_16":{"0":0.5919668919},"nu_0_17":{"0":0.5419668919},"nu_0_18":{"0":0.4919668919},"nu_0_19":{"0":0.5919668919},"nu_0_20":{"0":0.6919668919},"nu_0_21":{"0":0.7919668919},"nu_0_22":{"0":0.8919668919}}