{"calc_effective_T":{"0":70.0},"luminosity":{"0":0.04},"star_feh":{"0":0.1},"nu_0_18":{"0":1.4240343381},"nu_0_19":{"0":1.3240343381},"nu_0_20":{"0":1.2240343381},"nu_0_21":{"0":1.1240343381},"nu_0_22":{"0":1.0240343381},"nu_0_23":{"0":0.9240343381},"nu_0_24":{"0":1.0240343381},"nu_0_25":{"0":1.1240343381},"nu_0_26":{"0":1.2240343381},"nu_0_27":{"0":1.3240343381},"nu_0_28":{"0":1.4240343381}}