{"calc_effective_T":{"0":70.0},"luminosity":{"0":0.04},"star_feh":{"0":0.1},"nu_0_14":{"0":0.3661312516},"nu_0_15":{"0":0.3461312516},"nu_0_16":{"0":0.3261312516},"nu_0_17":{"0":0.3061312516},"nu_0_18":{"0":0.2861312516},"nu_0_19":{"0":0.2661312516},"nu_0_20":{"0":0.2461312516},"nu_0_21":{"0":0.3461312516},"nu_0_22":{"0":0.4461312516},"nu_0_23":{"0":0.5461312516},"nu_0_24":{"0":0.6461312516},"nu_0_25":{"0":0.7461312516},"nu_0_26":{"0":0.8461312516}}