{"calc_effective_T":{"0":70.0},"luminosity":{"0":0.04},"star_feh":{"0":0.1},"nu_0_12":{"0":0.3920868401},"nu_0_13":{"0":0.3720868401},"nu_0_14":{"0":0.3520868401},"nu_0_15":{"0":0.3320868401},"nu_0_16":{"0":0.3120868401},"nu_0_17":{"0":0.2920868401},"nu_0_18":{"0":0.2720868401},"nu_0_19":{"0":0.2520868401},"nu_0_20":{"0":0.2320868401},"nu_0_21":{"0":0.3320868401},"nu_0_22":{"0":0.4320868401},"nu_0_23":{"0":0.5320868401},"nu_0_24":{"0":0.6320868401},"nu_0_25":{"0":0.7320868401},"nu_0_26":{"0":0.8320868401},"nu_0_27":{"0":0.9320868401},"nu_0_28":{"0":1.0320868401}}