{"calc_effective_T":{"0":70.0},"luminosity":{"0":0.04},"star_feh":{"0":0.1},"nu_0_15":{"0":0.854020807},"nu_0_16":{"0":0.754020807},"nu_0_17":{"0":0.654020807},"nu_0_18":{"0":0.554020807},"nu_0_19":{"0":0.454020807},"nu_0_20":{"0":0.354020807},"nu_0_21":{"0":0.454020807},"nu_0_22":{"0":0.554020807},"nu_0_23":{"0":0.654020807},"nu_0_24":{"0":0.754020807},"nu_0_25":{"0":0.854020807}}