{"calc_effective_T":{"0":70.0},"luminosity":{"0":0.04},"star_feh":{"0":0.1},"nu_0_16":{"0":1.3536415299},"nu_0_17":{"0":1.2536415299},"nu_0_18":{"0":1.1536415299},"nu_0_19":{"0":1.0536415299},"nu_0_20":{"0":0.9536415299},"nu_0_21":{"0":0.8536415299},"nu_0_22":{"0":0.7536415299},"nu_0_23":{"0":0.6536415299},"nu_0_24":{"0":0.7536415299},"nu_0_25":{"0":0.8536415299},"nu_0_26":{"0":0.9536415299},"nu_0_27":{"0":1.0536415299},"nu_0_28":{"0":1.1536415299},"nu_0_29":{"0":1.2536415299}}