{"calc_effective_T":{"0":70.0},"luminosity":{"0":0.04},"star_feh":{"0":0.1},"nu_0_14":{"0":0.2346540473},"nu_0_15":{"0":0.2146540473},"nu_0_16":{"0":0.1946540473},"nu_0_17":{"0":0.1746540473},"nu_0_18":{"0":0.1546540473},"nu_0_19":{"0":0.1346540473},"nu_0_20":{"0":0.1146540473},"nu_0_21":{"0":0.0946540473},"nu_0_22":{"0":0.1946540473},"nu_0_23":{"0":0.2946540473},"nu_0_24":{"0":0.3946540473},"nu_0_25":{"0":0.4946540473},"nu_0_26":{"0":0.5946540473},"nu_0_27":{"0":0.6946540473},"nu_0_28":{"0":0.7946540473},"nu_0_29":{"0":0.8946540473}}