{"calc_effective_T":{"0":70.0},"luminosity":{"0":0.04},"star_feh":{"0":0.1},"nu_0_12":{"0":0.1985989458},"nu_0_13":{"0":0.1785989458},"nu_0_14":{"0":0.1585989458},"nu_0_15":{"0":0.1385989458},"nu_0_16":{"0":0.1185989458},"nu_0_17":{"0":0.0985989458},"nu_0_18":{"0":0.0785989458},"nu_0_19":{"0":0.1785989458},"nu_0_20":{"0":0.2785989458},"nu_0_21":{"0":0.3785989458},"nu_0_22":{"0":0.4785989458},"nu_0_23":{"0":0.5785989458},"nu_0_24":{"0":0.6785989458}}