{"calc_effective_T":{"0":70.0},"luminosity":{"0":0.04},"star_feh":{"0":0.1},"nu_0_14":{"0":0.2371104364},"nu_0_15":{"0":0.2171104364},"nu_0_16":{"0":0.1971104364},"nu_0_17":{"0":0.1771104364},"nu_0_18":{"0":0.1571104364},"nu_0_19":{"0":0.1371104364},"nu_0_20":{"0":0.2371104364},"nu_0_21":{"0":0.3371104364},"nu_0_22":{"0":0.4371104364},"nu_0_23":{"0":0.5371104364},"nu_0_24":{"0":0.6371104364}}