{"calc_effective_T":{"0":70.0},"luminosity":{"0":0.04},"star_feh":{"0":0.1},"nu_0_16":{"0":0.4787103622},"nu_0_17":{"0":0.4287103622},"nu_0_18":{"0":0.3787103622},"nu_0_19":{"0":0.3287103622},"nu_0_20":{"0":0.2787103622},"nu_0_21":{"0":0.2287103622},"nu_0_22":{"0":0.3287103622},"nu_0_23":{"0":0.4287103622},"nu_0_24":{"0":0.5287103622},"nu_0_25":{"0":0.6287103622},"nu_0_26":{"0":0.7287103622},"nu_0_27":{"0":0.8287103622}}