{"calc_effective_T":{"0":70.0},"luminosity":{"0":0.04},"star_feh":{"0":0.1},"nu_0_17":{"0":1.307667949},"nu_0_18":{"0":1.207667949},"nu_0_19":{"0":1.107667949},"nu_0_20":{"0":1.007667949},"nu_0_21":{"0":0.907667949},"nu_0_22":{"0":0.807667949},"nu_0_23":{"0":0.707667949},"nu_0_24":{"0":0.807667949},"nu_0_25":{"0":0.907667949},"nu_0_26":{"0":1.007667949},"nu_0_27":{"0":1.107667949},"nu_0_28":{"0":1.207667949},"nu_0_29":{"0":1.307667949},"nu_0_30":{"0":1.407667949}}