{"calc_effective_T":{"0":70.0},"luminosity":{"0":0.04},"star_feh":{"0":0.1},"nu_0_16":{"0":0.5235587519},"nu_0_17":{"0":0.4235587519},"nu_0_18":{"0":0.3235587519},"nu_0_19":{"0":0.2235587519},"nu_0_20":{"0":0.1235587519},"nu_0_21":{"0":0.2235587519},"nu_0_22":{"0":0.3235587519},"nu_0_23":{"0":0.4235587519},"nu_0_24":{"0":0.5235587519},"nu_0_25":{"0":0.6235587519}}