{"calc_effective_T":{"0":70.0},"luminosity":{"0":0.04},"star_feh":{"0":0.1},"nu_0_15":{"0":0.414005104},"nu_0_16":{"0":0.394005104},"nu_0_17":{"0":0.374005104},"nu_0_18":{"0":0.354005104},"nu_0_19":{"0":0.334005104},"nu_0_20":{"0":0.314005104},"nu_0_21":{"0":0.294005104},"nu_0_22":{"0":0.394005104},"nu_0_23":{"0":0.494005104},"nu_0_24":{"0":0.594005104},"nu_0_25":{"0":0.694005104},"nu_0_26":{"0":0.794005104},"nu_0_27":{"0":0.894005104}}