{"calc_effective_T":{"0":70.0},"luminosity":{"0":0.04},"star_feh":{"0":0.1},"nu_0_15":{"0":0.9166022418},"nu_0_16":{"0":0.8166022418},"nu_0_17":{"0":0.7166022418},"nu_0_18":{"0":0.6166022418},"nu_0_19":{"0":0.5166022418},"nu_0_20":{"0":0.4166022418},"nu_0_21":{"0":0.5166022418},"nu_0_22":{"0":0.6166022418},"nu_0_23":{"0":0.7166022418},"nu_0_24":{"0":0.8166022418},"nu_0_25":{"0":0.9166022418}}