{"calc_effective_T":{"0":70.0},"luminosity":{"0":0.04},"star_feh":{"0":0.1},"nu_0_12":{"0":0.2943127611},"nu_0_13":{"0":0.2743127611},"nu_0_14":{"0":0.2543127611},"nu_0_15":{"0":0.2343127611},"nu_0_16":{"0":0.2143127611},"nu_0_17":{"0":0.1943127611},"nu_0_18":{"0":0.1743127611},"nu_0_19":{"0":0.1543127611},"nu_0_20":{"0":0.1343127611},"nu_0_21":{"0":0.1143127611},"nu_0_22":{"0":0.2143127611},"nu_0_23":{"0":0.3143127611},"nu_0_24":{"0":0.4143127611},"nu_0_25":{"0":0.5143127611},"nu_0_26":{"0":0.6143127611},"nu_0_27":{"0":0.7143127611},"nu_0_28":{"0":0.8143127611},"nu_0_29":{"0":0.9143127611},"nu_0_30":{"0":1.0143127611}}