{"calc_effective_T":{"0":70.0},"luminosity":{"0":0.04},"star_feh":{"0":0.1},"nu_0_11":{"0":0.2663795525},"nu_0_12":{"0":0.2463795525},"nu_0_13":{"0":0.2263795525},"nu_0_14":{"0":0.2063795525},"nu_0_15":{"0":0.1863795525},"nu_0_16":{"0":0.1663795525},"nu_0_17":{"0":0.1463795525},"nu_0_18":{"0":0.1263795525},"nu_0_19":{"0":0.1063795525},"nu_0_20":{"0":0.0863795525},"nu_0_21":{"0":0.1863795525},"nu_0_22":{"0":0.2863795525},"nu_0_23":{"0":0.3863795525},"nu_0_24":{"0":0.4863795525},"nu_0_25":{"0":0.5863795525},"nu_0_26":{"0":0.6863795525},"nu_0_27":{"0":0.7863795525},"nu_0_28":{"0":0.8863795525},"nu_0_29":{"0":0.9863795525}}