{"calc_effective_T":{"0":70.0},"luminosity":{"0":0.04},"star_feh":{"0":0.1},"nu_0_9":{"0":1.188293818},"nu_0_10":{"0":1.088293818},"nu_0_11":{"0":0.988293818},"nu_0_12":{"0":0.888293818},"nu_0_13":{"0":0.788293818},"nu_0_14":{"0":0.688293818},"nu_0_15":{"0":0.588293818},"nu_0_16":{"0":0.488293818},"nu_0_17":{"0":0.588293818},"nu_0_18":{"0":0.688293818},"nu_0_19":{"0":0.788293818},"nu_0_20":{"0":0.888293818},"nu_0_21":{"0":0.988293818},"nu_0_22":{"0":1.088293818},"nu_0_23":{"0":1.188293818}}