{"calc_effective_T":{"0":700.0},"luminosity":{"0":0.4},"star_feh":{"0":1.0},"nu_0_19":{"0":11.0468261966},"nu_0_20":{"0":10.0468261966},"nu_0_21":{"0":9.0468261966},"nu_0_22":{"0":8.0468261966},"nu_0_23":{"0":7.0468261966},"nu_0_24":{"0":6.0468261966},"nu_0_25":{"0":7.0468261966},"nu_0_26":{"0":8.0468261966},"nu_0_27":{"0":9.0468261966},"nu_0_28":{"0":10.0468261966},"nu_0_29":{"0":11.0468261966}}