{"calc_effective_T":{"0":70.0},"luminosity":{"0":0.04},"star_feh":{"0":0.1},"nu_0_7":{"0":0.3597849553},"nu_0_8":{"0":0.3397849553},"nu_0_9":{"0":0.3197849553},"nu_0_10":{"0":0.2997849553},"nu_0_11":{"0":0.2797849553},"nu_0_12":{"0":0.2597849553},"nu_0_13":{"0":0.2397849553},"nu_0_14":{"0":0.2197849553},"nu_0_15":{"0":0.1997849553},"nu_0_16":{"0":0.2997849553},"nu_0_17":{"0":0.3997849553},"nu_0_18":{"0":0.4997849553},"nu_0_19":{"0":0.5997849553},"nu_0_20":{"0":0.6997849553},"nu_0_21":{"0":0.7997849553},"nu_0_22":{"0":0.8997849553},"nu_0_23":{"0":0.9997849553}}