{"calc_effective_T":{"0":70.0},"luminosity":{"0":0.04},"star_feh":{"0":0.1},"nu_0_11":{"0":1.3905562893},"nu_0_12":{"0":1.2905562893},"nu_0_13":{"0":1.1905562893},"nu_0_14":{"0":1.0905562893},"nu_0_15":{"0":0.9905562893},"nu_0_16":{"0":1.0905562893},"nu_0_17":{"0":1.1905562893},"nu_0_18":{"0":1.2905562893},"nu_0_19":{"0":1.3905562893}}