{"calc_effective_T":{"0":70.0},"luminosity":{"0":0.04},"star_feh":{"0":0.1},"nu_0_17":{"0":0.6751047696},"nu_0_18":{"0":0.6251047696},"nu_0_19":{"0":0.5751047696},"nu_0_20":{"0":0.5251047696},"nu_0_21":{"0":0.4751047696},"nu_0_22":{"0":0.4251047696},"nu_0_23":{"0":0.5251047696},"nu_0_24":{"0":0.6251047696},"nu_0_25":{"0":0.7251047696},"nu_0_26":{"0":0.8251047696},"nu_0_27":{"0":0.9251047696},"nu_0_28":{"0":1.0251047696}}