{"calc_effective_T":{"0":70.0},"luminosity":{"0":0.04},"star_feh":{"0":0.1},"nu_0_17":{"0":1.1859830499},"nu_0_18":{"0":1.0859830499},"nu_0_19":{"0":0.9859830499},"nu_0_20":{"0":0.8859830499},"nu_0_21":{"0":0.7859830499},"nu_0_22":{"0":0.6859830499},"nu_0_23":{"0":0.5859830499},"nu_0_24":{"0":0.6859830499},"nu_0_25":{"0":0.7859830499},"nu_0_26":{"0":0.8859830499},"nu_0_27":{"0":0.9859830499},"nu_0_28":{"0":1.0859830499},"nu_0_29":{"0":1.1859830499}}