{"calc_effective_T":{"0":70.0},"luminosity":{"0":0.04},"star_feh":{"0":0.1},"nu_0_18":{"0":0.2962032085},"nu_0_19":{"0":0.2762032085},"nu_0_20":{"0":0.2562032085},"nu_0_21":{"0":0.2362032085},"nu_0_22":{"0":0.2162032085},"nu_0_23":{"0":0.3162032085},"nu_0_24":{"0":0.4162032085},"nu_0_25":{"0":0.5162032085},"nu_0_26":{"0":0.6162032085},"nu_0_27":{"0":0.7162032085}}