{"calc_effective_T":{"0":70.0},"luminosity":{"0":0.04},"star_feh":{"0":0.1},"nu_0_14":{"0":0.4191236614},"nu_0_15":{"0":0.3991236614},"nu_0_16":{"0":0.3791236614},"nu_0_17":{"0":0.3591236614},"nu_0_18":{"0":0.3391236614},"nu_0_19":{"0":0.3191236614},"nu_0_20":{"0":0.2991236614},"nu_0_21":{"0":0.2791236614},"nu_0_22":{"0":0.2591236614},"nu_0_23":{"0":0.2391236614},"nu_0_24":{"0":0.3391236614},"nu_0_25":{"0":0.4391236614},"nu_0_26":{"0":0.5391236614},"nu_0_27":{"0":0.6391236614},"nu_0_28":{"0":0.7391236614},"nu_0_29":{"0":0.8391236614},"nu_0_30":{"0":0.9391236614},"nu_0_31":{"0":1.0391236614},"nu_0_32":{"0":1.1391236614}}