{"calc_effective_T":{"0":70.0},"luminosity":{"0":0.04},"star_feh":{"0":0.1},"nu_0_11":{"0":0.6028885226},"nu_0_12":{"0":0.5528885226},"nu_0_13":{"0":0.5028885226},"nu_0_14":{"0":0.4528885226},"nu_0_15":{"0":0.4028885226},"nu_0_16":{"0":0.3528885226},"nu_0_17":{"0":0.3028885226},"nu_0_18":{"0":0.4028885226},"nu_0_19":{"0":0.5028885226},"nu_0_20":{"0":0.6028885226},"nu_0_21":{"0":0.7028885226},"nu_0_22":{"0":0.8028885226},"nu_0_23":{"0":0.9028885226}}