{"calc_effective_T":{"0":70.0},"luminosity":{"0":0.04},"star_feh":{"0":0.1},"nu_0_17":{"0":0.8090713902},"nu_0_18":{"0":0.7090713902},"nu_0_19":{"0":0.6090713902},"nu_0_20":{"0":0.5090713902},"nu_0_21":{"0":0.4090713902},"nu_0_22":{"0":0.3090713902},"nu_0_23":{"0":0.2090713902},"nu_0_24":{"0":0.1090713902},"nu_0_25":{"0":0.2090713902},"nu_0_26":{"0":0.3090713902},"nu_0_27":{"0":0.4090713902},"nu_0_28":{"0":0.5090713902},"nu_0_29":{"0":0.6090713902},"nu_0_30":{"0":0.7090713902},"nu_0_31":{"0":0.8090713902},"nu_0_32":{"0":0.9090713902}}