{"calc_effective_T":{"0":70.0},"luminosity":{"0":0.04},"star_feh":{"0":0.1},"nu_0_10":{"0":0.2114978738},"nu_0_11":{"0":0.1914978738},"nu_0_12":{"0":0.1714978738},"nu_0_13":{"0":0.1514978738},"nu_0_14":{"0":0.1314978738},"nu_0_15":{"0":0.1114978738},"nu_0_16":{"0":0.0914978738},"nu_0_17":{"0":0.1914978738},"nu_0_18":{"0":0.2914978738},"nu_0_19":{"0":0.3914978738},"nu_0_20":{"0":0.4914978738},"nu_0_21":{"0":0.5914978738},"nu_0_22":{"0":0.6914978738}}