{"calc_effective_T":{"0":70.0},"luminosity":{"0":0.04},"star_feh":{"0":0.1},"nu_0_13":{"0":0.184330364},"nu_0_14":{"0":0.164330364},"nu_0_15":{"0":0.144330364},"nu_0_16":{"0":0.124330364},"nu_0_17":{"0":0.104330364},"nu_0_18":{"0":0.204330364},"nu_0_19":{"0":0.304330364},"nu_0_20":{"0":0.404330364},"nu_0_21":{"0":0.504330364}}