{"calc_effective_T":{"0":70.0},"luminosity":{"0":0.04},"star_feh":{"0":0.1},"nu_0_7":{"0":0.3990897283},"nu_0_8":{"0":0.3790897283},"nu_0_9":{"0":0.3590897283},"nu_0_10":{"0":0.3390897283},"nu_0_11":{"0":0.3190897283},"nu_0_12":{"0":0.2990897283},"nu_0_13":{"0":0.2790897283},"nu_0_14":{"0":0.2590897283},"nu_0_15":{"0":0.2390897283},"nu_0_16":{"0":0.2190897283},"nu_0_17":{"0":0.3190897283},"nu_0_18":{"0":0.4190897283},"nu_0_19":{"0":0.5190897283},"nu_0_20":{"0":0.6190897283},"nu_0_21":{"0":0.7190897283},"nu_0_22":{"0":0.8190897283},"nu_0_23":{"0":0.9190897283},"nu_0_24":{"0":1.0190897283}}