{"calc_effective_T":{"0":70.0},"luminosity":{"0":0.04},"star_feh":{"0":0.1},"nu_0_19":{"0":1.4031206748},"nu_0_20":{"0":1.3031206748},"nu_0_21":{"0":1.2031206748},"nu_0_22":{"0":1.1031206748},"nu_0_23":{"0":1.0031206748},"nu_0_24":{"0":0.9031206748},"nu_0_25":{"0":1.0031206748},"nu_0_26":{"0":1.1031206748},"nu_0_27":{"0":1.2031206748},"nu_0_28":{"0":1.3031206748},"nu_0_29":{"0":1.4031206748},"nu_0_30":{"0":1.5031206748}}