{"calc_effective_T":{"0":70.0},"luminosity":{"0":0.04},"star_feh":{"0":0.1},"nu_0_14":{"0":1.297006754},"nu_0_15":{"0":1.197006754},"nu_0_16":{"0":1.097006754},"nu_0_17":{"0":0.997006754},"nu_0_18":{"0":0.897006754},"nu_0_19":{"0":0.797006754},"nu_0_20":{"0":0.697006754},"nu_0_21":{"0":0.797006754},"nu_0_22":{"0":0.897006754},"nu_0_23":{"0":0.997006754},"nu_0_24":{"0":1.097006754},"nu_0_25":{"0":1.197006754}}