{"calc_effective_T":{"0":70.0},"luminosity":{"0":0.04},"star_feh":{"0":0.1},"nu_0_7":{"0":1.6765285064},"nu_0_8":{"0":1.5765285064},"nu_0_9":{"0":1.4765285064},"nu_0_10":{"0":1.3765285064},"nu_0_11":{"0":1.2765285064},"nu_0_12":{"0":1.1765285064},"nu_0_13":{"0":1.0765285064},"nu_0_14":{"0":0.9765285064},"nu_0_15":{"0":1.0765285064},"nu_0_16":{"0":1.1765285064},"nu_0_17":{"0":1.2765285064},"nu_0_18":{"0":1.3765285064},"nu_0_19":{"0":1.4765285064},"nu_0_20":{"0":1.5765285064},"nu_0_21":{"0":1.6765285064}}