{"calc_effective_T":{"0":70.0},"luminosity":{"0":0.04},"star_feh":{"0":0.1},"nu_0_13":{"0":1.093052661},"nu_0_14":{"0":0.993052661},"nu_0_15":{"0":0.893052661},"nu_0_16":{"0":0.793052661},"nu_0_17":{"0":0.693052661},"nu_0_18":{"0":0.593052661},"nu_0_19":{"0":0.493052661},"nu_0_20":{"0":0.593052661},"nu_0_21":{"0":0.693052661},"nu_0_22":{"0":0.793052661},"nu_0_23":{"0":0.893052661},"nu_0_24":{"0":0.993052661},"nu_0_25":{"0":1.093052661}}