{"calc_effective_T":{"0":70.0},"luminosity":{"0":0.04},"star_feh":{"0":0.1},"nu_0_18":{"0":0.6172778265},"nu_0_19":{"0":0.5172778265},"nu_0_20":{"0":0.4172778265},"nu_0_21":{"0":0.3172778265},"nu_0_22":{"0":0.2172778265},"nu_0_23":{"0":0.1172778265},"nu_0_24":{"0":0.2172778265},"nu_0_25":{"0":0.3172778265},"nu_0_26":{"0":0.4172778265},"nu_0_27":{"0":0.5172778265}}