{"calc_effective_T":{"0":70.0},"luminosity":{"0":0.04},"star_feh":{"0":0.1},"nu_0_17":{"0":0.756820686},"nu_0_18":{"0":0.656820686},"nu_0_19":{"0":0.556820686},"nu_0_20":{"0":0.456820686},"nu_0_21":{"0":0.356820686},"nu_0_22":{"0":0.256820686},"nu_0_23":{"0":0.356820686},"nu_0_24":{"0":0.456820686},"nu_0_25":{"0":0.556820686},"nu_0_26":{"0":0.656820686},"nu_0_27":{"0":0.756820686}}