{"calc_effective_T":{"0":70.0},"luminosity":{"0":0.04},"star_feh":{"0":0.1},"nu_0_16":{"0":1.1391511854},"nu_0_17":{"0":1.0391511854},"nu_0_18":{"0":0.9391511854},"nu_0_19":{"0":0.8391511854},"nu_0_20":{"0":0.7391511854},"nu_0_21":{"0":0.6391511854},"nu_0_22":{"0":0.5391511854},"nu_0_23":{"0":0.4391511854},"nu_0_24":{"0":0.5391511854},"nu_0_25":{"0":0.6391511854},"nu_0_26":{"0":0.7391511854},"nu_0_27":{"0":0.8391511854},"nu_0_28":{"0":0.9391511854},"nu_0_29":{"0":1.0391511854},"nu_0_30":{"0":1.1391511854},"nu_0_31":{"0":1.2391511854}}