{"calc_effective_T":{"0":70.0},"luminosity":{"0":0.04},"star_feh":{"0":0.1},"nu_0_12":{"0":0.3751993221},"nu_0_13":{"0":0.3551993221},"nu_0_14":{"0":0.3351993221},"nu_0_15":{"0":0.3151993221},"nu_0_16":{"0":0.2951993221},"nu_0_17":{"0":0.2751993221},"nu_0_18":{"0":0.3751993221},"nu_0_19":{"0":0.4751993221},"nu_0_20":{"0":0.5751993221},"nu_0_21":{"0":0.6751993221},"nu_0_22":{"0":0.7751993221},"nu_0_23":{"0":0.8751993221}}