{"calc_effective_T":{"0":70.0},"luminosity":{"0":0.04},"star_feh":{"0":0.1},"nu_0_8":{"0":0.2544667783},"nu_0_9":{"0":0.2344667783},"nu_0_10":{"0":0.2144667783},"nu_0_11":{"0":0.1944667783},"nu_0_12":{"0":0.1744667783},"nu_0_13":{"0":0.1544667783},"nu_0_14":{"0":0.1344667783},"nu_0_15":{"0":0.1144667783},"nu_0_16":{"0":0.0944667783},"nu_0_17":{"0":0.1944667783},"nu_0_18":{"0":0.2944667783},"nu_0_19":{"0":0.3944667783},"nu_0_20":{"0":0.4944667783},"nu_0_21":{"0":0.5944667783},"nu_0_22":{"0":0.6944667783},"nu_0_23":{"0":0.7944667783}}