{"calc_effective_T":{"0":70.0},"luminosity":{"0":0.04},"star_feh":{"0":0.1},"nu_0_9":{"0":0.3912483443},"nu_0_10":{"0":0.3712483443},"nu_0_11":{"0":0.3512483443},"nu_0_12":{"0":0.3312483443},"nu_0_13":{"0":0.3112483443},"nu_0_14":{"0":0.2912483443},"nu_0_15":{"0":0.2712483443},"nu_0_16":{"0":0.2512483443},"nu_0_17":{"0":0.2312483443},"nu_0_18":{"0":0.2112483443},"nu_0_19":{"0":0.3112483443},"nu_0_20":{"0":0.4112483443},"nu_0_21":{"0":0.5112483443},"nu_0_22":{"0":0.6112483443},"nu_0_23":{"0":0.7112483443},"nu_0_24":{"0":0.8112483443},"nu_0_25":{"0":0.9112483443},"nu_0_26":{"0":1.0112483443},"nu_0_27":{"0":1.1112483443}}