{"calc_effective_T":{"0":70.0},"luminosity":{"0":0.04},"star_feh":{"0":0.1},"nu_0_10":{"0":1.376246458},"nu_0_11":{"0":1.276246458},"nu_0_12":{"0":1.176246458},"nu_0_13":{"0":1.076246458},"nu_0_14":{"0":0.976246458},"nu_0_15":{"0":0.876246458},"nu_0_16":{"0":0.976246458},"nu_0_17":{"0":1.076246458},"nu_0_18":{"0":1.176246458},"nu_0_19":{"0":1.276246458}}