{"calc_effective_T":{"0":70.0},"luminosity":{"0":0.04},"star_feh":{"0":0.1},"nu_0_15":{"0":0.3057809059},"nu_0_16":{"0":0.2557809059},"nu_0_17":{"0":0.2057809059},"nu_0_18":{"0":0.1557809059},"nu_0_19":{"0":0.1057809059},"nu_0_20":{"0":0.2057809059},"nu_0_21":{"0":0.3057809059},"nu_0_22":{"0":0.4057809059},"nu_0_23":{"0":0.5057809059},"nu_0_24":{"0":0.6057809059}}