{"calc_effective_T":{"0":70.0},"luminosity":{"0":0.04},"star_feh":{"0":0.1},"nu_0_10":{"0":0.2963385699},"nu_0_11":{"0":0.2763385699},"nu_0_12":{"0":0.2563385699},"nu_0_13":{"0":0.2363385699},"nu_0_14":{"0":0.2163385699},"nu_0_15":{"0":0.1963385699},"nu_0_16":{"0":0.1763385699},"nu_0_17":{"0":0.2763385699},"nu_0_18":{"0":0.3763385699},"nu_0_19":{"0":0.4763385699},"nu_0_20":{"0":0.5763385699},"nu_0_21":{"0":0.6763385699},"nu_0_22":{"0":0.7763385699},"nu_0_23":{"0":0.8763385699}}