{"calc_effective_T":{"0":70.0},"luminosity":{"0":0.04},"star_feh":{"0":0.1},"nu_0_13":{"0":0.352457066},"nu_0_14":{"0":0.332457066},"nu_0_15":{"0":0.312457066},"nu_0_16":{"0":0.292457066},"nu_0_17":{"0":0.272457066},"nu_0_18":{"0":0.252457066},"nu_0_19":{"0":0.232457066},"nu_0_20":{"0":0.212457066},"nu_0_21":{"0":0.192457066},"nu_0_22":{"0":0.292457066},"nu_0_23":{"0":0.392457066},"nu_0_24":{"0":0.492457066},"nu_0_25":{"0":0.592457066},"nu_0_26":{"0":0.692457066},"nu_0_27":{"0":0.792457066},"nu_0_28":{"0":0.892457066},"nu_0_29":{"0":0.992457066},"nu_0_30":{"0":1.092457066}}