{"calc_effective_T":{"0":70.0},"luminosity":{"0":0.04},"star_feh":{"0":0.1},"nu_0_16":{"0":1.400461011},"nu_0_17":{"0":1.300461011},"nu_0_18":{"0":1.200461011},"nu_0_19":{"0":1.100461011},"nu_0_20":{"0":1.000461011},"nu_0_21":{"0":0.900461011},"nu_0_22":{"0":1.000461011},"nu_0_23":{"0":1.100461011},"nu_0_24":{"0":1.200461011},"nu_0_25":{"0":1.300461011}}