{"calc_effective_T":{"0":70.0},"luminosity":{"0":0.04},"star_feh":{"0":0.1},"nu_0_8":{"0":0.2749959257},"nu_0_9":{"0":0.2549959257},"nu_0_10":{"0":0.2349959257},"nu_0_11":{"0":0.2149959257},"nu_0_12":{"0":0.1949959257},"nu_0_13":{"0":0.1749959257},"nu_0_14":{"0":0.1549959257},"nu_0_15":{"0":0.2549959257},"nu_0_16":{"0":0.3549959257},"nu_0_17":{"0":0.4549959257},"nu_0_18":{"0":0.5549959257},"nu_0_19":{"0":0.6549959257},"nu_0_20":{"0":0.7549959257}}