{"calc_effective_T":{"0":70.0},"luminosity":{"0":0.04},"star_feh":{"0":0.1},"nu_0_11":{"0":0.3932249361},"nu_0_12":{"0":0.3732249361},"nu_0_13":{"0":0.3532249361},"nu_0_14":{"0":0.3332249361},"nu_0_15":{"0":0.3132249361},"nu_0_16":{"0":0.2932249361},"nu_0_17":{"0":0.2732249361},"nu_0_18":{"0":0.3732249361},"nu_0_19":{"0":0.4732249361},"nu_0_20":{"0":0.5732249361},"nu_0_21":{"0":0.6732249361},"nu_0_22":{"0":0.7732249361}}