{"calc_effective_T":{"0":70.0},"luminosity":{"0":0.04},"star_feh":{"0":0.1},"nu_0_15":{"0":0.9522924787},"nu_0_16":{"0":0.8522924787},"nu_0_17":{"0":0.7522924787},"nu_0_18":{"0":0.6522924787},"nu_0_19":{"0":0.5522924787},"nu_0_20":{"0":0.4522924787},"nu_0_21":{"0":0.3522924787},"nu_0_22":{"0":0.4522924787},"nu_0_23":{"0":0.5522924787},"nu_0_24":{"0":0.6522924787},"nu_0_25":{"0":0.7522924787},"nu_0_26":{"0":0.8522924787},"nu_0_27":{"0":0.9522924787}}