{"calc_effective_T":{"0":70.0},"luminosity":{"0":0.04},"star_feh":{"0":0.1},"nu_0_17":{"0":1.3314498857},"nu_0_18":{"0":1.2314498857},"nu_0_19":{"0":1.1314498857},"nu_0_20":{"0":1.0314498857},"nu_0_21":{"0":0.9314498857},"nu_0_22":{"0":1.0314498857},"nu_0_23":{"0":1.1314498857},"nu_0_24":{"0":1.2314498857},"nu_0_25":{"0":1.3314498857}}