{"calc_effective_T":{"0":70.0},"luminosity":{"0":0.04},"star_feh":{"0":0.1},"nu_0_8":{"0":1.2380704107},"nu_0_9":{"0":1.1380704107},"nu_0_10":{"0":1.0380704107},"nu_0_11":{"0":0.9380704107},"nu_0_12":{"0":0.8380704107},"nu_0_13":{"0":0.7380704107},"nu_0_14":{"0":0.6380704107},"nu_0_15":{"0":0.5380704107},"nu_0_16":{"0":0.4380704107},"nu_0_17":{"0":0.5380704107},"nu_0_18":{"0":0.6380704107},"nu_0_19":{"0":0.7380704107},"nu_0_20":{"0":0.8380704107},"nu_0_21":{"0":0.9380704107},"nu_0_22":{"0":1.0380704107},"nu_0_23":{"0":1.1380704107}}