{"calc_effective_T":{"0":70.0},"luminosity":{"0":0.04},"star_feh":{"0":0.1},"nu_0_15":{"0":1.4987905479},"nu_0_16":{"0":1.3987905479},"nu_0_17":{"0":1.2987905479},"nu_0_18":{"0":1.1987905479},"nu_0_19":{"0":1.0987905479},"nu_0_20":{"0":0.9987905479},"nu_0_21":{"0":0.8987905479},"nu_0_22":{"0":0.7987905479},"nu_0_23":{"0":0.8987905479},"nu_0_24":{"0":0.9987905479},"nu_0_25":{"0":1.0987905479},"nu_0_26":{"0":1.1987905479},"nu_0_27":{"0":1.2987905479},"nu_0_28":{"0":1.3987905479},"nu_0_29":{"0":1.4987905479}}