{"calc_effective_T":{"0":70.0},"luminosity":{"0":0.04},"star_feh":{"0":0.1},"nu_0_10":{"0":1.475758528},"nu_0_11":{"0":1.375758528},"nu_0_12":{"0":1.275758528},"nu_0_13":{"0":1.175758528},"nu_0_14":{"0":1.075758528},"nu_0_15":{"0":0.975758528},"nu_0_16":{"0":0.875758528},"nu_0_17":{"0":0.975758528},"nu_0_18":{"0":1.075758528},"nu_0_19":{"0":1.175758528},"nu_0_20":{"0":1.275758528},"nu_0_21":{"0":1.375758528}}