{"calc_effective_T":{"0":70.0},"luminosity":{"0":0.04},"star_feh":{"0":0.1},"nu_0_10":{"0":0.4074952506},"nu_0_11":{"0":0.3874952506},"nu_0_12":{"0":0.3674952506},"nu_0_13":{"0":0.3474952506},"nu_0_14":{"0":0.3274952506},"nu_0_15":{"0":0.3074952506},"nu_0_16":{"0":0.2874952506},"nu_0_17":{"0":0.2674952506},"nu_0_18":{"0":0.2474952506},"nu_0_19":{"0":0.3474952506},"nu_0_20":{"0":0.4474952506},"nu_0_21":{"0":0.5474952506},"nu_0_22":{"0":0.6474952506},"nu_0_23":{"0":0.7474952506},"nu_0_24":{"0":0.8474952506},"nu_0_25":{"0":0.9474952506},"nu_0_26":{"0":1.0474952506},"nu_0_27":{"0":1.1474952506}}