{"calc_effective_T":{"0":70.0},"luminosity":{"0":0.04},"star_feh":{"0":0.1},"nu_0_9":{"0":0.3716203053},"nu_0_10":{"0":0.3516203053},"nu_0_11":{"0":0.3316203053},"nu_0_12":{"0":0.3116203053},"nu_0_13":{"0":0.2916203053},"nu_0_14":{"0":0.2716203053},"nu_0_15":{"0":0.2516203053},"nu_0_16":{"0":0.2316203053},"nu_0_17":{"0":0.3316203053},"nu_0_18":{"0":0.4316203053},"nu_0_19":{"0":0.5316203053},"nu_0_20":{"0":0.6316203053},"nu_0_21":{"0":0.7316203053},"nu_0_22":{"0":0.8316203053}}