{"calc_effective_T":{"0":70.0},"luminosity":{"0":0.04},"star_feh":{"0":0.1},"nu_0_10":{"0":0.4057049971},"nu_0_11":{"0":0.3857049971},"nu_0_12":{"0":0.3657049971},"nu_0_13":{"0":0.3457049971},"nu_0_14":{"0":0.3257049971},"nu_0_15":{"0":0.3057049971},"nu_0_16":{"0":0.2857049971},"nu_0_17":{"0":0.2657049971},"nu_0_18":{"0":0.3657049971},"nu_0_19":{"0":0.4657049971},"nu_0_20":{"0":0.5657049971},"nu_0_21":{"0":0.6657049971},"nu_0_22":{"0":0.7657049971},"nu_0_23":{"0":0.8657049971},"nu_0_24":{"0":0.9657049971}}