{"calc_effective_T":{"0":70.0},"luminosity":{"0":0.04},"star_feh":{"0":0.1},"nu_0_17":{"0":1.030843882},"nu_0_18":{"0":0.930843882},"nu_0_19":{"0":0.830843882},"nu_0_20":{"0":0.730843882},"nu_0_21":{"0":0.630843882},"nu_0_22":{"0":0.530843882},"nu_0_23":{"0":0.630843882},"nu_0_24":{"0":0.730843882},"nu_0_25":{"0":0.830843882},"nu_0_26":{"0":0.930843882},"nu_0_27":{"0":1.030843882}}