{"calc_effective_T":{"0":70.0},"luminosity":{"0":0.04},"star_feh":{"0":0.1},"nu_0_18":{"0":0.3173141811},"nu_0_19":{"0":0.2973141811},"nu_0_20":{"0":0.2773141811},"nu_0_21":{"0":0.2573141811},"nu_0_22":{"0":0.2373141811},"nu_0_23":{"0":0.3373141811},"nu_0_24":{"0":0.4373141811},"nu_0_25":{"0":0.5373141811},"nu_0_26":{"0":0.6373141811}}