{"calc_effective_T":{"0":70.0},"luminosity":{"0":0.04},"star_feh":{"0":0.1},"nu_0_18":{"0":1.456701514},"nu_0_19":{"0":1.356701514},"nu_0_20":{"0":1.256701514},"nu_0_21":{"0":1.156701514},"nu_0_22":{"0":1.056701514},"nu_0_23":{"0":0.956701514},"nu_0_24":{"0":0.856701514},"nu_0_25":{"0":0.956701514},"nu_0_26":{"0":1.056701514},"nu_0_27":{"0":1.156701514},"nu_0_28":{"0":1.256701514},"nu_0_29":{"0":1.356701514},"nu_0_30":{"0":1.456701514},"nu_0_31":{"0":1.556701514}}