{"calc_effective_T":{"0":70.0},"luminosity":{"0":0.04},"star_feh":{"0":0.1},"nu_0_16":{"0":1.139247973},"nu_0_17":{"0":1.039247973},"nu_0_18":{"0":0.939247973},"nu_0_19":{"0":0.839247973},"nu_0_20":{"0":0.739247973},"nu_0_21":{"0":0.639247973},"nu_0_22":{"0":0.739247973},"nu_0_23":{"0":0.839247973},"nu_0_24":{"0":0.939247973},"nu_0_25":{"0":1.039247973},"nu_0_26":{"0":1.139247973}}