{"calc_effective_T":{"0":70.0},"luminosity":{"0":0.04},"star_feh":{"0":0.1},"nu_0_11":{"0":0.2462156477},"nu_0_12":{"0":0.2262156477},"nu_0_13":{"0":0.2062156477},"nu_0_14":{"0":0.1862156477},"nu_0_15":{"0":0.1662156477},"nu_0_16":{"0":0.2662156477},"nu_0_17":{"0":0.3662156477},"nu_0_18":{"0":0.4662156477},"nu_0_19":{"0":0.5662156477}}