{"calc_effective_T":{"0":70.0},"luminosity":{"0":0.04},"star_feh":{"0":0.1},"nu_0_9":{"0":0.2393884494},"nu_0_10":{"0":0.2193884494},"nu_0_11":{"0":0.1993884494},"nu_0_12":{"0":0.1793884494},"nu_0_13":{"0":0.1593884494},"nu_0_14":{"0":0.1393884494},"nu_0_15":{"0":0.1193884494},"nu_0_16":{"0":0.0993884494},"nu_0_17":{"0":0.0793884494},"nu_0_18":{"0":0.0593884494},"nu_0_19":{"0":0.1593884494},"nu_0_20":{"0":0.2593884494},"nu_0_21":{"0":0.3593884494},"nu_0_22":{"0":0.4593884494},"nu_0_23":{"0":0.5593884494},"nu_0_24":{"0":0.6593884494},"nu_0_25":{"0":0.7593884494},"nu_0_26":{"0":0.8593884494},"nu_0_27":{"0":0.9593884494}}