{"calc_effective_T":{"0":70.0},"luminosity":{"0":0.04},"star_feh":{"0":0.1},"nu_0_13":{"0":2.944643388},"nu_0_14":{"0":2.444643388},"nu_0_15":{"0":1.944643388},"nu_0_16":{"0":1.444643388},"nu_0_17":{"0":0.944643388},"nu_0_18":{"0":0.444643388},"nu_0_19":{"0":0.944643388},"nu_0_20":{"0":1.444643388},"nu_0_21":{"0":1.944643388},"nu_0_22":{"0":2.444643388},"nu_0_23":{"0":2.944643388}}