{"calc_effective_T":{"0":70.0},"luminosity":{"0":0.04},"star_feh":{"0":0.1},"nu_0_12":{"0":0.3702189252},"nu_0_13":{"0":0.3202189252},"nu_0_14":{"0":0.2702189252},"nu_0_15":{"0":0.2202189252},"nu_0_16":{"0":0.1702189252},"nu_0_17":{"0":0.1202189252},"nu_0_18":{"0":0.2202189252},"nu_0_19":{"0":0.3202189252},"nu_0_20":{"0":0.4202189252},"nu_0_21":{"0":0.5202189252},"nu_0_22":{"0":0.6202189252}}