{"calc_effective_T":{"0":70.0},"luminosity":{"0":0.04},"star_feh":{"0":0.1},"nu_0_17":{"0":0.3945525456},"nu_0_18":{"0":0.3745525456},"nu_0_19":{"0":0.3545525456},"nu_0_20":{"0":0.3345525456},"nu_0_21":{"0":0.3145525456},"nu_0_22":{"0":0.2945525456},"nu_0_23":{"0":0.2745525456},"nu_0_24":{"0":0.3745525456},"nu_0_25":{"0":0.4745525456},"nu_0_26":{"0":0.5745525456},"nu_0_27":{"0":0.6745525456},"nu_0_28":{"0":0.7745525456},"nu_0_29":{"0":0.8745525456}}