{"calc_effective_T":{"0":70.0},"luminosity":{"0":0.04},"star_feh":{"0":0.1},"nu_0_17":{"0":0.9653878203},"nu_0_18":{"0":0.8653878203},"nu_0_19":{"0":0.7653878203},"nu_0_20":{"0":0.6653878203},"nu_0_21":{"0":0.5653878203},"nu_0_22":{"0":0.4653878203},"nu_0_23":{"0":0.3653878203},"nu_0_24":{"0":0.2653878203},"nu_0_25":{"0":0.3653878203},"nu_0_26":{"0":0.4653878203},"nu_0_27":{"0":0.5653878203},"nu_0_28":{"0":0.6653878203},"nu_0_29":{"0":0.7653878203},"nu_0_30":{"0":0.8653878203},"nu_0_31":{"0":0.9653878203}}