{"calc_effective_T":{"0":70.0},"luminosity":{"0":0.04},"star_feh":{"0":0.1},"nu_0_10":{"0":1.159920205},"nu_0_11":{"0":1.059920205},"nu_0_12":{"0":0.959920205},"nu_0_13":{"0":0.859920205},"nu_0_14":{"0":0.759920205},"nu_0_15":{"0":0.859920205},"nu_0_16":{"0":0.959920205},"nu_0_17":{"0":1.059920205},"nu_0_18":{"0":1.159920205},"nu_0_19":{"0":1.259920205}}