{"calc_effective_T":{"0":70.0},"luminosity":{"0":0.04},"star_feh":{"0":0.1},"nu_0_9":{"0":0.2762040285},"nu_0_10":{"0":0.2562040285},"nu_0_11":{"0":0.2362040285},"nu_0_12":{"0":0.2162040285},"nu_0_13":{"0":0.1962040285},"nu_0_14":{"0":0.1762040285},"nu_0_15":{"0":0.1562040285},"nu_0_16":{"0":0.1362040285},"nu_0_17":{"0":0.2362040285},"nu_0_18":{"0":0.3362040285},"nu_0_19":{"0":0.4362040285},"nu_0_20":{"0":0.5362040285},"nu_0_21":{"0":0.6362040285},"nu_0_22":{"0":0.7362040285},"nu_0_23":{"0":0.8362040285}}