{"calc_effective_T":{"0":70.0},"luminosity":{"0":0.04},"star_feh":{"0":0.1},"nu_0_8":{"0":1.372232007},"nu_0_9":{"0":1.272232007},"nu_0_10":{"0":1.172232007},"nu_0_11":{"0":1.072232007},"nu_0_12":{"0":0.972232007},"nu_0_13":{"0":0.872232007},"nu_0_14":{"0":0.772232007},"nu_0_15":{"0":0.872232007},"nu_0_16":{"0":0.972232007},"nu_0_17":{"0":1.072232007},"nu_0_18":{"0":1.172232007},"nu_0_19":{"0":1.272232007}}