{"calc_effective_T":{"0":70.0},"luminosity":{"0":0.04},"star_feh":{"0":0.1},"nu_0_9":{"0":0.2121337123},"nu_0_10":{"0":0.1921337123},"nu_0_11":{"0":0.1721337123},"nu_0_12":{"0":0.1521337123},"nu_0_13":{"0":0.1321337123},"nu_0_14":{"0":0.1121337123},"nu_0_15":{"0":0.0921337123},"nu_0_16":{"0":0.0721337123},"nu_0_17":{"0":0.0521337123},"nu_0_18":{"0":0.1521337123},"nu_0_19":{"0":0.2521337123},"nu_0_20":{"0":0.3521337123},"nu_0_21":{"0":0.4521337123},"nu_0_22":{"0":0.5521337123},"nu_0_23":{"0":0.6521337123},"nu_0_24":{"0":0.7521337123},"nu_0_25":{"0":0.8521337123}}