{"calc_effective_T":{"0":70.0},"luminosity":{"0":0.04},"star_feh":{"0":0.1},"nu_0_10":{"0":3.4320090025},"nu_0_11":{"0":2.9320090025},"nu_0_12":{"0":2.4320090025},"nu_0_13":{"0":1.9320090025},"nu_0_14":{"0":1.4320090025},"nu_0_15":{"0":0.9320090025},"nu_0_16":{"0":0.4320090025},"nu_0_17":{"0":0.9320090025},"nu_0_18":{"0":1.4320090025},"nu_0_19":{"0":1.9320090025},"nu_0_20":{"0":2.4320090025},"nu_0_21":{"0":2.9320090025}}