{"calc_effective_T":{"0":70.0},"luminosity":{"0":0.04},"star_feh":{"0":0.1},"nu_0_17":{"0":0.5465718032},"nu_0_18":{"0":0.4465718032},"nu_0_19":{"0":0.3465718032},"nu_0_20":{"0":0.2465718032},"nu_0_21":{"0":0.1465718032},"nu_0_22":{"0":0.2465718032},"nu_0_23":{"0":0.3465718032},"nu_0_24":{"0":0.4465718032},"nu_0_25":{"0":0.5465718032}}