{"calc_effective_T":{"0":70.0},"luminosity":{"0":0.04},"star_feh":{"0":0.1},"nu_0_11":{"0":0.5500454885},"nu_0_12":{"0":0.5000454885},"nu_0_13":{"0":0.4500454885},"nu_0_14":{"0":0.4000454885},"nu_0_15":{"0":0.3500454885},"nu_0_16":{"0":0.3000454885},"nu_0_17":{"0":0.2500454885},"nu_0_18":{"0":0.2000454885},"nu_0_19":{"0":0.3000454885},"nu_0_20":{"0":0.4000454885},"nu_0_21":{"0":0.5000454885},"nu_0_22":{"0":0.6000454885},"nu_0_23":{"0":0.7000454885},"nu_0_24":{"0":0.8000454885}}