{"calc_effective_T":{"0":70.0},"luminosity":{"0":0.04},"star_feh":{"0":0.1},"nu_0_14":{"0":1.606239453},"nu_0_15":{"0":1.506239453},"nu_0_16":{"0":1.406239453},"nu_0_17":{"0":1.306239453},"nu_0_18":{"0":1.206239453},"nu_0_19":{"0":1.106239453},"nu_0_20":{"0":1.006239453},"nu_0_21":{"0":0.906239453},"nu_0_22":{"0":1.006239453},"nu_0_23":{"0":1.106239453},"nu_0_24":{"0":1.206239453},"nu_0_25":{"0":1.306239453},"nu_0_26":{"0":1.406239453},"nu_0_27":{"0":1.506239453},"nu_0_28":{"0":1.606239453}}