{"calc_effective_T":{"0":70.0},"luminosity":{"0":0.04},"star_feh":{"0":0.1},"nu_0_6":{"0":0.3623024891},"nu_0_7":{"0":0.3423024891},"nu_0_8":{"0":0.3223024891},"nu_0_9":{"0":0.3023024891},"nu_0_10":{"0":0.2823024891},"nu_0_11":{"0":0.2623024891},"nu_0_12":{"0":0.2423024891},"nu_0_13":{"0":0.2223024891},"nu_0_14":{"0":0.2023024891},"nu_0_15":{"0":0.1823024891},"nu_0_16":{"0":0.1623024891},"nu_0_17":{"0":0.2623024891},"nu_0_18":{"0":0.3623024891},"nu_0_19":{"0":0.4623024891},"nu_0_20":{"0":0.5623024891},"nu_0_21":{"0":0.6623024891},"nu_0_22":{"0":0.7623024891},"nu_0_23":{"0":0.8623024891},"nu_0_24":{"0":0.9623024891},"nu_0_25":{"0":1.0623024891}}