{"calc_effective_T":{"0":70.0},"luminosity":{"0":0.04},"star_feh":{"0":0.1},"nu_0_15":{"0":1.6427283506},"nu_0_16":{"0":1.5427283506},"nu_0_17":{"0":1.4427283506},"nu_0_18":{"0":1.3427283506},"nu_0_19":{"0":1.2427283506},"nu_0_20":{"0":1.1427283506},"nu_0_21":{"0":1.0427283506},"nu_0_22":{"0":0.9427283506},"nu_0_23":{"0":0.8427283506},"nu_0_24":{"0":0.9427283506},"nu_0_25":{"0":1.0427283506},"nu_0_26":{"0":1.1427283506},"nu_0_27":{"0":1.2427283506},"nu_0_28":{"0":1.3427283506},"nu_0_29":{"0":1.4427283506},"nu_0_30":{"0":1.5427283506}}