{"calc_effective_T":{"0":70.0},"luminosity":{"0":0.04},"star_feh":{"0":0.1},"nu_0_12":{"0":0.4571164074},"nu_0_13":{"0":0.4371164074},"nu_0_14":{"0":0.4171164074},"nu_0_15":{"0":0.3971164074},"nu_0_16":{"0":0.3771164074},"nu_0_17":{"0":0.3571164074},"nu_0_18":{"0":0.3371164074},"nu_0_19":{"0":0.3171164074},"nu_0_20":{"0":0.2971164074},"nu_0_21":{"0":0.3971164074},"nu_0_22":{"0":0.4971164074},"nu_0_23":{"0":0.5971164074},"nu_0_24":{"0":0.6971164074},"nu_0_25":{"0":0.7971164074},"nu_0_26":{"0":0.8971164074},"nu_0_27":{"0":0.9971164074}}