{"calc_effective_T":{"0":70.0},"luminosity":{"0":0.04},"star_feh":{"0":0.1},"nu_0_10":{"0":0.7375928854},"nu_0_11":{"0":0.6375928854},"nu_0_12":{"0":0.5375928854},"nu_0_13":{"0":0.4375928854},"nu_0_14":{"0":0.3375928854},"nu_0_15":{"0":0.2375928854},"nu_0_16":{"0":0.1375928854},"nu_0_17":{"0":0.2375928854},"nu_0_18":{"0":0.3375928854},"nu_0_19":{"0":0.4375928854},"nu_0_20":{"0":0.5375928854},"nu_0_21":{"0":0.6375928854},"nu_0_22":{"0":0.7375928854}}