{"calc_effective_T":{"0":70.0},"luminosity":{"0":0.04},"star_feh":{"0":0.1},"nu_0_16":{"0":1.443035378},"nu_0_17":{"0":1.343035378},"nu_0_18":{"0":1.243035378},"nu_0_19":{"0":1.143035378},"nu_0_20":{"0":1.043035378},"nu_0_21":{"0":0.943035378},"nu_0_22":{"0":0.843035378},"nu_0_23":{"0":0.743035378},"nu_0_24":{"0":0.843035378},"nu_0_25":{"0":0.943035378},"nu_0_26":{"0":1.043035378},"nu_0_27":{"0":1.143035378},"nu_0_28":{"0":1.243035378},"nu_0_29":{"0":1.343035378},"nu_0_30":{"0":1.443035378}}