{"calc_effective_T":{"0":70.0},"luminosity":{"0":0.04},"star_feh":{"0":0.1},"nu_0_17":{"0":1.182500332},"nu_0_18":{"0":1.082500332},"nu_0_19":{"0":0.982500332},"nu_0_20":{"0":0.882500332},"nu_0_21":{"0":0.782500332},"nu_0_22":{"0":0.882500332},"nu_0_23":{"0":0.982500332},"nu_0_24":{"0":1.082500332},"nu_0_25":{"0":1.182500332}}