{"calc_effective_T":{"0":70.0},"luminosity":{"0":0.04},"star_feh":{"0":0.1},"nu_0_18":{"0":0.5992493526},"nu_0_19":{"0":0.4992493526},"nu_0_20":{"0":0.3992493526},"nu_0_21":{"0":0.2992493526},"nu_0_22":{"0":0.1992493526},"nu_0_23":{"0":0.2992493526},"nu_0_24":{"0":0.3992493526},"nu_0_25":{"0":0.4992493526},"nu_0_26":{"0":0.5992493526},"nu_0_27":{"0":0.6992493526}}