{"calc_effective_T":{"0":70.0},"luminosity":{"0":0.04},"star_feh":{"0":0.1},"nu_0_10":{"0":0.29727891},"nu_0_11":{"0":0.27727891},"nu_0_12":{"0":0.25727891},"nu_0_13":{"0":0.23727891},"nu_0_14":{"0":0.21727891},"nu_0_15":{"0":0.19727891},"nu_0_16":{"0":0.17727891},"nu_0_17":{"0":0.15727891},"nu_0_18":{"0":0.13727891},"nu_0_19":{"0":0.11727891},"nu_0_20":{"0":0.09727891},"nu_0_21":{"0":0.19727891},"nu_0_22":{"0":0.29727891},"nu_0_23":{"0":0.39727891},"nu_0_24":{"0":0.49727891},"nu_0_25":{"0":0.59727891},"nu_0_26":{"0":0.69727891},"nu_0_27":{"0":0.79727891},"nu_0_28":{"0":0.89727891},"nu_0_29":{"0":0.99727891}}