{"calc_effective_T":{"0":70.0},"luminosity":{"0":0.04},"star_feh":{"0":0.1},"nu_0_17":{"0":0.939002765},"nu_0_18":{"0":0.839002765},"nu_0_19":{"0":0.739002765},"nu_0_20":{"0":0.639002765},"nu_0_21":{"0":0.539002765},"nu_0_22":{"0":0.639002765},"nu_0_23":{"0":0.739002765},"nu_0_24":{"0":0.839002765},"nu_0_25":{"0":0.939002765}}