{"calc_effective_T":{"0":70.0},"luminosity":{"0":0.04},"star_feh":{"0":0.1},"nu_0_7":{"0":0.2491111774},"nu_0_8":{"0":0.2291111774},"nu_0_9":{"0":0.2091111774},"nu_0_10":{"0":0.1891111774},"nu_0_11":{"0":0.1691111774},"nu_0_12":{"0":0.1491111774},"nu_0_13":{"0":0.1291111774},"nu_0_14":{"0":0.1091111774},"nu_0_15":{"0":0.2091111774},"nu_0_16":{"0":0.3091111774},"nu_0_17":{"0":0.4091111774},"nu_0_18":{"0":0.5091111774},"nu_0_19":{"0":0.6091111774},"nu_0_20":{"0":0.7091111774},"nu_0_21":{"0":0.8091111774}}