{"calc_effective_T":{"0":70.0},"luminosity":{"0":0.04},"star_feh":{"0":0.1},"nu_0_14":{"0":0.1757023339},"nu_0_15":{"0":0.1557023339},"nu_0_16":{"0":0.1357023339},"nu_0_17":{"0":0.1157023339},"nu_0_18":{"0":0.0957023339},"nu_0_19":{"0":0.1957023339},"nu_0_20":{"0":0.2957023339},"nu_0_21":{"0":0.3957023339},"nu_0_22":{"0":0.4957023339}}