{"calc_effective_T":{"0":70.0},"luminosity":{"0":0.04},"star_feh":{"0":0.1},"nu_0_20":{"0":0.5903279972},"nu_0_21":{"0":0.4903279972},"nu_0_22":{"0":0.3903279972},"nu_0_23":{"0":0.2903279972},"nu_0_24":{"0":0.1903279972},"nu_0_25":{"0":0.2903279972},"nu_0_26":{"0":0.3903279972},"nu_0_27":{"0":0.4903279972},"nu_0_28":{"0":0.5903279972},"nu_0_29":{"0":0.6903279972}}