{"calc_effective_T":{"0":70.0},"luminosity":{"0":0.04},"star_feh":{"0":0.1},"nu_0_14":{"0":0.1861728413},"nu_0_15":{"0":0.1661728413},"nu_0_16":{"0":0.1461728413},"nu_0_17":{"0":0.1261728413},"nu_0_18":{"0":0.1061728413},"nu_0_19":{"0":0.0861728413},"nu_0_20":{"0":0.0661728413},"nu_0_21":{"0":0.0461728413},"nu_0_22":{"0":0.1461728413},"nu_0_23":{"0":0.2461728413},"nu_0_24":{"0":0.3461728413},"nu_0_25":{"0":0.4461728413},"nu_0_26":{"0":0.5461728413},"nu_0_27":{"0":0.6461728413},"nu_0_28":{"0":0.7461728413}}