{"calc_effective_T":{"0":70.0},"luminosity":{"0":0.04},"star_feh":{"0":0.1},"nu_0_18":{"0":0.598074396},"nu_0_19":{"0":0.498074396},"nu_0_20":{"0":0.398074396},"nu_0_21":{"0":0.298074396},"nu_0_22":{"0":0.198074396},"nu_0_23":{"0":0.298074396},"nu_0_24":{"0":0.398074396},"nu_0_25":{"0":0.498074396},"nu_0_26":{"0":0.598074396}}