{"calc_effective_T":{"0":70.0},"luminosity":{"0":0.04},"star_feh":{"0":0.1},"nu_0_10":{"0":0.3043633231},"nu_0_11":{"0":0.2843633231},"nu_0_12":{"0":0.2643633231},"nu_0_13":{"0":0.2443633231},"nu_0_14":{"0":0.2243633231},"nu_0_15":{"0":0.2043633231},"nu_0_16":{"0":0.1843633231},"nu_0_17":{"0":0.2843633231},"nu_0_18":{"0":0.3843633231},"nu_0_19":{"0":0.4843633231},"nu_0_20":{"0":0.5843633231},"nu_0_21":{"0":0.6843633231},"nu_0_22":{"0":0.7843633231},"nu_0_23":{"0":0.8843633231}}