{"calc_effective_T":{"0":70.0},"luminosity":{"0":0.04},"star_feh":{"0":0.1},"nu_0_11":{"0":1.074148611},"nu_0_12":{"0":0.974148611},"nu_0_13":{"0":0.874148611},"nu_0_14":{"0":0.774148611},"nu_0_15":{"0":0.674148611},"nu_0_16":{"0":0.574148611},"nu_0_17":{"0":0.474148611},"nu_0_18":{"0":0.574148611},"nu_0_19":{"0":0.674148611},"nu_0_20":{"0":0.774148611},"nu_0_21":{"0":0.874148611},"nu_0_22":{"0":0.974148611},"nu_0_23":{"0":1.074148611},"nu_0_24":{"0":1.174148611}}