{"calc_effective_T":{"0":70.0},"luminosity":{"0":0.04},"star_feh":{"0":0.1},"nu_0_19":{"0":0.8101874276},"nu_0_20":{"0":0.7101874276},"nu_0_21":{"0":0.6101874276},"nu_0_22":{"0":0.5101874276},"nu_0_23":{"0":0.4101874276},"nu_0_24":{"0":0.3101874276},"nu_0_25":{"0":0.2101874276},"nu_0_26":{"0":0.3101874276},"nu_0_27":{"0":0.4101874276},"nu_0_28":{"0":0.5101874276},"nu_0_29":{"0":0.6101874276},"nu_0_30":{"0":0.7101874276}}