{"calc_effective_T":{"0":70.0},"luminosity":{"0":0.04},"star_feh":{"0":0.1},"nu_0_10":{"0":1.0030057289},"nu_0_11":{"0":0.9030057289},"nu_0_12":{"0":0.8030057289},"nu_0_13":{"0":0.7030057289},"nu_0_14":{"0":0.6030057289},"nu_0_15":{"0":0.5030057289},"nu_0_16":{"0":0.4030057289},"nu_0_17":{"0":0.5030057289},"nu_0_18":{"0":0.6030057289},"nu_0_19":{"0":0.7030057289},"nu_0_20":{"0":0.8030057289},"nu_0_21":{"0":0.9030057289},"nu_0_22":{"0":1.0030057289}}