{"calc_effective_T":{"0":70.0},"luminosity":{"0":0.04},"star_feh":{"0":0.1},"nu_0_7":{"0":0.350775983},"nu_0_8":{"0":0.330775983},"nu_0_9":{"0":0.310775983},"nu_0_10":{"0":0.290775983},"nu_0_11":{"0":0.270775983},"nu_0_12":{"0":0.250775983},"nu_0_13":{"0":0.230775983},"nu_0_14":{"0":0.210775983},"nu_0_15":{"0":0.190775983},"nu_0_16":{"0":0.170775983},"nu_0_17":{"0":0.270775983},"nu_0_18":{"0":0.370775983},"nu_0_19":{"0":0.470775983},"nu_0_20":{"0":0.570775983},"nu_0_21":{"0":0.670775983},"nu_0_22":{"0":0.770775983},"nu_0_23":{"0":0.870775983},"nu_0_24":{"0":0.970775983},"nu_0_25":{"0":1.070775983}}