{"calc_effective_T":{"0":700.0},"luminosity":{"0":0.4},"star_feh":{"0":1.0},"nu_0_15":{"0":13.1889440446},"nu_0_16":{"0":12.1889440446},"nu_0_17":{"0":11.1889440446},"nu_0_18":{"0":10.1889440446},"nu_0_19":{"0":9.1889440446},"nu_0_20":{"0":8.1889440446},"nu_0_21":{"0":9.1889440446},"nu_0_22":{"0":10.1889440446},"nu_0_23":{"0":11.1889440446},"nu_0_24":{"0":12.1889440446},"nu_0_25":{"0":13.1889440446}}