{"calc_effective_T":{"0":0.00000001},"luminosity":{"0":0.00000001},"star_feh":{"0":0.00000001},"nu_0_10":{"0":0.00000006},"nu_0_11":{"0":0.00000005},"nu_0_12":{"0":0.00000004},"nu_0_13":{"0":0.00000003},"nu_0_14":{"0":0.00000002},"nu_0_15":{"0":0.00000001},"nu_0_16":{"0":0.00000002},"nu_0_17":{"0":0.00000003},"nu_0_18":{"0":0.00000004},"nu_0_19":{"0":0.00000005},"nu_0_20":{"0":0.00000006}}