{"calc_effective_T":{"0":70.0},"luminosity":{"0":0.04},"star_feh":{"0":0.1},"nu_0_17":{"0":1.127516937},"nu_0_18":{"0":1.027516937},"nu_0_19":{"0":0.927516937},"nu_0_20":{"0":0.827516937},"nu_0_21":{"0":0.727516937},"nu_0_22":{"0":0.627516937},"nu_0_23":{"0":0.527516937},"nu_0_24":{"0":0.627516937},"nu_0_25":{"0":0.727516937},"nu_0_26":{"0":0.827516937},"nu_0_27":{"0":0.927516937},"nu_0_28":{"0":1.027516937},"nu_0_29":{"0":1.127516937},"nu_0_30":{"0":1.227516937}}