{"calc_effective_T":{"0":70.0},"luminosity":{"0":0.04},"star_feh":{"0":0.1},"nu_0_14":{"0":0.175168753},"nu_0_15":{"0":0.155168753},"nu_0_16":{"0":0.135168753},"nu_0_17":{"0":0.115168753},"nu_0_18":{"0":0.095168753},"nu_0_19":{"0":0.075168753},"nu_0_20":{"0":0.055168753},"nu_0_21":{"0":0.035168753},"nu_0_22":{"0":0.135168753},"nu_0_23":{"0":0.235168753},"nu_0_24":{"0":0.335168753},"nu_0_25":{"0":0.435168753},"nu_0_26":{"0":0.535168753},"nu_0_27":{"0":0.635168753},"nu_0_28":{"0":0.735168753},"nu_0_29":{"0":0.835168753}}