{"calc_effective_T":{"0":70.0},"luminosity":{"0":0.04},"star_feh":{"0":0.1},"nu_0_12":{"0":0.4329754126},"nu_0_13":{"0":0.3829754126},"nu_0_14":{"0":0.3329754126},"nu_0_15":{"0":0.2829754126},"nu_0_16":{"0":0.2329754126},"nu_0_17":{"0":0.1829754126},"nu_0_18":{"0":0.1329754126},"nu_0_19":{"0":0.0829754126},"nu_0_20":{"0":0.0329754126},"nu_0_21":{"0":0.1329754126},"nu_0_22":{"0":0.2329754126},"nu_0_23":{"0":0.3329754126},"nu_0_24":{"0":0.4329754126},"nu_0_25":{"0":0.5329754126},"nu_0_26":{"0":0.6329754126},"nu_0_27":{"0":0.7329754126}}