{"calc_effective_T":{"0":70.0},"luminosity":{"0":0.04},"star_feh":{"0":0.1},"nu_0_17":{"0":0.2525946508},"nu_0_18":{"0":0.2325946508},"nu_0_19":{"0":0.2125946508},"nu_0_20":{"0":0.1925946508},"nu_0_21":{"0":0.1725946508},"nu_0_22":{"0":0.1525946508},"nu_0_23":{"0":0.2525946508},"nu_0_24":{"0":0.3525946508},"nu_0_25":{"0":0.4525946508},"nu_0_26":{"0":0.5525946508},"nu_0_27":{"0":0.6525946508}}