{"calc_effective_T":{"0":70.0},"luminosity":{"0":0.04},"star_feh":{"0":0.1},"nu_0_15":{"0":0.1878222467},"nu_0_16":{"0":0.1678222467},"nu_0_17":{"0":0.1478222467},"nu_0_18":{"0":0.1278222467},"nu_0_19":{"0":0.1078222467},"nu_0_20":{"0":0.0878222467},"nu_0_21":{"0":0.0678222467},"nu_0_22":{"0":0.1678222467},"nu_0_23":{"0":0.2678222467},"nu_0_24":{"0":0.3678222467},"nu_0_25":{"0":0.4678222467},"nu_0_26":{"0":0.5678222467}}