{"calc_effective_T":{"0":70.0},"luminosity":{"0":0.04},"star_feh":{"0":0.1},"nu_0_12":{"0":0.8178428168},"nu_0_13":{"0":0.7178428168},"nu_0_14":{"0":0.6178428168},"nu_0_15":{"0":0.5178428168},"nu_0_16":{"0":0.4178428168},"nu_0_17":{"0":0.3178428168},"nu_0_18":{"0":0.2178428168},"nu_0_19":{"0":0.1178428168},"nu_0_20":{"0":0.2178428168},"nu_0_21":{"0":0.3178428168},"nu_0_22":{"0":0.4178428168},"nu_0_23":{"0":0.5178428168},"nu_0_24":{"0":0.6178428168},"nu_0_25":{"0":0.7178428168}}