{"calc_effective_T":{"0":70.0},"luminosity":{"0":0.04},"star_feh":{"0":0.1},"nu_0_11":{"0":0.2507617548},"nu_0_12":{"0":0.2307617548},"nu_0_13":{"0":0.2107617548},"nu_0_14":{"0":0.1907617548},"nu_0_15":{"0":0.1707617548},"nu_0_16":{"0":0.1507617548},"nu_0_17":{"0":0.1307617548},"nu_0_18":{"0":0.1107617548},"nu_0_19":{"0":0.0907617548},"nu_0_20":{"0":0.0707617548},"nu_0_21":{"0":0.1707617548},"nu_0_22":{"0":0.2707617548},"nu_0_23":{"0":0.3707617548},"nu_0_24":{"0":0.4707617548},"nu_0_25":{"0":0.5707617548},"nu_0_26":{"0":0.6707617548},"nu_0_27":{"0":0.7707617548},"nu_0_28":{"0":0.8707617548},"nu_0_29":{"0":0.9707617548}}