{"calc_effective_T":{"0":70.0},"luminosity":{"0":0.04},"star_feh":{"0":0.1},"nu_0_14":{"0":0.454047868},"nu_0_15":{"0":0.404047868},"nu_0_16":{"0":0.354047868},"nu_0_17":{"0":0.304047868},"nu_0_18":{"0":0.254047868},"nu_0_19":{"0":0.354047868},"nu_0_20":{"0":0.454047868},"nu_0_21":{"0":0.554047868},"nu_0_22":{"0":0.654047868}}