{"calc_effective_T":{"0":70.0},"luminosity":{"0":0.04},"star_feh":{"0":0.1},"nu_0_6":{"0":0.2688851191},"nu_0_7":{"0":0.2488851191},"nu_0_8":{"0":0.2288851191},"nu_0_9":{"0":0.2088851191},"nu_0_10":{"0":0.1888851191},"nu_0_11":{"0":0.1688851191},"nu_0_12":{"0":0.1488851191},"nu_0_13":{"0":0.1288851191},"nu_0_14":{"0":0.1088851191},"nu_0_15":{"0":0.0888851191},"nu_0_16":{"0":0.0688851191},"nu_0_17":{"0":0.1688851191},"nu_0_18":{"0":0.2688851191},"nu_0_19":{"0":0.3688851191},"nu_0_20":{"0":0.4688851191},"nu_0_21":{"0":0.5688851191},"nu_0_22":{"0":0.6688851191},"nu_0_23":{"0":0.7688851191},"nu_0_24":{"0":0.8688851191},"nu_0_25":{"0":0.9688851191}}