{"calc_effective_T":{"0":70.0},"luminosity":{"0":0.04},"star_feh":{"0":0.1},"nu_0_9":{"0":3.6810303407},"nu_0_10":{"0":3.1810303407},"nu_0_11":{"0":2.6810303407},"nu_0_12":{"0":2.1810303407},"nu_0_13":{"0":1.6810303407},"nu_0_14":{"0":1.1810303407},"nu_0_15":{"0":0.6810303407},"nu_0_16":{"0":0.1810303407},"nu_0_17":{"0":0.6810303407},"nu_0_18":{"0":1.1810303407},"nu_0_19":{"0":1.6810303407},"nu_0_20":{"0":2.1810303407},"nu_0_21":{"0":2.6810303407},"nu_0_22":{"0":3.1810303407},"nu_0_23":{"0":3.6810303407}}