{"calc_effective_T":{"0":70.0},"luminosity":{"0":0.04},"star_feh":{"0":0.1},"nu_0_10":{"0":0.2425180225},"nu_0_11":{"0":0.2225180225},"nu_0_12":{"0":0.2025180225},"nu_0_13":{"0":0.1825180225},"nu_0_14":{"0":0.1625180225},"nu_0_15":{"0":0.1425180225},"nu_0_16":{"0":0.1225180225},"nu_0_17":{"0":0.1025180225},"nu_0_18":{"0":0.0825180225},"nu_0_19":{"0":0.0625180225},"nu_0_20":{"0":0.1625180225},"nu_0_21":{"0":0.2625180225},"nu_0_22":{"0":0.3625180225},"nu_0_23":{"0":0.4625180225},"nu_0_24":{"0":0.5625180225},"nu_0_25":{"0":0.6625180225},"nu_0_26":{"0":0.7625180225},"nu_0_27":{"0":0.8625180225},"nu_0_28":{"0":0.9625180225}}