{"calc_effective_T":{"0":70.0},"luminosity":{"0":0.04},"star_feh":{"0":0.1},"nu_0_10":{"0":0.491567286},"nu_0_11":{"0":0.441567286},"nu_0_12":{"0":0.391567286},"nu_0_13":{"0":0.341567286},"nu_0_14":{"0":0.291567286},"nu_0_15":{"0":0.241567286},"nu_0_16":{"0":0.191567286},"nu_0_17":{"0":0.291567286},"nu_0_18":{"0":0.391567286},"nu_0_19":{"0":0.491567286},"nu_0_20":{"0":0.591567286},"nu_0_21":{"0":0.691567286}}