{"calc_effective_T":{"0":70.0},"luminosity":{"0":0.04},"star_feh":{"0":0.1},"nu_0_13":{"0":0.4438445265},"nu_0_14":{"0":0.4238445265},"nu_0_15":{"0":0.4038445265},"nu_0_16":{"0":0.3838445265},"nu_0_17":{"0":0.3638445265},"nu_0_18":{"0":0.3438445265},"nu_0_19":{"0":0.3238445265},"nu_0_20":{"0":0.3038445265},"nu_0_21":{"0":0.2838445265},"nu_0_22":{"0":0.3838445265},"nu_0_23":{"0":0.4838445265},"nu_0_24":{"0":0.5838445265},"nu_0_25":{"0":0.6838445265},"nu_0_26":{"0":0.7838445265},"nu_0_27":{"0":0.8838445265},"nu_0_28":{"0":0.9838445265}}