{"calc_effective_T":{"0":70.0},"luminosity":{"0":0.04},"star_feh":{"0":0.1},"nu_0_12":{"0":0.4308258632},"nu_0_13":{"0":0.4108258632},"nu_0_14":{"0":0.3908258632},"nu_0_15":{"0":0.3708258632},"nu_0_16":{"0":0.3508258632},"nu_0_17":{"0":0.3308258632},"nu_0_18":{"0":0.3108258632},"nu_0_19":{"0":0.2908258632},"nu_0_20":{"0":0.2708258632},"nu_0_21":{"0":0.2508258632},"nu_0_22":{"0":0.3508258632},"nu_0_23":{"0":0.4508258632},"nu_0_24":{"0":0.5508258632},"nu_0_25":{"0":0.6508258632},"nu_0_26":{"0":0.7508258632},"nu_0_27":{"0":0.8508258632},"nu_0_28":{"0":0.9508258632},"nu_0_29":{"0":1.0508258632},"nu_0_30":{"0":1.1508258632}}