{"calc_effective_T":{"0":70.0},"luminosity":{"0":0.04},"star_feh":{"0":0.1},"nu_0_13":{"0":1.0184472829},"nu_0_14":{"0":0.9184472829},"nu_0_15":{"0":0.8184472829},"nu_0_16":{"0":0.7184472829},"nu_0_17":{"0":0.6184472829},"nu_0_18":{"0":0.5184472829},"nu_0_19":{"0":0.4184472829},"nu_0_20":{"0":0.5184472829},"nu_0_21":{"0":0.6184472829},"nu_0_22":{"0":0.7184472829},"nu_0_23":{"0":0.8184472829},"nu_0_24":{"0":0.9184472829},"nu_0_25":{"0":1.0184472829}}