{"calc_effective_T":{"0":70.0},"luminosity":{"0":0.04},"star_feh":{"0":0.1},"nu_0_17":{"0":0.7966500095},"nu_0_18":{"0":0.6966500095},"nu_0_19":{"0":0.5966500095},"nu_0_20":{"0":0.4966500095},"nu_0_21":{"0":0.3966500095},"nu_0_22":{"0":0.2966500095},"nu_0_23":{"0":0.3966500095},"nu_0_24":{"0":0.4966500095},"nu_0_25":{"0":0.5966500095},"nu_0_26":{"0":0.6966500095},"nu_0_27":{"0":0.7966500095}}