{"calc_effective_T":{"0":70.0},"luminosity":{"0":0.04},"star_feh":{"0":0.1},"nu_0_17":{"0":1.580669427},"nu_0_18":{"0":1.480669427},"nu_0_19":{"0":1.380669427},"nu_0_20":{"0":1.280669427},"nu_0_21":{"0":1.180669427},"nu_0_22":{"0":1.080669427},"nu_0_23":{"0":0.980669427},"nu_0_24":{"0":0.880669427},"nu_0_25":{"0":0.980669427},"nu_0_26":{"0":1.080669427},"nu_0_27":{"0":1.180669427},"nu_0_28":{"0":1.280669427},"nu_0_29":{"0":1.380669427},"nu_0_30":{"0":1.480669427}}