{"calc_effective_T":{"0":70.0},"luminosity":{"0":0.04},"star_feh":{"0":0.1},"nu_0_16":{"0":1.5672657014},"nu_0_17":{"0":1.4672657014},"nu_0_18":{"0":1.3672657014},"nu_0_19":{"0":1.2672657014},"nu_0_20":{"0":1.1672657014},"nu_0_21":{"0":1.0672657014},"nu_0_22":{"0":0.9672657014},"nu_0_23":{"0":0.8672657014},"nu_0_24":{"0":0.9672657014},"nu_0_25":{"0":1.0672657014},"nu_0_26":{"0":1.1672657014},"nu_0_27":{"0":1.2672657014},"nu_0_28":{"0":1.3672657014},"nu_0_29":{"0":1.4672657014},"nu_0_30":{"0":1.5672657014}}