{"calc_effective_T":{"0":70.0},"luminosity":{"0":0.04},"star_feh":{"0":0.1},"nu_0_16":{"0":0.2434930239},"nu_0_17":{"0":0.2234930239},"nu_0_18":{"0":0.2034930239},"nu_0_19":{"0":0.1834930239},"nu_0_20":{"0":0.1634930239},"nu_0_21":{"0":0.1434930239},"nu_0_22":{"0":0.2434930239},"nu_0_23":{"0":0.3434930239},"nu_0_24":{"0":0.4434930239},"nu_0_25":{"0":0.5434930239},"nu_0_26":{"0":0.6434930239}}