{"calc_effective_T":{"0":700.0},"luminosity":{"0":0.4},"star_feh":{"0":1.0},"nu_0_12":{"0":10.447479861},"nu_0_13":{"0":9.447479861},"nu_0_14":{"0":8.447479861},"nu_0_15":{"0":7.447479861},"nu_0_16":{"0":6.447479861},"nu_0_17":{"0":5.447479861},"nu_0_18":{"0":6.447479861},"nu_0_19":{"0":7.447479861},"nu_0_20":{"0":8.447479861},"nu_0_21":{"0":9.447479861},"nu_0_22":{"0":10.447479861}}