{"calc_effective_T":{"0":70.0},"luminosity":{"0":0.04},"star_feh":{"0":0.1},"nu_0_13":{"0":0.3766646589},"nu_0_14":{"0":0.3566646589},"nu_0_15":{"0":0.3366646589},"nu_0_16":{"0":0.3166646589},"nu_0_17":{"0":0.2966646589},"nu_0_18":{"0":0.2766646589},"nu_0_19":{"0":0.2566646589},"nu_0_20":{"0":0.3566646589},"nu_0_21":{"0":0.4566646589},"nu_0_22":{"0":0.5566646589},"nu_0_23":{"0":0.6566646589},"nu_0_24":{"0":0.7566646589},"nu_0_25":{"0":0.8566646589}}