{"calc_effective_T":{"0":70.0},"luminosity":{"0":0.04},"star_feh":{"0":0.1},"nu_0_12":{"0":0.6556679248},"nu_0_13":{"0":0.6056679248},"nu_0_14":{"0":0.5556679248},"nu_0_15":{"0":0.5056679248},"nu_0_16":{"0":0.4556679248},"nu_0_17":{"0":0.4056679248},"nu_0_18":{"0":0.3556679248},"nu_0_19":{"0":0.4556679248},"nu_0_20":{"0":0.5556679248},"nu_0_21":{"0":0.6556679248},"nu_0_22":{"0":0.7556679248},"nu_0_23":{"0":0.8556679248},"nu_0_24":{"0":0.9556679248}}