{"calc_effective_T":{"0":70.0},"luminosity":{"0":0.04},"star_feh":{"0":0.1},"nu_0_12":{"0":0.3235919461},"nu_0_13":{"0":0.3035919461},"nu_0_14":{"0":0.2835919461},"nu_0_15":{"0":0.2635919461},"nu_0_16":{"0":0.2435919461},"nu_0_17":{"0":0.3435919461},"nu_0_18":{"0":0.4435919461},"nu_0_19":{"0":0.5435919461},"nu_0_20":{"0":0.6435919461},"nu_0_21":{"0":0.7435919461}}