{"calc_effective_T":{"0":70.0},"luminosity":{"0":0.04},"star_feh":{"0":0.1},"nu_0_16":{"0":1.11138962},"nu_0_17":{"0":1.01138962},"nu_0_18":{"0":0.91138962},"nu_0_19":{"0":0.81138962},"nu_0_20":{"0":0.71138962},"nu_0_21":{"0":0.61138962},"nu_0_22":{"0":0.51138962},"nu_0_23":{"0":0.61138962},"nu_0_24":{"0":0.71138962},"nu_0_25":{"0":0.81138962},"nu_0_26":{"0":0.91138962},"nu_0_27":{"0":1.01138962}}