{"calc_effective_T":{"0":70.0},"luminosity":{"0":0.04},"star_feh":{"0":0.1},"nu_0_17":{"0":0.9998208776},"nu_0_18":{"0":0.8998208776},"nu_0_19":{"0":0.7998208776},"nu_0_20":{"0":0.6998208776},"nu_0_21":{"0":0.5998208776},"nu_0_22":{"0":0.4998208776},"nu_0_23":{"0":0.5998208776},"nu_0_24":{"0":0.6998208776},"nu_0_25":{"0":0.7998208776},"nu_0_26":{"0":0.8998208776},"nu_0_27":{"0":0.9998208776}}