{"calc_effective_T":{"0":70.0},"luminosity":{"0":0.04},"star_feh":{"0":0.1},"nu_0_17":{"0":1.5664391774},"nu_0_18":{"0":1.4664391774},"nu_0_19":{"0":1.3664391774},"nu_0_20":{"0":1.2664391774},"nu_0_21":{"0":1.1664391774},"nu_0_22":{"0":1.0664391774},"nu_0_23":{"0":0.9664391774},"nu_0_24":{"0":1.0664391774},"nu_0_25":{"0":1.1664391774},"nu_0_26":{"0":1.2664391774},"nu_0_27":{"0":1.3664391774},"nu_0_28":{"0":1.4664391774},"nu_0_29":{"0":1.5664391774}}