{"calc_effective_T":{"0":70.0},"luminosity":{"0":0.04},"star_feh":{"0":0.1},"nu_0_9":{"0":0.3693448129},"nu_0_10":{"0":0.3493448129},"nu_0_11":{"0":0.3293448129},"nu_0_12":{"0":0.3093448129},"nu_0_13":{"0":0.2893448129},"nu_0_14":{"0":0.2693448129},"nu_0_15":{"0":0.2493448129},"nu_0_16":{"0":0.2293448129},"nu_0_17":{"0":0.3293448129},"nu_0_18":{"0":0.4293448129},"nu_0_19":{"0":0.5293448129},"nu_0_20":{"0":0.6293448129},"nu_0_21":{"0":0.7293448129},"nu_0_22":{"0":0.8293448129},"nu_0_23":{"0":0.9293448129},"nu_0_24":{"0":1.0293448129}}