{"calc_effective_T":{"0":70.0},"luminosity":{"0":0.04},"star_feh":{"0":0.1},"nu_0_18":{"0":1.6261903595},"nu_0_19":{"0":1.5261903595},"nu_0_20":{"0":1.4261903595},"nu_0_21":{"0":1.3261903595},"nu_0_22":{"0":1.2261903595},"nu_0_23":{"0":1.1261903595},"nu_0_24":{"0":1.0261903595},"nu_0_25":{"0":0.9261903595},"nu_0_26":{"0":1.0261903595},"nu_0_27":{"0":1.1261903595},"nu_0_28":{"0":1.2261903595},"nu_0_29":{"0":1.3261903595},"nu_0_30":{"0":1.4261903595},"nu_0_31":{"0":1.5261903595},"nu_0_32":{"0":1.6261903595},"nu_0_33":{"0":1.7261903595}}