{"calc_effective_T":{"0":70.0},"luminosity":{"0":0.04},"star_feh":{"0":0.1},"nu_0_10":{"0":0.2183674208},"nu_0_11":{"0":0.1983674208},"nu_0_12":{"0":0.1783674208},"nu_0_13":{"0":0.1583674208},"nu_0_14":{"0":0.1383674208},"nu_0_15":{"0":0.1183674208},"nu_0_16":{"0":0.0983674208},"nu_0_17":{"0":0.0783674208},"nu_0_18":{"0":0.0583674208},"nu_0_19":{"0":0.1583674208},"nu_0_20":{"0":0.2583674208},"nu_0_21":{"0":0.3583674208},"nu_0_22":{"0":0.4583674208},"nu_0_23":{"0":0.5583674208},"nu_0_24":{"0":0.6583674208},"nu_0_25":{"0":0.7583674208},"nu_0_26":{"0":0.8583674208},"nu_0_27":{"0":0.9583674208}}