{"calc_effective_T":{"0":70.0},"luminosity":{"0":0.04},"star_feh":{"0":0.1},"nu_0_14":{"0":1.191127414},"nu_0_15":{"0":1.091127414},"nu_0_16":{"0":0.991127414},"nu_0_17":{"0":0.891127414},"nu_0_18":{"0":0.791127414},"nu_0_19":{"0":0.691127414},"nu_0_20":{"0":0.791127414},"nu_0_21":{"0":0.891127414},"nu_0_22":{"0":0.991127414},"nu_0_23":{"0":1.091127414},"nu_0_24":{"0":1.191127414},"nu_0_25":{"0":1.291127414}}