{"calc_effective_T":{"0":70.0},"luminosity":{"0":0.04},"star_feh":{"0":0.1},"nu_0_15":{"0":0.6664983832},"nu_0_16":{"0":0.5664983832},"nu_0_17":{"0":0.4664983832},"nu_0_18":{"0":0.3664983832},"nu_0_19":{"0":0.2664983832},"nu_0_20":{"0":0.1664983832},"nu_0_21":{"0":0.2664983832},"nu_0_22":{"0":0.3664983832},"nu_0_23":{"0":0.4664983832},"nu_0_24":{"0":0.5664983832},"nu_0_25":{"0":0.6664983832},"nu_0_26":{"0":0.7664983832}}