{"calc_effective_T":{"0":70.0},"luminosity":{"0":0.04},"star_feh":{"0":0.1},"nu_0_10":{"0":0.2900484274},"nu_0_11":{"0":0.2700484274},"nu_0_12":{"0":0.2500484274},"nu_0_13":{"0":0.2300484274},"nu_0_14":{"0":0.2100484274},"nu_0_15":{"0":0.1900484274},"nu_0_16":{"0":0.1700484274},"nu_0_17":{"0":0.1500484274},"nu_0_18":{"0":0.2500484274},"nu_0_19":{"0":0.3500484274},"nu_0_20":{"0":0.4500484274},"nu_0_21":{"0":0.5500484274},"nu_0_22":{"0":0.6500484274},"nu_0_23":{"0":0.7500484274},"nu_0_24":{"0":0.8500484274}}