{"calc_effective_T":{"0":70.0},"luminosity":{"0":0.04},"star_feh":{"0":0.1},"nu_0_14":{"0":1.672163311},"nu_0_15":{"0":1.572163311},"nu_0_16":{"0":1.472163311},"nu_0_17":{"0":1.372163311},"nu_0_18":{"0":1.272163311},"nu_0_19":{"0":1.172163311},"nu_0_20":{"0":1.072163311},"nu_0_21":{"0":0.972163311},"nu_0_22":{"0":1.072163311},"nu_0_23":{"0":1.172163311},"nu_0_24":{"0":1.272163311},"nu_0_25":{"0":1.372163311},"nu_0_26":{"0":1.472163311},"nu_0_27":{"0":1.572163311},"nu_0_28":{"0":1.672163311},"nu_0_29":{"0":1.772163311}}