{"calc_effective_T":{"0":70.0},"luminosity":{"0":0.04},"star_feh":{"0":0.1},"nu_0_19":{"0":0.7152382507},"nu_0_20":{"0":0.6152382507},"nu_0_21":{"0":0.5152382507},"nu_0_22":{"0":0.4152382507},"nu_0_23":{"0":0.3152382507},"nu_0_24":{"0":0.2152382507},"nu_0_25":{"0":0.3152382507},"nu_0_26":{"0":0.4152382507},"nu_0_27":{"0":0.5152382507},"nu_0_28":{"0":0.6152382507},"nu_0_29":{"0":0.7152382507},"nu_0_30":{"0":0.8152382507}}