{"calc_effective_T":{"0":70.0},"luminosity":{"0":0.04},"star_feh":{"0":0.1},"nu_0_12":{"0":1.1118796522},"nu_0_13":{"0":1.0118796522},"nu_0_14":{"0":0.9118796522},"nu_0_15":{"0":0.8118796522},"nu_0_16":{"0":0.7118796522},"nu_0_17":{"0":0.8118796522},"nu_0_18":{"0":0.9118796522},"nu_0_19":{"0":1.0118796522},"nu_0_20":{"0":1.1118796522}}