{"calc_effective_T":{"0":70.0},"luminosity":{"0":0.04},"star_feh":{"0":0.1},"nu_0_21":{"0":0.8302487206},"nu_0_22":{"0":0.7302487206},"nu_0_23":{"0":0.6302487206},"nu_0_24":{"0":0.5302487206},"nu_0_25":{"0":0.4302487206},"nu_0_26":{"0":0.5302487206},"nu_0_27":{"0":0.6302487206},"nu_0_28":{"0":0.7302487206},"nu_0_29":{"0":0.8302487206}}