{"calc_effective_T":{"0":70.0},"luminosity":{"0":0.04},"star_feh":{"0":0.1},"nu_0_17":{"0":1.2895042755},"nu_0_18":{"0":1.1895042755},"nu_0_19":{"0":1.0895042755},"nu_0_20":{"0":0.9895042755},"nu_0_21":{"0":0.8895042755},"nu_0_22":{"0":0.9895042755},"nu_0_23":{"0":1.0895042755},"nu_0_24":{"0":1.1895042755},"nu_0_25":{"0":1.2895042755},"nu_0_26":{"0":1.3895042755}}