{"calc_effective_T":{"0":70.0},"luminosity":{"0":0.04},"star_feh":{"0":0.1},"nu_0_9":{"0":0.2489910788},"nu_0_10":{"0":0.2289910788},"nu_0_11":{"0":0.2089910788},"nu_0_12":{"0":0.1889910788},"nu_0_13":{"0":0.1689910788},"nu_0_14":{"0":0.1489910788},"nu_0_15":{"0":0.1289910788},"nu_0_16":{"0":0.1089910788},"nu_0_17":{"0":0.0889910788},"nu_0_18":{"0":0.1889910788},"nu_0_19":{"0":0.2889910788},"nu_0_20":{"0":0.3889910788},"nu_0_21":{"0":0.4889910788},"nu_0_22":{"0":0.5889910788},"nu_0_23":{"0":0.6889910788},"nu_0_24":{"0":0.7889910788},"nu_0_25":{"0":0.8889910788}}