{"calc_effective_T":{"0":70.0},"luminosity":{"0":0.04},"star_feh":{"0":0.1},"nu_0_18":{"0":1.4906712066},"nu_0_19":{"0":1.3906712066},"nu_0_20":{"0":1.2906712066},"nu_0_21":{"0":1.1906712066},"nu_0_22":{"0":1.0906712066},"nu_0_23":{"0":0.9906712066},"nu_0_24":{"0":1.0906712066},"nu_0_25":{"0":1.1906712066},"nu_0_26":{"0":1.2906712066},"nu_0_27":{"0":1.3906712066}}