{"calc_effective_T":{"0":70.0},"luminosity":{"0":0.04},"star_feh":{"0":0.1},"nu_0_11":{"0":0.1336111067},"nu_0_12":{"0":0.1136111067},"nu_0_13":{"0":0.0936111067},"nu_0_14":{"0":0.0736111067},"nu_0_15":{"0":0.0536111067},"nu_0_16":{"0":0.0336111067},"nu_0_17":{"0":0.1336111067},"nu_0_18":{"0":0.2336111067},"nu_0_19":{"0":0.3336111067},"nu_0_20":{"0":0.4336111067},"nu_0_21":{"0":0.5336111067}}