{"calc_effective_T":{"0":70.0},"luminosity":{"0":0.04},"star_feh":{"0":0.1},"nu_0_11":{"0":0.3382601613},"nu_0_12":{"0":0.3182601613},"nu_0_13":{"0":0.2982601613},"nu_0_14":{"0":0.2782601613},"nu_0_15":{"0":0.2582601613},"nu_0_16":{"0":0.2382601613},"nu_0_17":{"0":0.2182601613},"nu_0_18":{"0":0.1982601613},"nu_0_19":{"0":0.1782601613},"nu_0_20":{"0":0.1582601613},"nu_0_21":{"0":0.2582601613},"nu_0_22":{"0":0.3582601613},"nu_0_23":{"0":0.4582601613},"nu_0_24":{"0":0.5582601613},"nu_0_25":{"0":0.6582601613},"nu_0_26":{"0":0.7582601613},"nu_0_27":{"0":0.8582601613},"nu_0_28":{"0":0.9582601613},"nu_0_29":{"0":1.0582601613}}