{"calc_effective_T":{"0":70.0},"luminosity":{"0":0.04},"star_feh":{"0":0.1},"nu_0_15":{"0":1.3788733868},"nu_0_16":{"0":1.2788733868},"nu_0_17":{"0":1.1788733868},"nu_0_18":{"0":1.0788733868},"nu_0_19":{"0":0.9788733868},"nu_0_20":{"0":0.8788733868},"nu_0_21":{"0":0.9788733868},"nu_0_22":{"0":1.0788733868},"nu_0_23":{"0":1.1788733868},"nu_0_24":{"0":1.2788733868},"nu_0_25":{"0":1.3788733868}}