{"calc_effective_T":{"0":70.0},"luminosity":{"0":0.04},"star_feh":{"0":0.1},"nu_0_12":{"0":0.4796603863},"nu_0_13":{"0":0.4596603863},"nu_0_14":{"0":0.4396603863},"nu_0_15":{"0":0.4196603863},"nu_0_16":{"0":0.3996603863},"nu_0_17":{"0":0.3796603863},"nu_0_18":{"0":0.3596603863},"nu_0_19":{"0":0.3396603863},"nu_0_20":{"0":0.3196603863},"nu_0_21":{"0":0.2996603863},"nu_0_22":{"0":0.3996603863},"nu_0_23":{"0":0.4996603863},"nu_0_24":{"0":0.5996603863},"nu_0_25":{"0":0.6996603863},"nu_0_26":{"0":0.7996603863},"nu_0_27":{"0":0.8996603863},"nu_0_28":{"0":0.9996603863},"nu_0_29":{"0":1.0996603863}}