{"calc_effective_T":{"0":70.0},"luminosity":{"0":0.04},"star_feh":{"0":0.1},"nu_0_13":{"0":1.0038517042},"nu_0_14":{"0":0.9038517042},"nu_0_15":{"0":0.8038517042},"nu_0_16":{"0":0.7038517042},"nu_0_17":{"0":0.6038517042},"nu_0_18":{"0":0.5038517042},"nu_0_19":{"0":0.4038517042},"nu_0_20":{"0":0.3038517042},"nu_0_21":{"0":0.4038517042},"nu_0_22":{"0":0.5038517042},"nu_0_23":{"0":0.6038517042},"nu_0_24":{"0":0.7038517042},"nu_0_25":{"0":0.8038517042},"nu_0_26":{"0":0.9038517042},"nu_0_27":{"0":1.0038517042}}