{"initial_mass": [1.06, 0], "initial_Zinit": [0.0485, 0], "initial_Yinit": [0.288, 0], "initial_MLT": [2, 66, 0], "star_age": [4.34, 0], "calc_effective_T": [5488, 77], "radius": [0.93, 0.009], "luminosity": [0.64, 0.03], "star_feh": [0.34, 0.1], "nu_0_15": [2476.48547, 0.23661], "nu_0_16": [2626.36909, 0.17865], "nu_0_17": [2774.82468, 0.12322], "nu_0_18": [2922.87458, 0.05808], "nu_0_19": [3071.21344, 0.06001], "nu_0_20": [3220.09747, 0.05406], "nu_0_21": [3369.55878, 0.05564], "nu_0_22": [3518.64726, 0.05547], "nu_0_23": [3667.82363, 0.05628], "nu_0_24": [3817.57194, 0.08575], "nu_0_25": [3967.17301, 0.1653], "nu_0_26": [4118.18207, 0.22719], "nu_0_27": [4269.40758, 0.51346], "nu_0_28": [4419.50405, 0.75124], "nu_0_29": [4570.1199, 1.79006], "nu_0_30": [4723.5262, 1.77087], "dnu": [149.4, 0], "nu_max": [3575.0, 0]}