{"calc_effective_T":{"0":70.0},"luminosity":{"0":0.04},"star_feh":{"0":0.1},"nu_0_11":{"0":1.3549662767},"nu_0_12":{"0":1.2549662767},"nu_0_13":{"0":1.1549662767},"nu_0_14":{"0":1.0549662767},"nu_0_15":{"0":0.9549662767},"nu_0_16":{"0":1.0549662767},"nu_0_17":{"0":1.1549662767},"nu_0_18":{"0":1.2549662767},"nu_0_19":{"0":1.3549662767}}