{"calc_effective_T":{"0":70.0},"luminosity":{"0":0.04},"star_feh":{"0":0.1},"nu_0_14":{"0":0.3430460834},"nu_0_15":{"0":0.3230460834},"nu_0_16":{"0":0.3030460834},"nu_0_17":{"0":0.2830460834},"nu_0_18":{"0":0.2630460834},"nu_0_19":{"0":0.2430460834},"nu_0_20":{"0":0.3430460834},"nu_0_21":{"0":0.4430460834},"nu_0_22":{"0":0.5430460834},"nu_0_23":{"0":0.6430460834}}