{"calc_effective_T":{"0":70.0},"luminosity":{"0":0.04},"star_feh":{"0":0.1},"nu_0_18":{"0":1.2917143178},"nu_0_19":{"0":1.1917143178},"nu_0_20":{"0":1.0917143178},"nu_0_21":{"0":0.9917143178},"nu_0_22":{"0":0.8917143178},"nu_0_23":{"0":0.7917143178},"nu_0_24":{"0":0.8917143178},"nu_0_25":{"0":0.9917143178},"nu_0_26":{"0":1.0917143178},"nu_0_27":{"0":1.1917143178},"nu_0_28":{"0":1.2917143178}}