{"calc_effective_T":{"0":70.0},"luminosity":{"0":0.04},"star_feh":{"0":0.1},"nu_0_11":{"0":0.152856568},"nu_0_12":{"0":0.132856568},"nu_0_13":{"0":0.112856568},"nu_0_14":{"0":0.092856568},"nu_0_15":{"0":0.072856568},"nu_0_16":{"0":0.172856568},"nu_0_17":{"0":0.272856568},"nu_0_18":{"0":0.372856568},"nu_0_19":{"0":0.472856568}}