{"calc_effective_T":{"0":70.0},"luminosity":{"0":0.04},"star_feh":{"0":0.1},"nu_0_14":{"0":0.4048496442},"nu_0_15":{"0":0.3548496442},"nu_0_16":{"0":0.3048496442},"nu_0_17":{"0":0.2548496442},"nu_0_18":{"0":0.2048496442},"nu_0_19":{"0":0.1548496442},"nu_0_20":{"0":0.2548496442},"nu_0_21":{"0":0.3548496442},"nu_0_22":{"0":0.4548496442},"nu_0_23":{"0":0.5548496442}}