{"calc_effective_T":{"0":70.0},"luminosity":{"0":0.04},"star_feh":{"0":0.1},"nu_0_12":{"0":0.2617912798},"nu_0_13":{"0":0.2417912798},"nu_0_14":{"0":0.2217912798},"nu_0_15":{"0":0.2017912798},"nu_0_16":{"0":0.1817912798},"nu_0_17":{"0":0.2817912798},"nu_0_18":{"0":0.3817912798},"nu_0_19":{"0":0.4817912798},"nu_0_20":{"0":0.5817912798},"nu_0_21":{"0":0.6817912798}}