{"calc_effective_T":{"0":70.0},"luminosity":{"0":0.04},"star_feh":{"0":0.1},"nu_0_15":{"0":0.7682237728},"nu_0_16":{"0":0.6682237728},"nu_0_17":{"0":0.5682237728},"nu_0_18":{"0":0.4682237728},"nu_0_19":{"0":0.3682237728},"nu_0_20":{"0":0.2682237728},"nu_0_21":{"0":0.1682237728},"nu_0_22":{"0":0.2682237728},"nu_0_23":{"0":0.3682237728},"nu_0_24":{"0":0.4682237728},"nu_0_25":{"0":0.5682237728},"nu_0_26":{"0":0.6682237728}}