{"calc_effective_T":{"0":70.0},"luminosity":{"0":0.04},"star_feh":{"0":0.1},"nu_0_21":{"0":1.4743708319},"nu_0_22":{"0":1.3743708319},"nu_0_23":{"0":1.2743708319},"nu_0_24":{"0":1.1743708319},"nu_0_25":{"0":1.0743708319},"nu_0_26":{"0":0.9743708319},"nu_0_27":{"0":1.0743708319},"nu_0_28":{"0":1.1743708319},"nu_0_29":{"0":1.2743708319},"nu_0_30":{"0":1.3743708319},"nu_0_31":{"0":1.4743708319}}