{"calc_effective_T":{"0":70.0},"luminosity":{"0":0.04},"star_feh":{"0":0.1},"nu_0_13":{"0":0.2348203006},"nu_0_14":{"0":0.2148203006},"nu_0_15":{"0":0.1948203006},"nu_0_16":{"0":0.1748203006},"nu_0_17":{"0":0.1548203006},"nu_0_18":{"0":0.1348203006},"nu_0_19":{"0":0.2348203006},"nu_0_20":{"0":0.3348203006},"nu_0_21":{"0":0.4348203006},"nu_0_22":{"0":0.5348203006}}