{"calc_effective_T":{"0":70.0},"luminosity":{"0":0.04},"star_feh":{"0":0.1},"nu_0_14":{"0":0.2884170388},"nu_0_15":{"0":0.2684170388},"nu_0_16":{"0":0.2484170388},"nu_0_17":{"0":0.2284170388},"nu_0_18":{"0":0.2084170388},"nu_0_19":{"0":0.1884170388},"nu_0_20":{"0":0.1684170388},"nu_0_21":{"0":0.1484170388},"nu_0_22":{"0":0.1284170388},"nu_0_23":{"0":0.1084170388},"nu_0_24":{"0":0.2084170388},"nu_0_25":{"0":0.3084170388},"nu_0_26":{"0":0.4084170388},"nu_0_27":{"0":0.5084170388},"nu_0_28":{"0":0.6084170388},"nu_0_29":{"0":0.7084170388},"nu_0_30":{"0":0.8084170388},"nu_0_31":{"0":0.9084170388}}