{"calc_effective_T":{"0":70.0},"luminosity":{"0":0.04},"star_feh":{"0":0.1},"nu_0_15":{"0":1.3753777483},"nu_0_16":{"0":1.2753777483},"nu_0_17":{"0":1.1753777483},"nu_0_18":{"0":1.0753777483},"nu_0_19":{"0":0.9753777483},"nu_0_20":{"0":0.8753777483},"nu_0_21":{"0":0.7753777483},"nu_0_22":{"0":0.8753777483},"nu_0_23":{"0":0.9753777483},"nu_0_24":{"0":1.0753777483},"nu_0_25":{"0":1.1753777483},"nu_0_26":{"0":1.2753777483}}