{"calc_effective_T":{"0":70.0},"luminosity":{"0":0.04},"star_feh":{"0":0.1},"nu_0_11":{"0":1.6991644862},"nu_0_12":{"0":1.5991644862},"nu_0_13":{"0":1.4991644862},"nu_0_14":{"0":1.3991644862},"nu_0_15":{"0":1.2991644862},"nu_0_16":{"0":1.1991644862},"nu_0_17":{"0":1.0991644862},"nu_0_18":{"0":0.9991644862},"nu_0_19":{"0":1.0991644862},"nu_0_20":{"0":1.1991644862},"nu_0_21":{"0":1.2991644862},"nu_0_22":{"0":1.3991644862},"nu_0_23":{"0":1.4991644862},"nu_0_24":{"0":1.5991644862},"nu_0_25":{"0":1.6991644862},"nu_0_26":{"0":1.7991644862}}