{"calc_effective_T":{"0":70.0},"luminosity":{"0":0.04},"star_feh":{"0":0.1},"nu_0_13":{"0":1.2891751076},"nu_0_14":{"0":1.1891751076},"nu_0_15":{"0":1.0891751076},"nu_0_16":{"0":0.9891751076},"nu_0_17":{"0":0.8891751076},"nu_0_18":{"0":0.7891751076},"nu_0_19":{"0":0.6891751076},"nu_0_20":{"0":0.5891751076},"nu_0_21":{"0":0.6891751076},"nu_0_22":{"0":0.7891751076},"nu_0_23":{"0":0.8891751076},"nu_0_24":{"0":0.9891751076},"nu_0_25":{"0":1.0891751076},"nu_0_26":{"0":1.1891751076},"nu_0_27":{"0":1.2891751076},"nu_0_28":{"0":1.3891751076}}