{"calc_effective_T":{"0":70.0},"luminosity":{"0":0.04},"star_feh":{"0":0.1},"nu_0_8":{"0":0.2133018111},"nu_0_9":{"0":0.1933018111},"nu_0_10":{"0":0.1733018111},"nu_0_11":{"0":0.1533018111},"nu_0_12":{"0":0.1333018111},"nu_0_13":{"0":0.1133018111},"nu_0_14":{"0":0.0933018111},"nu_0_15":{"0":0.0733018111},"nu_0_16":{"0":0.0533018111},"nu_0_17":{"0":0.1533018111},"nu_0_18":{"0":0.2533018111},"nu_0_19":{"0":0.3533018111},"nu_0_20":{"0":0.4533018111},"nu_0_21":{"0":0.5533018111},"nu_0_22":{"0":0.6533018111},"nu_0_23":{"0":0.7533018111},"nu_0_24":{"0":0.8533018111},"nu_0_25":{"0":0.9533018111}}