{"calc_effective_T":{"0":70.0},"luminosity":{"0":0.04},"star_feh":{"0":0.1},"nu_0_12":{"0":1.5857392754},"nu_0_13":{"0":1.4857392754},"nu_0_14":{"0":1.3857392754},"nu_0_15":{"0":1.2857392754},"nu_0_16":{"0":1.1857392754},"nu_0_17":{"0":1.0857392754},"nu_0_18":{"0":0.9857392754},"nu_0_19":{"0":0.8857392754},"nu_0_20":{"0":0.9857392754},"nu_0_21":{"0":1.0857392754},"nu_0_22":{"0":1.1857392754},"nu_0_23":{"0":1.2857392754},"nu_0_24":{"0":1.3857392754},"nu_0_25":{"0":1.4857392754}}