{"calc_effective_T":{"0":70.0},"luminosity":{"0":0.04},"star_feh":{"0":0.1},"nu_0_20":{"0":1.135038082},"nu_0_21":{"0":1.035038082},"nu_0_22":{"0":0.935038082},"nu_0_23":{"0":0.835038082},"nu_0_24":{"0":0.735038082},"nu_0_25":{"0":0.635038082},"nu_0_26":{"0":0.735038082},"nu_0_27":{"0":0.835038082},"nu_0_28":{"0":0.935038082},"nu_0_29":{"0":1.035038082},"nu_0_30":{"0":1.135038082}}