{"calc_effective_T":{"0":70.0},"luminosity":{"0":0.04},"star_feh":{"0":0.1},"nu_0_18":{"0":1.539821746},"nu_0_19":{"0":1.439821746},"nu_0_20":{"0":1.339821746},"nu_0_21":{"0":1.239821746},"nu_0_22":{"0":1.139821746},"nu_0_23":{"0":1.039821746},"nu_0_24":{"0":0.939821746},"nu_0_25":{"0":0.839821746},"nu_0_26":{"0":0.939821746},"nu_0_27":{"0":1.039821746},"nu_0_28":{"0":1.139821746},"nu_0_29":{"0":1.239821746},"nu_0_30":{"0":1.339821746},"nu_0_31":{"0":1.439821746}}