{"calc_effective_T":{"0":70.0},"luminosity":{"0":0.04},"star_feh":{"0":0.1},"nu_0_12":{"0":0.4147588373},"nu_0_13":{"0":0.3947588373},"nu_0_14":{"0":0.3747588373},"nu_0_15":{"0":0.3547588373},"nu_0_16":{"0":0.3347588373},"nu_0_17":{"0":0.3147588373},"nu_0_18":{"0":0.2947588373},"nu_0_19":{"0":0.2747588373},"nu_0_20":{"0":0.3747588373},"nu_0_21":{"0":0.4747588373},"nu_0_22":{"0":0.5747588373},"nu_0_23":{"0":0.6747588373},"nu_0_24":{"0":0.7747588373},"nu_0_25":{"0":0.8747588373},"nu_0_26":{"0":0.9747588373}}