{"calc_effective_T":{"0":70.0},"luminosity":{"0":0.04},"star_feh":{"0":0.1},"nu_0_15":{"0":0.2305591537},"nu_0_16":{"0":0.2105591537},"nu_0_17":{"0":0.1905591537},"nu_0_18":{"0":0.1705591537},"nu_0_19":{"0":0.1505591537},"nu_0_20":{"0":0.1305591537},"nu_0_21":{"0":0.1105591537},"nu_0_22":{"0":0.0905591537},"nu_0_23":{"0":0.1905591537},"nu_0_24":{"0":0.2905591537},"nu_0_25":{"0":0.3905591537},"nu_0_26":{"0":0.4905591537},"nu_0_27":{"0":0.5905591537},"nu_0_28":{"0":0.6905591537},"nu_0_29":{"0":0.7905591537}}