{"calc_effective_T":{"0":70.0},"luminosity":{"0":0.04},"star_feh":{"0":0.1},"nu_0_11":{"0":0.2493517325},"nu_0_12":{"0":0.2293517325},"nu_0_13":{"0":0.2093517325},"nu_0_14":{"0":0.1893517325},"nu_0_15":{"0":0.1693517325},"nu_0_16":{"0":0.1493517325},"nu_0_17":{"0":0.2493517325},"nu_0_18":{"0":0.3493517325},"nu_0_19":{"0":0.4493517325},"nu_0_20":{"0":0.5493517325},"nu_0_21":{"0":0.6493517325}}