{"calc_effective_T":{"0":70.0},"luminosity":{"0":0.04},"star_feh":{"0":0.1},"nu_0_12":{"0":0.2697356741},"nu_0_13":{"0":0.2197356741},"nu_0_14":{"0":0.1697356741},"nu_0_15":{"0":0.1197356741},"nu_0_16":{"0":0.0697356741},"nu_0_17":{"0":0.1697356741},"nu_0_18":{"0":0.2697356741},"nu_0_19":{"0":0.3697356741},"nu_0_20":{"0":0.4697356741}}