{"calc_effective_T":{"0":70.0},"luminosity":{"0":0.04},"star_feh":{"0":0.1},"nu_0_6":{"0":0.2971232088},"nu_0_7":{"0":0.2771232088},"nu_0_8":{"0":0.2571232088},"nu_0_9":{"0":0.2371232088},"nu_0_10":{"0":0.2171232088},"nu_0_11":{"0":0.1971232088},"nu_0_12":{"0":0.1771232088},"nu_0_13":{"0":0.1571232088},"nu_0_14":{"0":0.1371232088},"nu_0_15":{"0":0.1171232088},"nu_0_16":{"0":0.2171232088},"nu_0_17":{"0":0.3171232088},"nu_0_18":{"0":0.4171232088},"nu_0_19":{"0":0.5171232088},"nu_0_20":{"0":0.6171232088},"nu_0_21":{"0":0.7171232088},"nu_0_22":{"0":0.8171232088},"nu_0_23":{"0":0.9171232088}}