{"calc_effective_T":{"0":70.0},"luminosity":{"0":0.04},"star_feh":{"0":0.1},"nu_0_17":{"0":1.3111609808},"nu_0_18":{"0":1.2111609808},"nu_0_19":{"0":1.1111609808},"nu_0_20":{"0":1.0111609808},"nu_0_21":{"0":0.9111609808},"nu_0_22":{"0":0.8111609808},"nu_0_23":{"0":0.9111609808},"nu_0_24":{"0":1.0111609808},"nu_0_25":{"0":1.1111609808},"nu_0_26":{"0":1.2111609808}}