{"calc_effective_T":{"0":70.0},"luminosity":{"0":0.04},"star_feh":{"0":0.1},"nu_0_13":{"0":1.1866309976},"nu_0_14":{"0":1.0866309976},"nu_0_15":{"0":0.9866309976},"nu_0_16":{"0":0.8866309976},"nu_0_17":{"0":0.7866309976},"nu_0_18":{"0":0.8866309976},"nu_0_19":{"0":0.9866309976},"nu_0_20":{"0":1.0866309976},"nu_0_21":{"0":1.1866309976}}