{"calc_effective_T":{"0":70.0},"luminosity":{"0":0.04},"star_feh":{"0":0.1},"nu_0_8":{"0":1.2870230317},"nu_0_9":{"0":1.1870230317},"nu_0_10":{"0":1.0870230317},"nu_0_11":{"0":0.9870230317},"nu_0_12":{"0":0.8870230317},"nu_0_13":{"0":0.7870230317},"nu_0_14":{"0":0.6870230317},"nu_0_15":{"0":0.5870230317},"nu_0_16":{"0":0.6870230317},"nu_0_17":{"0":0.7870230317},"nu_0_18":{"0":0.8870230317},"nu_0_19":{"0":0.9870230317},"nu_0_20":{"0":1.0870230317},"nu_0_21":{"0":1.1870230317},"nu_0_22":{"0":1.2870230317}}