{"calc_effective_T":{"0":70.0},"luminosity":{"0":0.04},"star_feh":{"0":0.1},"nu_0_13":{"0":1.016470433},"nu_0_14":{"0":0.916470433},"nu_0_15":{"0":0.816470433},"nu_0_16":{"0":0.716470433},"nu_0_17":{"0":0.616470433},"nu_0_18":{"0":0.516470433},"nu_0_19":{"0":0.416470433},"nu_0_20":{"0":0.316470433},"nu_0_21":{"0":0.416470433},"nu_0_22":{"0":0.516470433},"nu_0_23":{"0":0.616470433},"nu_0_24":{"0":0.716470433},"nu_0_25":{"0":0.816470433},"nu_0_26":{"0":0.916470433},"nu_0_27":{"0":1.016470433}}