{"calc_effective_T":{"0":70.0},"luminosity":{"0":0.04},"star_feh":{"0":0.1},"nu_0_17":{"0":1.165100904},"nu_0_18":{"0":1.065100904},"nu_0_19":{"0":0.965100904},"nu_0_20":{"0":0.865100904},"nu_0_21":{"0":0.765100904},"nu_0_22":{"0":0.665100904},"nu_0_23":{"0":0.565100904},"nu_0_24":{"0":0.665100904},"nu_0_25":{"0":0.765100904},"nu_0_26":{"0":0.865100904},"nu_0_27":{"0":0.965100904},"nu_0_28":{"0":1.065100904},"nu_0_29":{"0":1.165100904}}