{"calc_effective_T":{"0":70.0},"luminosity":{"0":0.04},"star_feh":{"0":0.1},"nu_0_10":{"0":0.1998268862},"nu_0_11":{"0":0.1798268862},"nu_0_12":{"0":0.1598268862},"nu_0_13":{"0":0.1398268862},"nu_0_14":{"0":0.1198268862},"nu_0_15":{"0":0.0998268862},"nu_0_16":{"0":0.0798268862},"nu_0_17":{"0":0.0598268862},"nu_0_18":{"0":0.0398268862},"nu_0_19":{"0":0.1398268862},"nu_0_20":{"0":0.2398268862},"nu_0_21":{"0":0.3398268862},"nu_0_22":{"0":0.4398268862},"nu_0_23":{"0":0.5398268862},"nu_0_24":{"0":0.6398268862},"nu_0_25":{"0":0.7398268862},"nu_0_26":{"0":0.8398268862}}