{"calc_effective_T":{"0":70.0},"luminosity":{"0":0.04},"star_feh":{"0":0.1},"nu_0_13":{"0":0.4063579344},"nu_0_14":{"0":0.3863579344},"nu_0_15":{"0":0.3663579344},"nu_0_16":{"0":0.3463579344},"nu_0_17":{"0":0.3263579344},"nu_0_18":{"0":0.3063579344},"nu_0_19":{"0":0.2863579344},"nu_0_20":{"0":0.2663579344},"nu_0_21":{"0":0.2463579344},"nu_0_22":{"0":0.3463579344},"nu_0_23":{"0":0.4463579344},"nu_0_24":{"0":0.5463579344},"nu_0_25":{"0":0.6463579344},"nu_0_26":{"0":0.7463579344},"nu_0_27":{"0":0.8463579344},"nu_0_28":{"0":0.9463579344}}