{"calc_effective_T":{"0":70.0},"luminosity":{"0":0.04},"star_feh":{"0":0.1},"nu_0_16":{"0":1.2584073666},"nu_0_17":{"0":1.1584073666},"nu_0_18":{"0":1.0584073666},"nu_0_19":{"0":0.9584073666},"nu_0_20":{"0":0.8584073666},"nu_0_21":{"0":0.9584073666},"nu_0_22":{"0":1.0584073666},"nu_0_23":{"0":1.1584073666},"nu_0_24":{"0":1.2584073666}}