{"calc_effective_T":{"0":70.0},"luminosity":{"0":0.04},"star_feh":{"0":0.1},"nu_0_16":{"0":0.301303649},"nu_0_17":{"0":0.281303649},"nu_0_18":{"0":0.261303649},"nu_0_19":{"0":0.241303649},"nu_0_20":{"0":0.221303649},"nu_0_21":{"0":0.321303649},"nu_0_22":{"0":0.421303649},"nu_0_23":{"0":0.521303649},"nu_0_24":{"0":0.621303649}}