{"calc_effective_T":{"0":70.0},"luminosity":{"0":0.04},"star_feh":{"0":0.1},"nu_0_18":{"0":0.9656178686},"nu_0_19":{"0":0.8656178686},"nu_0_20":{"0":0.7656178686},"nu_0_21":{"0":0.6656178686},"nu_0_22":{"0":0.5656178686},"nu_0_23":{"0":0.4656178686},"nu_0_24":{"0":0.5656178686},"nu_0_25":{"0":0.6656178686},"nu_0_26":{"0":0.7656178686},"nu_0_27":{"0":0.8656178686},"nu_0_28":{"0":0.9656178686},"nu_0_29":{"0":1.0656178686}}