{"calc_effective_T":{"0":70.0},"luminosity":{"0":0.04},"star_feh":{"0":0.1},"nu_0_16":{"0":1.1343122105},"nu_0_17":{"0":1.0343122105},"nu_0_18":{"0":0.9343122105},"nu_0_19":{"0":0.8343122105},"nu_0_20":{"0":0.7343122105},"nu_0_21":{"0":0.6343122105},"nu_0_22":{"0":0.5343122105},"nu_0_23":{"0":0.6343122105},"nu_0_24":{"0":0.7343122105},"nu_0_25":{"0":0.8343122105},"nu_0_26":{"0":0.9343122105},"nu_0_27":{"0":1.0343122105},"nu_0_28":{"0":1.1343122105}}