{"calc_effective_T":{"0":70.0},"luminosity":{"0":0.04},"star_feh":{"0":0.1},"nu_0_13":{"0":1.691903438},"nu_0_14":{"0":1.591903438},"nu_0_15":{"0":1.491903438},"nu_0_16":{"0":1.391903438},"nu_0_17":{"0":1.291903438},"nu_0_18":{"0":1.191903438},"nu_0_19":{"0":1.091903438},"nu_0_20":{"0":0.991903438},"nu_0_21":{"0":1.091903438},"nu_0_22":{"0":1.191903438},"nu_0_23":{"0":1.291903438},"nu_0_24":{"0":1.391903438},"nu_0_25":{"0":1.491903438},"nu_0_26":{"0":1.591903438},"nu_0_27":{"0":1.691903438}}