{"calc_effective_T":{"0":70.0},"luminosity":{"0":0.04},"star_feh":{"0":0.1},"nu_0_7":{"0":4.1510177165},"nu_0_8":{"0":3.6510177165},"nu_0_9":{"0":3.1510177165},"nu_0_10":{"0":2.6510177165},"nu_0_11":{"0":2.1510177165},"nu_0_12":{"0":1.6510177165},"nu_0_13":{"0":1.1510177165},"nu_0_14":{"0":0.6510177165},"nu_0_15":{"0":0.1510177165},"nu_0_16":{"0":0.6510177165},"nu_0_17":{"0":1.1510177165},"nu_0_18":{"0":1.6510177165},"nu_0_19":{"0":2.1510177165},"nu_0_20":{"0":2.6510177165},"nu_0_21":{"0":3.1510177165},"nu_0_22":{"0":3.6510177165}}