{"calc_effective_T":{"0":70.0},"luminosity":{"0":0.04},"star_feh":{"0":0.1},"nu_0_13":{"0":0.3921098458},"nu_0_14":{"0":0.3721098458},"nu_0_15":{"0":0.3521098458},"nu_0_16":{"0":0.3321098458},"nu_0_17":{"0":0.3121098458},"nu_0_18":{"0":0.2921098458},"nu_0_19":{"0":0.2721098458},"nu_0_20":{"0":0.2521098458},"nu_0_21":{"0":0.3521098458},"nu_0_22":{"0":0.4521098458},"nu_0_23":{"0":0.5521098458},"nu_0_24":{"0":0.6521098458},"nu_0_25":{"0":0.7521098458},"nu_0_26":{"0":0.8521098458},"nu_0_27":{"0":0.9521098458},"nu_0_28":{"0":1.0521098458}}