{"calc_effective_T":{"0":70.0},"luminosity":{"0":0.04},"star_feh":{"0":0.1},"nu_0_14":{"0":0.3162455956},"nu_0_15":{"0":0.2962455956},"nu_0_16":{"0":0.2762455956},"nu_0_17":{"0":0.2562455956},"nu_0_18":{"0":0.2362455956},"nu_0_19":{"0":0.2162455956},"nu_0_20":{"0":0.1962455956},"nu_0_21":{"0":0.1762455956},"nu_0_22":{"0":0.2762455956},"nu_0_23":{"0":0.3762455956},"nu_0_24":{"0":0.4762455956},"nu_0_25":{"0":0.5762455956},"nu_0_26":{"0":0.6762455956},"nu_0_27":{"0":0.7762455956},"nu_0_28":{"0":0.8762455956}}