{"calc_effective_T":{"0":70.0},"luminosity":{"0":0.04},"star_feh":{"0":0.1},"nu_0_10":{"0":0.1965707952},"nu_0_11":{"0":0.1765707952},"nu_0_12":{"0":0.1565707952},"nu_0_13":{"0":0.1365707952},"nu_0_14":{"0":0.1165707952},"nu_0_15":{"0":0.0965707952},"nu_0_16":{"0":0.0765707952},"nu_0_17":{"0":0.1765707952},"nu_0_18":{"0":0.2765707952},"nu_0_19":{"0":0.3765707952},"nu_0_20":{"0":0.4765707952},"nu_0_21":{"0":0.5765707952},"nu_0_22":{"0":0.6765707952},"nu_0_23":{"0":0.7765707952}}