{"calc_effective_T":{"0":70.0},"luminosity":{"0":0.04},"star_feh":{"0":0.1},"nu_0_9":{"0":0.6909742696},"nu_0_10":{"0":0.5909742696},"nu_0_11":{"0":0.4909742696},"nu_0_12":{"0":0.3909742696},"nu_0_13":{"0":0.2909742696},"nu_0_14":{"0":0.1909742696},"nu_0_15":{"0":0.2909742696},"nu_0_16":{"0":0.3909742696},"nu_0_17":{"0":0.4909742696},"nu_0_18":{"0":0.5909742696}}