{"calc_effective_T":{"0":70.0},"luminosity":{"0":0.04},"star_feh":{"0":0.1},"nu_0_20":{"0":1.022775023},"nu_0_21":{"0":0.922775023},"nu_0_22":{"0":0.822775023},"nu_0_23":{"0":0.722775023},"nu_0_24":{"0":0.622775023},"nu_0_25":{"0":0.722775023},"nu_0_26":{"0":0.822775023},"nu_0_27":{"0":0.922775023},"nu_0_28":{"0":1.022775023}}