{"calc_effective_T":{"0":70.0},"luminosity":{"0":0.04},"star_feh":{"0":0.1},"nu_0_19":{"0":0.3157315853},"nu_0_20":{"0":0.2957315853},"nu_0_21":{"0":0.2757315853},"nu_0_22":{"0":0.2557315853},"nu_0_23":{"0":0.2357315853},"nu_0_24":{"0":0.3357315853},"nu_0_25":{"0":0.4357315853},"nu_0_26":{"0":0.5357315853},"nu_0_27":{"0":0.6357315853}}