{"calc_effective_T":{"0":70.0},"luminosity":{"0":0.04},"star_feh":{"0":0.1},"nu_0_17":{"0":1.0340521498},"nu_0_18":{"0":0.9340521498},"nu_0_19":{"0":0.8340521498},"nu_0_20":{"0":0.7340521498},"nu_0_21":{"0":0.6340521498},"nu_0_22":{"0":0.7340521498},"nu_0_23":{"0":0.8340521498},"nu_0_24":{"0":0.9340521498},"nu_0_25":{"0":1.0340521498},"nu_0_26":{"0":1.1340521498}}