{"calc_effective_T":{"0":70.0},"luminosity":{"0":0.04},"star_feh":{"0":0.1},"nu_0_18":{"0":1.1005031719},"nu_0_19":{"0":1.0005031719},"nu_0_20":{"0":0.9005031719},"nu_0_21":{"0":0.8005031719},"nu_0_22":{"0":0.7005031719},"nu_0_23":{"0":0.6005031719},"nu_0_24":{"0":0.7005031719},"nu_0_25":{"0":0.8005031719},"nu_0_26":{"0":0.9005031719},"nu_0_27":{"0":1.0005031719},"nu_0_28":{"0":1.1005031719}}