{"calc_effective_T":{"0":70.0},"luminosity":{"0":0.04},"star_feh":{"0":0.1},"nu_0_6":{"0":0.2411519813},"nu_0_7":{"0":0.2211519813},"nu_0_8":{"0":0.2011519813},"nu_0_9":{"0":0.1811519813},"nu_0_10":{"0":0.1611519813},"nu_0_11":{"0":0.1411519813},"nu_0_12":{"0":0.1211519813},"nu_0_13":{"0":0.1011519813},"nu_0_14":{"0":0.0811519813},"nu_0_15":{"0":0.0611519813},"nu_0_16":{"0":0.1611519813},"nu_0_17":{"0":0.2611519813},"nu_0_18":{"0":0.3611519813},"nu_0_19":{"0":0.4611519813},"nu_0_20":{"0":0.5611519813},"nu_0_21":{"0":0.6611519813},"nu_0_22":{"0":0.7611519813},"nu_0_23":{"0":0.8611519813},"nu_0_24":{"0":0.9611519813},"nu_0_25":{"0":1.0611519813}}