{"calc_effective_T":{"0":70.0},"luminosity":{"0":0.04},"star_feh":{"0":0.1},"nu_0_13":{"0":0.3513346377},"nu_0_14":{"0":0.3313346377},"nu_0_15":{"0":0.3113346377},"nu_0_16":{"0":0.2913346377},"nu_0_17":{"0":0.2713346377},"nu_0_18":{"0":0.2513346377},"nu_0_19":{"0":0.2313346377},"nu_0_20":{"0":0.2113346377},"nu_0_21":{"0":0.3113346377},"nu_0_22":{"0":0.4113346377},"nu_0_23":{"0":0.5113346377},"nu_0_24":{"0":0.6113346377},"nu_0_25":{"0":0.7113346377},"nu_0_26":{"0":0.8113346377},"nu_0_27":{"0":0.9113346377}}