{"calc_effective_T":{"0":70.0},"luminosity":{"0":0.04},"star_feh":{"0":0.1},"nu_0_7":{"0":0.4097932397},"nu_0_8":{"0":0.3897932397},"nu_0_9":{"0":0.3697932397},"nu_0_10":{"0":0.3497932397},"nu_0_11":{"0":0.3297932397},"nu_0_12":{"0":0.3097932397},"nu_0_13":{"0":0.2897932397},"nu_0_14":{"0":0.2697932397},"nu_0_15":{"0":0.2497932397},"nu_0_16":{"0":0.2297932397},"nu_0_17":{"0":0.3297932397},"nu_0_18":{"0":0.4297932397},"nu_0_19":{"0":0.5297932397},"nu_0_20":{"0":0.6297932397},"nu_0_21":{"0":0.7297932397},"nu_0_22":{"0":0.8297932397},"nu_0_23":{"0":0.9297932397},"nu_0_24":{"0":1.0297932397}}