{"calc_effective_T":{"0":70.0},"luminosity":{"0":0.04},"star_feh":{"0":0.1},"nu_0_19":{"0":1.362110285},"nu_0_20":{"0":1.262110285},"nu_0_21":{"0":1.162110285},"nu_0_22":{"0":1.062110285},"nu_0_23":{"0":0.962110285},"nu_0_24":{"0":0.862110285},"nu_0_25":{"0":0.962110285},"nu_0_26":{"0":1.062110285},"nu_0_27":{"0":1.162110285},"nu_0_28":{"0":1.262110285},"nu_0_29":{"0":1.362110285}}