{"calc_effective_T":{"0":70.0},"luminosity":{"0":0.04},"star_feh":{"0":0.1},"nu_0_11":{"0":0.4314358438},"nu_0_12":{"0":0.4114358438},"nu_0_13":{"0":0.3914358438},"nu_0_14":{"0":0.3714358438},"nu_0_15":{"0":0.3514358438},"nu_0_16":{"0":0.3314358438},"nu_0_17":{"0":0.3114358438},"nu_0_18":{"0":0.2914358438},"nu_0_19":{"0":0.2714358438},"nu_0_20":{"0":0.2514358438},"nu_0_21":{"0":0.3514358438},"nu_0_22":{"0":0.4514358438},"nu_0_23":{"0":0.5514358438},"nu_0_24":{"0":0.6514358438},"nu_0_25":{"0":0.7514358438},"nu_0_26":{"0":0.8514358438},"nu_0_27":{"0":0.9514358438},"nu_0_28":{"0":1.0514358438},"nu_0_29":{"0":1.1514358438},"nu_0_30":{"0":1.2514358438}}