{"calc_effective_T":{"0":70.0},"luminosity":{"0":0.04},"star_feh":{"0":0.1},"nu_0_12":{"0":0.2359489182},"nu_0_13":{"0":0.2159489182},"nu_0_14":{"0":0.1959489182},"nu_0_15":{"0":0.1759489182},"nu_0_16":{"0":0.1559489182},"nu_0_17":{"0":0.1359489182},"nu_0_18":{"0":0.1159489182},"nu_0_19":{"0":0.0959489182},"nu_0_20":{"0":0.0759489182},"nu_0_21":{"0":0.1759489182},"nu_0_22":{"0":0.2759489182},"nu_0_23":{"0":0.3759489182},"nu_0_24":{"0":0.4759489182},"nu_0_25":{"0":0.5759489182},"nu_0_26":{"0":0.6759489182},"nu_0_27":{"0":0.7759489182},"nu_0_28":{"0":0.8759489182}}