{"calc_effective_T":{"0":70.0},"luminosity":{"0":0.04},"star_feh":{"0":0.1},"nu_0_11":{"0":0.3907069918},"nu_0_12":{"0":0.3407069918},"nu_0_13":{"0":0.2907069918},"nu_0_14":{"0":0.2407069918},"nu_0_15":{"0":0.1907069918},"nu_0_16":{"0":0.1407069918},"nu_0_17":{"0":0.0907069918},"nu_0_18":{"0":0.0407069918},"nu_0_19":{"0":0.1407069918},"nu_0_20":{"0":0.2407069918},"nu_0_21":{"0":0.3407069918},"nu_0_22":{"0":0.4407069918},"nu_0_23":{"0":0.5407069918},"nu_0_24":{"0":0.6407069918},"nu_0_25":{"0":0.7407069918},"nu_0_26":{"0":0.8407069918}}