{"calc_effective_T":{"0":70.0},"luminosity":{"0":0.04},"star_feh":{"0":0.1},"nu_0_12":{"0":0.2939517096},"nu_0_13":{"0":0.2739517096},"nu_0_14":{"0":0.2539517096},"nu_0_15":{"0":0.2339517096},"nu_0_16":{"0":0.2139517096},"nu_0_17":{"0":0.1939517096},"nu_0_18":{"0":0.2939517096},"nu_0_19":{"0":0.3939517096},"nu_0_20":{"0":0.4939517096},"nu_0_21":{"0":0.5939517096},"nu_0_22":{"0":0.6939517096},"nu_0_23":{"0":0.7939517096}}