{"calc_effective_T":{"0":70.0},"luminosity":{"0":0.04},"star_feh":{"0":0.1},"nu_0_16":{"0":0.882228305},"nu_0_17":{"0":0.782228305},"nu_0_18":{"0":0.682228305},"nu_0_19":{"0":0.582228305},"nu_0_20":{"0":0.482228305},"nu_0_21":{"0":0.382228305},"nu_0_22":{"0":0.482228305},"nu_0_23":{"0":0.582228305},"nu_0_24":{"0":0.682228305},"nu_0_25":{"0":0.782228305}}