{"calc_effective_T":{"0":70.0},"luminosity":{"0":0.04},"star_feh":{"0":0.1},"nu_0_9":{"0":0.866630137},"nu_0_10":{"0":0.766630137},"nu_0_11":{"0":0.666630137},"nu_0_12":{"0":0.566630137},"nu_0_13":{"0":0.466630137},"nu_0_14":{"0":0.366630137},"nu_0_15":{"0":0.266630137},"nu_0_16":{"0":0.166630137},"nu_0_17":{"0":0.266630137},"nu_0_18":{"0":0.366630137},"nu_0_19":{"0":0.466630137},"nu_0_20":{"0":0.566630137},"nu_0_21":{"0":0.666630137},"nu_0_22":{"0":0.766630137},"nu_0_23":{"0":0.866630137}}