{"calc_effective_T":{"0":70.0},"luminosity":{"0":0.04},"star_feh":{"0":0.1},"nu_0_10":{"0":1.110421356},"nu_0_11":{"0":1.010421356},"nu_0_12":{"0":0.910421356},"nu_0_13":{"0":0.810421356},"nu_0_14":{"0":0.710421356},"nu_0_15":{"0":0.610421356},"nu_0_16":{"0":0.710421356},"nu_0_17":{"0":0.810421356},"nu_0_18":{"0":0.910421356},"nu_0_19":{"0":1.010421356},"nu_0_20":{"0":1.110421356}}