{"calc_effective_T":{"0":70.0},"luminosity":{"0":0.04},"star_feh":{"0":0.1},"nu_0_14":{"0":1.131997857},"nu_0_15":{"0":1.031997857},"nu_0_16":{"0":0.931997857},"nu_0_17":{"0":0.831997857},"nu_0_18":{"0":0.731997857},"nu_0_19":{"0":0.631997857},"nu_0_20":{"0":0.531997857},"nu_0_21":{"0":0.631997857},"nu_0_22":{"0":0.731997857},"nu_0_23":{"0":0.831997857},"nu_0_24":{"0":0.931997857},"nu_0_25":{"0":1.031997857},"nu_0_26":{"0":1.131997857}}