{"calc_effective_T":{"0":70.0},"luminosity":{"0":0.04},"star_feh":{"0":0.1},"nu_0_18":{"0":1.2048516691},"nu_0_19":{"0":1.1048516691},"nu_0_20":{"0":1.0048516691},"nu_0_21":{"0":0.9048516691},"nu_0_22":{"0":0.8048516691},"nu_0_23":{"0":0.7048516691},"nu_0_24":{"0":0.6048516691},"nu_0_25":{"0":0.7048516691},"nu_0_26":{"0":0.8048516691},"nu_0_27":{"0":0.9048516691},"nu_0_28":{"0":1.0048516691},"nu_0_29":{"0":1.1048516691},"nu_0_30":{"0":1.2048516691},"nu_0_31":{"0":1.3048516691}}