{"calc_effective_T":{"0":70.0},"luminosity":{"0":0.04},"star_feh":{"0":0.1},"nu_0_19":{"0":1.2797354315},"nu_0_20":{"0":1.1797354315},"nu_0_21":{"0":1.0797354315},"nu_0_22":{"0":0.9797354315},"nu_0_23":{"0":0.8797354315},"nu_0_24":{"0":0.7797354315},"nu_0_25":{"0":0.8797354315},"nu_0_26":{"0":0.9797354315},"nu_0_27":{"0":1.0797354315},"nu_0_28":{"0":1.1797354315},"nu_0_29":{"0":1.2797354315}}