{"calc_effective_T":{"0":70.0},"luminosity":{"0":0.04},"star_feh":{"0":0.1},"nu_0_6":{"0":0.4240663844},"nu_0_7":{"0":0.4040663844},"nu_0_8":{"0":0.3840663844},"nu_0_9":{"0":0.3640663844},"nu_0_10":{"0":0.3440663844},"nu_0_11":{"0":0.3240663844},"nu_0_12":{"0":0.3040663844},"nu_0_13":{"0":0.2840663844},"nu_0_14":{"0":0.2640663844},"nu_0_15":{"0":0.2440663844},"nu_0_16":{"0":0.3440663844},"nu_0_17":{"0":0.4440663844},"nu_0_18":{"0":0.5440663844},"nu_0_19":{"0":0.6440663844},"nu_0_20":{"0":0.7440663844},"nu_0_21":{"0":0.8440663844},"nu_0_22":{"0":0.9440663844},"nu_0_23":{"0":1.0440663844},"nu_0_24":{"0":1.1440663844}}