{"calc_effective_T":{"0":70.0},"luminosity":{"0":0.04},"star_feh":{"0":0.1},"nu_0_18":{"0":1.0593680709},"nu_0_19":{"0":0.9593680709},"nu_0_20":{"0":0.8593680709},"nu_0_21":{"0":0.7593680709},"nu_0_22":{"0":0.6593680709},"nu_0_23":{"0":0.5593680709},"nu_0_24":{"0":0.6593680709},"nu_0_25":{"0":0.7593680709},"nu_0_26":{"0":0.8593680709},"nu_0_27":{"0":0.9593680709},"nu_0_28":{"0":1.0593680709}}