{"calc_effective_T":{"0":70.0},"luminosity":{"0":0.04},"star_feh":{"0":0.1},"nu_0_15":{"0":1.5253168547},"nu_0_16":{"0":1.4253168547},"nu_0_17":{"0":1.3253168547},"nu_0_18":{"0":1.2253168547},"nu_0_19":{"0":1.1253168547},"nu_0_20":{"0":1.0253168547},"nu_0_21":{"0":0.9253168547},"nu_0_22":{"0":1.0253168547},"nu_0_23":{"0":1.1253168547},"nu_0_24":{"0":1.2253168547},"nu_0_25":{"0":1.3253168547},"nu_0_26":{"0":1.4253168547},"nu_0_27":{"0":1.5253168547},"nu_0_28":{"0":1.6253168547}}