{"calc_effective_T":{"0":70.0},"luminosity":{"0":0.04},"star_feh":{"0":0.1},"nu_0_14":{"0":0.5647302737},"nu_0_15":{"0":0.5147302737},"nu_0_16":{"0":0.4647302737},"nu_0_17":{"0":0.4147302737},"nu_0_18":{"0":0.3647302737},"nu_0_19":{"0":0.4647302737},"nu_0_20":{"0":0.5647302737},"nu_0_21":{"0":0.6647302737},"nu_0_22":{"0":0.7647302737}}