{"calc_effective_T":{"0":70.0},"luminosity":{"0":0.04},"star_feh":{"0":0.1},"nu_0_7":{"0":0.2873506016},"nu_0_8":{"0":0.2673506016},"nu_0_9":{"0":0.2473506016},"nu_0_10":{"0":0.2273506016},"nu_0_11":{"0":0.2073506016},"nu_0_12":{"0":0.1873506016},"nu_0_13":{"0":0.1673506016},"nu_0_14":{"0":0.1473506016},"nu_0_15":{"0":0.1273506016},"nu_0_16":{"0":0.1073506016},"nu_0_17":{"0":0.2073506016},"nu_0_18":{"0":0.3073506016},"nu_0_19":{"0":0.4073506016},"nu_0_20":{"0":0.5073506016},"nu_0_21":{"0":0.6073506016},"nu_0_22":{"0":0.7073506016},"nu_0_23":{"0":0.8073506016},"nu_0_24":{"0":0.9073506016},"nu_0_25":{"0":1.0073506016},"nu_0_26":{"0":1.1073506016}}