{"calc_effective_T":{"0":70.0},"luminosity":{"0":0.04},"star_feh":{"0":0.1},"nu_0_18":{"0":0.308744367},"nu_0_19":{"0":0.288744367},"nu_0_20":{"0":0.268744367},"nu_0_21":{"0":0.248744367},"nu_0_22":{"0":0.228744367},"nu_0_23":{"0":0.208744367},"nu_0_24":{"0":0.188744367},"nu_0_25":{"0":0.288744367},"nu_0_26":{"0":0.388744367},"nu_0_27":{"0":0.488744367},"nu_0_28":{"0":0.588744367},"nu_0_29":{"0":0.688744367},"nu_0_30":{"0":0.788744367},"nu_0_31":{"0":0.888744367}}