{"calc_effective_T":{"0":70.0},"luminosity":{"0":0.04},"star_feh":{"0":0.1},"nu_0_8":{"0":0.2113684172},"nu_0_9":{"0":0.1913684172},"nu_0_10":{"0":0.1713684172},"nu_0_11":{"0":0.1513684172},"nu_0_12":{"0":0.1313684172},"nu_0_13":{"0":0.1113684172},"nu_0_14":{"0":0.0913684172},"nu_0_15":{"0":0.0713684172},"nu_0_16":{"0":0.0513684172},"nu_0_17":{"0":0.0313684172},"nu_0_18":{"0":0.1313684172},"nu_0_19":{"0":0.2313684172},"nu_0_20":{"0":0.3313684172},"nu_0_21":{"0":0.4313684172},"nu_0_22":{"0":0.5313684172},"nu_0_23":{"0":0.6313684172},"nu_0_24":{"0":0.7313684172},"nu_0_25":{"0":0.8313684172},"nu_0_26":{"0":0.9313684172}}