{"calc_effective_T":{"0":700.0},"luminosity":{"0":0.4},"star_feh":{"0":1.0},"nu_0_17":{"0":6.114118456},"nu_0_18":{"0":5.114118456},"nu_0_19":{"0":4.114118456},"nu_0_20":{"0":3.114118456},"nu_0_21":{"0":2.114118456},"nu_0_22":{"0":1.114118456},"nu_0_23":{"0":2.114118456},"nu_0_24":{"0":3.114118456},"nu_0_25":{"0":4.114118456},"nu_0_26":{"0":5.114118456},"nu_0_27":{"0":6.114118456}}