{"calc_effective_T":{"0":70.0},"luminosity":{"0":0.04},"star_feh":{"0":0.1},"nu_0_16":{"0":1.028892929},"nu_0_17":{"0":0.928892929},"nu_0_18":{"0":0.828892929},"nu_0_19":{"0":0.728892929},"nu_0_20":{"0":0.628892929},"nu_0_21":{"0":0.528892929},"nu_0_22":{"0":0.628892929},"nu_0_23":{"0":0.728892929},"nu_0_24":{"0":0.828892929},"nu_0_25":{"0":0.928892929},"nu_0_26":{"0":1.028892929}}