{"calc_effective_T":{"0":70.0},"luminosity":{"0":0.04},"star_feh":{"0":0.1},"nu_0_9":{"0":0.2029236615},"nu_0_10":{"0":0.1829236615},"nu_0_11":{"0":0.1629236615},"nu_0_12":{"0":0.1429236615},"nu_0_13":{"0":0.1229236615},"nu_0_14":{"0":0.1029236615},"nu_0_15":{"0":0.0829236615},"nu_0_16":{"0":0.0629236615},"nu_0_17":{"0":0.1629236615},"nu_0_18":{"0":0.2629236615},"nu_0_19":{"0":0.3629236615},"nu_0_20":{"0":0.4629236615},"nu_0_21":{"0":0.5629236615},"nu_0_22":{"0":0.6629236615},"nu_0_23":{"0":0.7629236615}}