{"calc_effective_T":{"0":70.0},"luminosity":{"0":0.04},"star_feh":{"0":0.1},"nu_0_10":{"0":0.3615289285},"nu_0_11":{"0":0.3415289285},"nu_0_12":{"0":0.3215289285},"nu_0_13":{"0":0.3015289285},"nu_0_14":{"0":0.2815289285},"nu_0_15":{"0":0.2615289285},"nu_0_16":{"0":0.2415289285},"nu_0_17":{"0":0.2215289285},"nu_0_18":{"0":0.3215289285},"nu_0_19":{"0":0.4215289285},"nu_0_20":{"0":0.5215289285},"nu_0_21":{"0":0.6215289285},"nu_0_22":{"0":0.7215289285},"nu_0_23":{"0":0.8215289285},"nu_0_24":{"0":0.9215289285}}