{"calc_effective_T":{"0":70.0},"luminosity":{"0":0.04},"star_feh":{"0":0.1},"nu_0_12":{"0":3.0418941547},"nu_0_13":{"0":2.5418941547},"nu_0_14":{"0":2.0418941547},"nu_0_15":{"0":1.5418941547},"nu_0_16":{"0":1.0418941547},"nu_0_17":{"0":0.5418941547},"nu_0_18":{"0":0.0418941547},"nu_0_19":{"0":0.5418941547},"nu_0_20":{"0":1.0418941547},"nu_0_21":{"0":1.5418941547},"nu_0_22":{"0":2.0418941547},"nu_0_23":{"0":2.5418941547}}