{"calc_effective_T":{"0":70.0},"luminosity":{"0":0.04},"star_feh":{"0":0.1},"nu_0_9":{"0":0.365047354},"nu_0_10":{"0":0.345047354},"nu_0_11":{"0":0.325047354},"nu_0_12":{"0":0.305047354},"nu_0_13":{"0":0.285047354},"nu_0_14":{"0":0.265047354},"nu_0_15":{"0":0.245047354},"nu_0_16":{"0":0.225047354},"nu_0_17":{"0":0.205047354},"nu_0_18":{"0":0.305047354},"nu_0_19":{"0":0.405047354},"nu_0_20":{"0":0.505047354},"nu_0_21":{"0":0.605047354},"nu_0_22":{"0":0.705047354},"nu_0_23":{"0":0.805047354},"nu_0_24":{"0":0.905047354},"nu_0_25":{"0":1.005047354},"nu_0_26":{"0":1.105047354}}