{"calc_effective_T":{"0":70.0},"luminosity":{"0":0.04},"star_feh":{"0":0.1},"nu_0_11":{"0":0.5012664842},"nu_0_12":{"0":0.4512664842},"nu_0_13":{"0":0.4012664842},"nu_0_14":{"0":0.3512664842},"nu_0_15":{"0":0.3012664842},"nu_0_16":{"0":0.2512664842},"nu_0_17":{"0":0.2012664842},"nu_0_18":{"0":0.1512664842},"nu_0_19":{"0":0.2512664842},"nu_0_20":{"0":0.3512664842},"nu_0_21":{"0":0.4512664842},"nu_0_22":{"0":0.5512664842},"nu_0_23":{"0":0.6512664842},"nu_0_24":{"0":0.7512664842},"nu_0_25":{"0":0.8512664842}}