{"calc_effective_T":{"0":70.0},"luminosity":{"0":0.04},"star_feh":{"0":0.1},"nu_0_17":{"0":0.767766694},"nu_0_18":{"0":0.667766694},"nu_0_19":{"0":0.567766694},"nu_0_20":{"0":0.467766694},"nu_0_21":{"0":0.367766694},"nu_0_22":{"0":0.467766694},"nu_0_23":{"0":0.567766694},"nu_0_24":{"0":0.667766694},"nu_0_25":{"0":0.767766694}}