{"calc_effective_T":{"0":70.0},"luminosity":{"0":0.04},"star_feh":{"0":0.1},"nu_0_16":{"0":0.9787174472},"nu_0_17":{"0":0.8787174472},"nu_0_18":{"0":0.7787174472},"nu_0_19":{"0":0.6787174472},"nu_0_20":{"0":0.5787174472},"nu_0_21":{"0":0.4787174472},"nu_0_22":{"0":0.3787174472},"nu_0_23":{"0":0.4787174472},"nu_0_24":{"0":0.5787174472},"nu_0_25":{"0":0.6787174472},"nu_0_26":{"0":0.7787174472},"nu_0_27":{"0":0.8787174472},"nu_0_28":{"0":0.9787174472},"nu_0_29":{"0":1.0787174472}}