{"calc_effective_T":{"0":70.0},"luminosity":{"0":0.04},"star_feh":{"0":0.1},"nu_0_6":{"0":0.4844646046},"nu_0_7":{"0":0.4644646046},"nu_0_8":{"0":0.4444646046},"nu_0_9":{"0":0.4244646046},"nu_0_10":{"0":0.4044646046},"nu_0_11":{"0":0.3844646046},"nu_0_12":{"0":0.3644646046},"nu_0_13":{"0":0.3444646046},"nu_0_14":{"0":0.3244646046},"nu_0_15":{"0":0.3044646046},"nu_0_16":{"0":0.2844646046},"nu_0_17":{"0":0.3844646046},"nu_0_18":{"0":0.4844646046},"nu_0_19":{"0":0.5844646046},"nu_0_20":{"0":0.6844646046},"nu_0_21":{"0":0.7844646046},"nu_0_22":{"0":0.8844646046},"nu_0_23":{"0":0.9844646046},"nu_0_24":{"0":1.0844646046},"nu_0_25":{"0":1.1844646046}}