{"calc_effective_T":{"0":70.0},"luminosity":{"0":0.04},"star_feh":{"0":0.1},"nu_0_11":{"0":1.3140875785},"nu_0_12":{"0":1.2140875785},"nu_0_13":{"0":1.1140875785},"nu_0_14":{"0":1.0140875785},"nu_0_15":{"0":0.9140875785},"nu_0_16":{"0":0.8140875785},"nu_0_17":{"0":0.9140875785},"nu_0_18":{"0":1.0140875785},"nu_0_19":{"0":1.1140875785},"nu_0_20":{"0":1.2140875785},"nu_0_21":{"0":1.3140875785},"nu_0_22":{"0":1.4140875785}}