{"calc_effective_T":{"0":70.0},"luminosity":{"0":0.04},"star_feh":{"0":0.1},"nu_0_15":{"0":0.211819444},"nu_0_16":{"0":0.191819444},"nu_0_17":{"0":0.171819444},"nu_0_18":{"0":0.151819444},"nu_0_19":{"0":0.131819444},"nu_0_20":{"0":0.111819444},"nu_0_21":{"0":0.211819444},"nu_0_22":{"0":0.311819444},"nu_0_23":{"0":0.411819444},"nu_0_24":{"0":0.511819444}}