{"calc_effective_T":{"0":70.0},"luminosity":{"0":0.04},"star_feh":{"0":0.1},"nu_0_15":{"0":0.2107257558},"nu_0_16":{"0":0.1907257558},"nu_0_17":{"0":0.1707257558},"nu_0_18":{"0":0.1507257558},"nu_0_19":{"0":0.1307257558},"nu_0_20":{"0":0.1107257558},"nu_0_21":{"0":0.0907257558},"nu_0_22":{"0":0.0707257558},"nu_0_23":{"0":0.1707257558},"nu_0_24":{"0":0.2707257558},"nu_0_25":{"0":0.3707257558},"nu_0_26":{"0":0.4707257558},"nu_0_27":{"0":0.5707257558},"nu_0_28":{"0":0.6707257558},"nu_0_29":{"0":0.7707257558},"nu_0_30":{"0":0.8707257558}}