{"calc_effective_T":{"0":70.0},"luminosity":{"0":0.04},"star_feh":{"0":0.1},"nu_0_12":{"0":0.15772937},"nu_0_13":{"0":0.13772937},"nu_0_14":{"0":0.11772937},"nu_0_15":{"0":0.09772937},"nu_0_16":{"0":0.07772937},"nu_0_17":{"0":0.05772937},"nu_0_18":{"0":0.15772937},"nu_0_19":{"0":0.25772937},"nu_0_20":{"0":0.35772937},"nu_0_21":{"0":0.45772937},"nu_0_22":{"0":0.55772937}}