{"calc_effective_T":{"0":70.0},"luminosity":{"0":0.04},"star_feh":{"0":0.1},"nu_0_8":{"0":0.3155043352},"nu_0_9":{"0":0.2955043352},"nu_0_10":{"0":0.2755043352},"nu_0_11":{"0":0.2555043352},"nu_0_12":{"0":0.2355043352},"nu_0_13":{"0":0.2155043352},"nu_0_14":{"0":0.1955043352},"nu_0_15":{"0":0.1755043352},"nu_0_16":{"0":0.1555043352},"nu_0_17":{"0":0.2555043352},"nu_0_18":{"0":0.3555043352},"nu_0_19":{"0":0.4555043352},"nu_0_20":{"0":0.5555043352},"nu_0_21":{"0":0.6555043352},"nu_0_22":{"0":0.7555043352},"nu_0_23":{"0":0.8555043352}}