{"calc_effective_T":{"0":70.0},"luminosity":{"0":0.04},"star_feh":{"0":0.1},"nu_0_11":{"0":0.7595896411},"nu_0_12":{"0":0.6595896411},"nu_0_13":{"0":0.5595896411},"nu_0_14":{"0":0.4595896411},"nu_0_15":{"0":0.3595896411},"nu_0_16":{"0":0.2595896411},"nu_0_17":{"0":0.3595896411},"nu_0_18":{"0":0.4595896411},"nu_0_19":{"0":0.5595896411},"nu_0_20":{"0":0.6595896411},"nu_0_21":{"0":0.7595896411}}