{"calc_effective_T":{"0":70.0},"luminosity":{"0":0.04},"star_feh":{"0":0.1},"nu_0_17":{"0":0.914126702},"nu_0_18":{"0":0.814126702},"nu_0_19":{"0":0.714126702},"nu_0_20":{"0":0.614126702},"nu_0_21":{"0":0.514126702},"nu_0_22":{"0":0.414126702},"nu_0_23":{"0":0.314126702},"nu_0_24":{"0":0.214126702},"nu_0_25":{"0":0.314126702},"nu_0_26":{"0":0.414126702},"nu_0_27":{"0":0.514126702},"nu_0_28":{"0":0.614126702},"nu_0_29":{"0":0.714126702},"nu_0_30":{"0":0.814126702},"nu_0_31":{"0":0.914126702}}