{"calc_effective_T":{"0":70.0},"luminosity":{"0":0.04},"star_feh":{"0":0.1},"nu_0_16":{"0":3.0564532877},"nu_0_17":{"0":2.5564532877},"nu_0_18":{"0":2.0564532877},"nu_0_19":{"0":1.5564532877},"nu_0_20":{"0":1.0564532877},"nu_0_21":{"0":0.5564532877},"nu_0_22":{"0":0.0564532877},"nu_0_23":{"0":0.5564532877},"nu_0_24":{"0":1.0564532877},"nu_0_25":{"0":1.5564532877},"nu_0_26":{"0":2.0564532877},"nu_0_27":{"0":2.5564532877}}