{"calc_effective_T":{"0":70.0},"luminosity":{"0":0.04},"star_feh":{"0":0.1},"nu_0_17":{"0":1.219604509},"nu_0_18":{"0":1.119604509},"nu_0_19":{"0":1.019604509},"nu_0_20":{"0":0.919604509},"nu_0_21":{"0":0.819604509},"nu_0_22":{"0":0.719604509},"nu_0_23":{"0":0.619604509},"nu_0_24":{"0":0.519604509},"nu_0_25":{"0":0.619604509},"nu_0_26":{"0":0.719604509},"nu_0_27":{"0":0.819604509},"nu_0_28":{"0":0.919604509},"nu_0_29":{"0":1.019604509},"nu_0_30":{"0":1.119604509},"nu_0_31":{"0":1.219604509},"nu_0_32":{"0":1.319604509}}