{"calc_effective_T":{"0":70.0},"luminosity":{"0":0.04},"star_feh":{"0":0.1},"nu_0_14":{"0":1.1659379999},"nu_0_15":{"0":1.0659379999},"nu_0_16":{"0":0.9659379999},"nu_0_17":{"0":0.8659379999},"nu_0_18":{"0":0.7659379999},"nu_0_19":{"0":0.6659379999},"nu_0_20":{"0":0.7659379999},"nu_0_21":{"0":0.8659379999},"nu_0_22":{"0":0.9659379999},"nu_0_23":{"0":1.0659379999},"nu_0_24":{"0":1.1659379999},"nu_0_25":{"0":1.2659379999}}