{"calc_effective_T":{"0":70.0},"luminosity":{"0":0.04},"star_feh":{"0":0.1},"nu_0_8":{"0":0.4563226249},"nu_0_9":{"0":0.4363226249},"nu_0_10":{"0":0.4163226249},"nu_0_11":{"0":0.3963226249},"nu_0_12":{"0":0.3763226249},"nu_0_13":{"0":0.3563226249},"nu_0_14":{"0":0.3363226249},"nu_0_15":{"0":0.3163226249},"nu_0_16":{"0":0.2963226249},"nu_0_17":{"0":0.2763226249},"nu_0_18":{"0":0.3763226249},"nu_0_19":{"0":0.4763226249},"nu_0_20":{"0":0.5763226249},"nu_0_21":{"0":0.6763226249},"nu_0_22":{"0":0.7763226249},"nu_0_23":{"0":0.8763226249},"nu_0_24":{"0":0.9763226249},"nu_0_25":{"0":1.0763226249},"nu_0_26":{"0":1.1763226249}}