{"calc_effective_T":{"0":70.0},"luminosity":{"0":0.04},"star_feh":{"0":0.1},"nu_0_17":{"0":1.04565484},"nu_0_18":{"0":0.94565484},"nu_0_19":{"0":0.84565484},"nu_0_20":{"0":0.74565484},"nu_0_21":{"0":0.64565484},"nu_0_22":{"0":0.54565484},"nu_0_23":{"0":0.44565484},"nu_0_24":{"0":0.54565484},"nu_0_25":{"0":0.64565484},"nu_0_26":{"0":0.74565484},"nu_0_27":{"0":0.84565484},"nu_0_28":{"0":0.94565484},"nu_0_29":{"0":1.04565484}}