{"calc_effective_T":{"0":70.0},"luminosity":{"0":0.04},"star_feh":{"0":0.1},"nu_0_14":{"0":0.9604037511},"nu_0_15":{"0":0.8604037511},"nu_0_16":{"0":0.7604037511},"nu_0_17":{"0":0.6604037511},"nu_0_18":{"0":0.5604037511},"nu_0_19":{"0":0.4604037511},"nu_0_20":{"0":0.3604037511},"nu_0_21":{"0":0.2604037511},"nu_0_22":{"0":0.3604037511},"nu_0_23":{"0":0.4604037511},"nu_0_24":{"0":0.5604037511},"nu_0_25":{"0":0.6604037511},"nu_0_26":{"0":0.7604037511},"nu_0_27":{"0":0.8604037511},"nu_0_28":{"0":0.9604037511}}