{"calc_effective_T":{"0":70.0},"luminosity":{"0":0.04},"star_feh":{"0":0.1},"nu_0_12":{"0":0.2754050582},"nu_0_13":{"0":0.2554050582},"nu_0_14":{"0":0.2354050582},"nu_0_15":{"0":0.2154050582},"nu_0_16":{"0":0.1954050582},"nu_0_17":{"0":0.1754050582},"nu_0_18":{"0":0.1554050582},"nu_0_19":{"0":0.1354050582},"nu_0_20":{"0":0.1154050582},"nu_0_21":{"0":0.2154050582},"nu_0_22":{"0":0.3154050582},"nu_0_23":{"0":0.4154050582},"nu_0_24":{"0":0.5154050582},"nu_0_25":{"0":0.6154050582},"nu_0_26":{"0":0.7154050582},"nu_0_27":{"0":0.8154050582},"nu_0_28":{"0":0.9154050582}}