{"calc_effective_T":{"0":70.0},"luminosity":{"0":0.04},"star_feh":{"0":0.1},"nu_0_15":{"0":1.355389907},"nu_0_16":{"0":1.255389907},"nu_0_17":{"0":1.155389907},"nu_0_18":{"0":1.055389907},"nu_0_19":{"0":0.955389907},"nu_0_20":{"0":0.855389907},"nu_0_21":{"0":0.755389907},"nu_0_22":{"0":0.655389907},"nu_0_23":{"0":0.755389907},"nu_0_24":{"0":0.855389907},"nu_0_25":{"0":0.955389907},"nu_0_26":{"0":1.055389907},"nu_0_27":{"0":1.155389907},"nu_0_28":{"0":1.255389907},"nu_0_29":{"0":1.355389907}}