{"calc_effective_T":{"0":70.0},"luminosity":{"0":0.04},"star_feh":{"0":0.1},"nu_0_16":{"0":0.1807748251},"nu_0_17":{"0":0.1607748251},"nu_0_18":{"0":0.1407748251},"nu_0_19":{"0":0.1207748251},"nu_0_20":{"0":0.1007748251},"nu_0_21":{"0":0.0807748251},"nu_0_22":{"0":0.0607748251},"nu_0_23":{"0":0.0407748251},"nu_0_24":{"0":0.1407748251},"nu_0_25":{"0":0.2407748251},"nu_0_26":{"0":0.3407748251},"nu_0_27":{"0":0.4407748251},"nu_0_28":{"0":0.5407748251},"nu_0_29":{"0":0.6407748251},"nu_0_30":{"0":0.7407748251}}