{"calc_effective_T":{"0":70.0},"luminosity":{"0":0.04},"star_feh":{"0":0.1},"nu_0_11":{"0":0.3613964306},"nu_0_12":{"0":0.3413964306},"nu_0_13":{"0":0.3213964306},"nu_0_14":{"0":0.3013964306},"nu_0_15":{"0":0.2813964306},"nu_0_16":{"0":0.2613964306},"nu_0_17":{"0":0.2413964306},"nu_0_18":{"0":0.2213964306},"nu_0_19":{"0":0.3213964306},"nu_0_20":{"0":0.4213964306},"nu_0_21":{"0":0.5213964306},"nu_0_22":{"0":0.6213964306},"nu_0_23":{"0":0.7213964306},"nu_0_24":{"0":0.8213964306}}