{"calc_effective_T":{"0":70.0},"luminosity":{"0":0.04},"star_feh":{"0":0.1},"nu_0_11":{"0":1.185083762},"nu_0_12":{"0":1.085083762},"nu_0_13":{"0":0.985083762},"nu_0_14":{"0":0.885083762},"nu_0_15":{"0":0.785083762},"nu_0_16":{"0":0.685083762},"nu_0_17":{"0":0.585083762},"nu_0_18":{"0":0.485083762},"nu_0_19":{"0":0.385083762},"nu_0_20":{"0":0.485083762},"nu_0_21":{"0":0.585083762},"nu_0_22":{"0":0.685083762},"nu_0_23":{"0":0.785083762},"nu_0_24":{"0":0.885083762},"nu_0_25":{"0":0.985083762},"nu_0_26":{"0":1.085083762}}