{"calc_effective_T":{"0":70.0},"luminosity":{"0":0.04},"star_feh":{"0":0.1},"nu_0_16":{"0":1.3264282048},"nu_0_17":{"0":1.2264282048},"nu_0_18":{"0":1.1264282048},"nu_0_19":{"0":1.0264282048},"nu_0_20":{"0":0.9264282048},"nu_0_21":{"0":0.8264282048},"nu_0_22":{"0":0.7264282048},"nu_0_23":{"0":0.8264282048},"nu_0_24":{"0":0.9264282048},"nu_0_25":{"0":1.0264282048},"nu_0_26":{"0":1.1264282048},"nu_0_27":{"0":1.2264282048}}