{"calc_effective_T":{"0":70.0},"luminosity":{"0":0.04},"star_feh":{"0":0.1},"nu_0_18":{"0":1.3941734084},"nu_0_19":{"0":1.2941734084},"nu_0_20":{"0":1.1941734084},"nu_0_21":{"0":1.0941734084},"nu_0_22":{"0":0.9941734084},"nu_0_23":{"0":0.8941734084},"nu_0_24":{"0":0.9941734084},"nu_0_25":{"0":1.0941734084},"nu_0_26":{"0":1.1941734084},"nu_0_27":{"0":1.2941734084},"nu_0_28":{"0":1.3941734084},"nu_0_29":{"0":1.4941734084}}