{"calc_effective_T":{"0":70.0},"luminosity":{"0":0.04},"star_feh":{"0":0.1},"nu_0_13":{"0":0.7495683099},"nu_0_14":{"0":0.6995683099},"nu_0_15":{"0":0.6495683099},"nu_0_16":{"0":0.5995683099},"nu_0_17":{"0":0.5495683099},"nu_0_18":{"0":0.4995683099},"nu_0_19":{"0":0.5995683099},"nu_0_20":{"0":0.6995683099},"nu_0_21":{"0":0.7995683099},"nu_0_22":{"0":0.8995683099},"nu_0_23":{"0":0.9995683099}}