{"calc_effective_T":{"0":70.0},"luminosity":{"0":0.04},"star_feh":{"0":0.1},"nu_0_12":{"0":0.3489580195},"nu_0_13":{"0":0.3289580195},"nu_0_14":{"0":0.3089580195},"nu_0_15":{"0":0.2889580195},"nu_0_16":{"0":0.2689580195},"nu_0_17":{"0":0.2489580195},"nu_0_18":{"0":0.2289580195},"nu_0_19":{"0":0.2089580195},"nu_0_20":{"0":0.1889580195},"nu_0_21":{"0":0.2889580195},"nu_0_22":{"0":0.3889580195},"nu_0_23":{"0":0.4889580195},"nu_0_24":{"0":0.5889580195},"nu_0_25":{"0":0.6889580195},"nu_0_26":{"0":0.7889580195},"nu_0_27":{"0":0.8889580195},"nu_0_28":{"0":0.9889580195}}