{"calc_effective_T":{"0":70.0},"luminosity":{"0":0.04},"star_feh":{"0":0.1},"nu_0_8":{"0":0.3928429746},"nu_0_9":{"0":0.3428429746},"nu_0_10":{"0":0.2928429746},"nu_0_11":{"0":0.2428429746},"nu_0_12":{"0":0.1928429746},"nu_0_13":{"0":0.1428429746},"nu_0_14":{"0":0.0928429746},"nu_0_15":{"0":0.0428429746},"nu_0_16":{"0":0.1428429746},"nu_0_17":{"0":0.2428429746},"nu_0_18":{"0":0.3428429746},"nu_0_19":{"0":0.4428429746},"nu_0_20":{"0":0.5428429746},"nu_0_21":{"0":0.6428429746},"nu_0_22":{"0":0.7428429746}}