{"calc_effective_T":{"0":70.0},"luminosity":{"0":0.04},"star_feh":{"0":0.1},"nu_0_13":{"0":0.257689908},"nu_0_14":{"0":0.237689908},"nu_0_15":{"0":0.217689908},"nu_0_16":{"0":0.197689908},"nu_0_17":{"0":0.177689908},"nu_0_18":{"0":0.157689908},"nu_0_19":{"0":0.137689908},"nu_0_20":{"0":0.237689908},"nu_0_21":{"0":0.337689908},"nu_0_22":{"0":0.437689908},"nu_0_23":{"0":0.537689908},"nu_0_24":{"0":0.637689908},"nu_0_25":{"0":0.737689908}}