{"calc_effective_T":{"0":70.0},"luminosity":{"0":0.04},"star_feh":{"0":0.1},"nu_0_7":{"0":1.225846691},"nu_0_8":{"0":1.125846691},"nu_0_9":{"0":1.025846691},"nu_0_10":{"0":0.925846691},"nu_0_11":{"0":0.825846691},"nu_0_12":{"0":0.725846691},"nu_0_13":{"0":0.625846691},"nu_0_14":{"0":0.525846691},"nu_0_15":{"0":0.425846691},"nu_0_16":{"0":0.525846691},"nu_0_17":{"0":0.625846691},"nu_0_18":{"0":0.725846691},"nu_0_19":{"0":0.825846691},"nu_0_20":{"0":0.925846691},"nu_0_21":{"0":1.025846691},"nu_0_22":{"0":1.125846691}}