{"calc_effective_T":{"0":70.0},"luminosity":{"0":0.04},"star_feh":{"0":0.1},"nu_0_14":{"0":0.7381325818},"nu_0_15":{"0":0.6381325818},"nu_0_16":{"0":0.5381325818},"nu_0_17":{"0":0.4381325818},"nu_0_18":{"0":0.3381325818},"nu_0_19":{"0":0.2381325818},"nu_0_20":{"0":0.1381325818},"nu_0_21":{"0":0.2381325818},"nu_0_22":{"0":0.3381325818},"nu_0_23":{"0":0.4381325818},"nu_0_24":{"0":0.5381325818},"nu_0_25":{"0":0.6381325818}}