{"calc_effective_T":{"0":70.0},"luminosity":{"0":0.04},"star_feh":{"0":0.1},"nu_0_16":{"0":0.8958744384},"nu_0_17":{"0":0.7958744384},"nu_0_18":{"0":0.6958744384},"nu_0_19":{"0":0.5958744384},"nu_0_20":{"0":0.4958744384},"nu_0_21":{"0":0.3958744384},"nu_0_22":{"0":0.2958744384},"nu_0_23":{"0":0.3958744384},"nu_0_24":{"0":0.4958744384},"nu_0_25":{"0":0.5958744384},"nu_0_26":{"0":0.6958744384},"nu_0_27":{"0":0.7958744384},"nu_0_28":{"0":0.8958744384}}