{"calc_effective_T":{"0":70.0},"luminosity":{"0":0.04},"star_feh":{"0":0.1},"nu_0_8":{"0":0.2436768594},"nu_0_9":{"0":0.2236768594},"nu_0_10":{"0":0.2036768594},"nu_0_11":{"0":0.1836768594},"nu_0_12":{"0":0.1636768594},"nu_0_13":{"0":0.1436768594},"nu_0_14":{"0":0.1236768594},"nu_0_15":{"0":0.1036768594},"nu_0_16":{"0":0.0836768594},"nu_0_17":{"0":0.0636768594},"nu_0_18":{"0":0.1636768594},"nu_0_19":{"0":0.2636768594},"nu_0_20":{"0":0.3636768594},"nu_0_21":{"0":0.4636768594},"nu_0_22":{"0":0.5636768594},"nu_0_23":{"0":0.6636768594},"nu_0_24":{"0":0.7636768594},"nu_0_25":{"0":0.8636768594},"nu_0_26":{"0":0.9636768594},"nu_0_27":{"0":1.0636768594}}