{"calc_effective_T":{"0":70.0},"luminosity":{"0":0.04},"star_feh":{"0":0.1},"nu_0_14":{"0":0.1701936289},"nu_0_15":{"0":0.1501936289},"nu_0_16":{"0":0.1301936289},"nu_0_17":{"0":0.1101936289},"nu_0_18":{"0":0.0901936289},"nu_0_19":{"0":0.1901936289},"nu_0_20":{"0":0.2901936289},"nu_0_21":{"0":0.3901936289},"nu_0_22":{"0":0.4901936289}}