{"calc_effective_T":{"0":70.0},"luminosity":{"0":0.04},"star_feh":{"0":0.1},"nu_0_18":{"0":1.379282153},"nu_0_19":{"0":1.279282153},"nu_0_20":{"0":1.179282153},"nu_0_21":{"0":1.079282153},"nu_0_22":{"0":0.979282153},"nu_0_23":{"0":1.079282153},"nu_0_24":{"0":1.179282153},"nu_0_25":{"0":1.279282153},"nu_0_26":{"0":1.379282153},"nu_0_27":{"0":1.479282153}}