{"calc_effective_T":{"0":70.0},"luminosity":{"0":0.04},"star_feh":{"0":0.1},"nu_0_12":{"0":0.8505344049},"nu_0_13":{"0":0.7505344049},"nu_0_14":{"0":0.6505344049},"nu_0_15":{"0":0.5505344049},"nu_0_16":{"0":0.4505344049},"nu_0_17":{"0":0.3505344049},"nu_0_18":{"0":0.2505344049},"nu_0_19":{"0":0.1505344049},"nu_0_20":{"0":0.2505344049},"nu_0_21":{"0":0.3505344049},"nu_0_22":{"0":0.4505344049},"nu_0_23":{"0":0.5505344049},"nu_0_24":{"0":0.6505344049},"nu_0_25":{"0":0.7505344049},"nu_0_26":{"0":0.8505344049},"nu_0_27":{"0":0.9505344049}}