{"calc_effective_T":{"0":70.0},"luminosity":{"0":0.04},"star_feh":{"0":0.1},"nu_0_12":{"0":0.2002776812},"nu_0_13":{"0":0.1802776812},"nu_0_14":{"0":0.1602776812},"nu_0_15":{"0":0.1402776812},"nu_0_16":{"0":0.1202776812},"nu_0_17":{"0":0.1002776812},"nu_0_18":{"0":0.0802776812},"nu_0_19":{"0":0.1802776812},"nu_0_20":{"0":0.2802776812},"nu_0_21":{"0":0.3802776812},"nu_0_22":{"0":0.4802776812},"nu_0_23":{"0":0.5802776812}}