{"calc_effective_T":{"0":70.0},"luminosity":{"0":0.04},"star_feh":{"0":0.1},"nu_0_14":{"0":1.617744457},"nu_0_15":{"0":1.517744457},"nu_0_16":{"0":1.417744457},"nu_0_17":{"0":1.317744457},"nu_0_18":{"0":1.217744457},"nu_0_19":{"0":1.117744457},"nu_0_20":{"0":1.017744457},"nu_0_21":{"0":0.917744457},"nu_0_22":{"0":0.817744457},"nu_0_23":{"0":0.917744457},"nu_0_24":{"0":1.017744457},"nu_0_25":{"0":1.117744457},"nu_0_26":{"0":1.217744457},"nu_0_27":{"0":1.317744457},"nu_0_28":{"0":1.417744457},"nu_0_29":{"0":1.517744457}}