{"calc_effective_T":{"0":70.0},"luminosity":{"0":0.04},"star_feh":{"0":0.1},"nu_0_10":{"0":0.39181567},"nu_0_11":{"0":0.37181567},"nu_0_12":{"0":0.35181567},"nu_0_13":{"0":0.33181567},"nu_0_14":{"0":0.31181567},"nu_0_15":{"0":0.29181567},"nu_0_16":{"0":0.27181567},"nu_0_17":{"0":0.25181567},"nu_0_18":{"0":0.23181567},"nu_0_19":{"0":0.33181567},"nu_0_20":{"0":0.43181567},"nu_0_21":{"0":0.53181567},"nu_0_22":{"0":0.63181567},"nu_0_23":{"0":0.73181567},"nu_0_24":{"0":0.83181567},"nu_0_25":{"0":0.93181567},"nu_0_26":{"0":1.03181567}}