{"calc_effective_T":{"0":70.0},"luminosity":{"0":0.04},"star_feh":{"0":0.1},"nu_0_10":{"0":2.7106190342},"nu_0_11":{"0":2.2106190342},"nu_0_12":{"0":1.7106190342},"nu_0_13":{"0":1.2106190342},"nu_0_14":{"0":0.7106190342},"nu_0_15":{"0":0.2106190342},"nu_0_16":{"0":0.7106190342},"nu_0_17":{"0":1.2106190342},"nu_0_18":{"0":1.7106190342},"nu_0_19":{"0":2.2106190342},"nu_0_20":{"0":2.7106190342}}