{"calc_effective_T":{"0":70.0},"luminosity":{"0":0.04},"star_feh":{"0":0.1},"nu_0_16":{"0":1.6190967866},"nu_0_17":{"0":1.5190967866},"nu_0_18":{"0":1.4190967866},"nu_0_19":{"0":1.3190967866},"nu_0_20":{"0":1.2190967866},"nu_0_21":{"0":1.1190967866},"nu_0_22":{"0":1.0190967866},"nu_0_23":{"0":0.9190967866},"nu_0_24":{"0":1.0190967866},"nu_0_25":{"0":1.1190967866},"nu_0_26":{"0":1.2190967866},"nu_0_27":{"0":1.3190967866},"nu_0_28":{"0":1.4190967866},"nu_0_29":{"0":1.5190967866},"nu_0_30":{"0":1.6190967866},"nu_0_31":{"0":1.7190967866}}