{"calc_effective_T":{"0":70.0},"luminosity":{"0":0.04},"star_feh":{"0":0.1},"nu_0_11":{"0":0.5091505817},"nu_0_12":{"0":0.4591505817},"nu_0_13":{"0":0.4091505817},"nu_0_14":{"0":0.3591505817},"nu_0_15":{"0":0.3091505817},"nu_0_16":{"0":0.2591505817},"nu_0_17":{"0":0.3591505817},"nu_0_18":{"0":0.4591505817},"nu_0_19":{"0":0.5591505817},"nu_0_20":{"0":0.6591505817},"nu_0_21":{"0":0.7591505817},"nu_0_22":{"0":0.8591505817}}