{"calc_effective_T":{"0":70.0},"luminosity":{"0":0.04},"star_feh":{"0":0.1},"nu_0_11":{"0":0.3336113399},"nu_0_12":{"0":0.3136113399},"nu_0_13":{"0":0.2936113399},"nu_0_14":{"0":0.2736113399},"nu_0_15":{"0":0.2536113399},"nu_0_16":{"0":0.2336113399},"nu_0_17":{"0":0.2136113399},"nu_0_18":{"0":0.1936113399},"nu_0_19":{"0":0.2936113399},"nu_0_20":{"0":0.3936113399},"nu_0_21":{"0":0.4936113399},"nu_0_22":{"0":0.5936113399},"nu_0_23":{"0":0.6936113399},"nu_0_24":{"0":0.7936113399}}