{"calc_effective_T":{"0":70.0},"luminosity":{"0":0.04},"star_feh":{"0":0.1},"nu_0_17":{"0":0.8977330122},"nu_0_18":{"0":0.7977330122},"nu_0_19":{"0":0.6977330122},"nu_0_20":{"0":0.5977330122},"nu_0_21":{"0":0.4977330122},"nu_0_22":{"0":0.3977330122},"nu_0_23":{"0":0.2977330122},"nu_0_24":{"0":0.1977330122},"nu_0_25":{"0":0.2977330122},"nu_0_26":{"0":0.3977330122},"nu_0_27":{"0":0.4977330122},"nu_0_28":{"0":0.5977330122},"nu_0_29":{"0":0.6977330122},"nu_0_30":{"0":0.7977330122},"nu_0_31":{"0":0.8977330122},"nu_0_32":{"0":0.9977330122}}