{"calc_effective_T":{"0":70.0},"luminosity":{"0":0.04},"star_feh":{"0":0.1},"nu_0_16":{"0":1.763409255},"nu_0_17":{"0":1.663409255},"nu_0_18":{"0":1.563409255},"nu_0_19":{"0":1.463409255},"nu_0_20":{"0":1.363409255},"nu_0_21":{"0":1.263409255},"nu_0_22":{"0":1.163409255},"nu_0_23":{"0":1.063409255},"nu_0_24":{"0":0.963409255},"nu_0_25":{"0":1.063409255},"nu_0_26":{"0":1.163409255},"nu_0_27":{"0":1.263409255},"nu_0_28":{"0":1.363409255},"nu_0_29":{"0":1.463409255},"nu_0_30":{"0":1.563409255},"nu_0_31":{"0":1.663409255}}