{"calc_effective_T":{"0":70.0},"luminosity":{"0":0.04},"star_feh":{"0":0.1},"nu_0_7":{"0":1.0611362365},"nu_0_8":{"0":0.9611362365},"nu_0_9":{"0":0.8611362365},"nu_0_10":{"0":0.7611362365},"nu_0_11":{"0":0.6611362365},"nu_0_12":{"0":0.5611362365},"nu_0_13":{"0":0.4611362365},"nu_0_14":{"0":0.3611362365},"nu_0_15":{"0":0.4611362365},"nu_0_16":{"0":0.5611362365},"nu_0_17":{"0":0.6611362365},"nu_0_18":{"0":0.7611362365},"nu_0_19":{"0":0.8611362365},"nu_0_20":{"0":0.9611362365}}