{"calc_effective_T":{"0":70.0},"luminosity":{"0":0.04},"star_feh":{"0":0.1},"nu_0_9":{"0":0.429033978},"nu_0_10":{"0":0.409033978},"nu_0_11":{"0":0.389033978},"nu_0_12":{"0":0.369033978},"nu_0_13":{"0":0.349033978},"nu_0_14":{"0":0.329033978},"nu_0_15":{"0":0.309033978},"nu_0_16":{"0":0.289033978},"nu_0_17":{"0":0.389033978},"nu_0_18":{"0":0.489033978},"nu_0_19":{"0":0.589033978},"nu_0_20":{"0":0.689033978},"nu_0_21":{"0":0.789033978},"nu_0_22":{"0":0.889033978},"nu_0_23":{"0":0.989033978},"nu_0_24":{"0":1.089033978}}