{"calc_effective_T":{"0":70.0},"luminosity":{"0":0.04},"star_feh":{"0":0.1},"nu_0_9":{"0":0.3590048514},"nu_0_10":{"0":0.3390048514},"nu_0_11":{"0":0.3190048514},"nu_0_12":{"0":0.2990048514},"nu_0_13":{"0":0.2790048514},"nu_0_14":{"0":0.2590048514},"nu_0_15":{"0":0.2390048514},"nu_0_16":{"0":0.2190048514},"nu_0_17":{"0":0.1990048514},"nu_0_18":{"0":0.1790048514},"nu_0_19":{"0":0.2790048514},"nu_0_20":{"0":0.3790048514},"nu_0_21":{"0":0.4790048514},"nu_0_22":{"0":0.5790048514},"nu_0_23":{"0":0.6790048514},"nu_0_24":{"0":0.7790048514},"nu_0_25":{"0":0.8790048514},"nu_0_26":{"0":0.9790048514}}