{"calc_effective_T":{"0":70.0},"luminosity":{"0":0.04},"star_feh":{"0":0.1},"nu_0_7":{"0":1.5560338508},"nu_0_8":{"0":1.4560338508},"nu_0_9":{"0":1.3560338508},"nu_0_10":{"0":1.2560338508},"nu_0_11":{"0":1.1560338508},"nu_0_12":{"0":1.0560338508},"nu_0_13":{"0":0.9560338508},"nu_0_14":{"0":0.8560338508},"nu_0_15":{"0":0.9560338508},"nu_0_16":{"0":1.0560338508},"nu_0_17":{"0":1.1560338508},"nu_0_18":{"0":1.2560338508},"nu_0_19":{"0":1.3560338508},"nu_0_20":{"0":1.4560338508},"nu_0_21":{"0":1.5560338508}}