{"calc_effective_T":{"0":70.0},"luminosity":{"0":0.04},"star_feh":{"0":0.1},"nu_0_16":{"0":0.3283265489},"nu_0_17":{"0":0.3083265489},"nu_0_18":{"0":0.2883265489},"nu_0_19":{"0":0.2683265489},"nu_0_20":{"0":0.2483265489},"nu_0_21":{"0":0.2283265489},"nu_0_22":{"0":0.3283265489},"nu_0_23":{"0":0.4283265489},"nu_0_24":{"0":0.5283265489},"nu_0_25":{"0":0.6283265489},"nu_0_26":{"0":0.7283265489}}