{"calc_effective_T":{"0":70.0},"luminosity":{"0":0.04},"star_feh":{"0":0.1},"nu_0_17":{"0":0.2455631464},"nu_0_18":{"0":0.2255631464},"nu_0_19":{"0":0.2055631464},"nu_0_20":{"0":0.1855631464},"nu_0_21":{"0":0.1655631464},"nu_0_22":{"0":0.2655631464},"nu_0_23":{"0":0.3655631464},"nu_0_24":{"0":0.4655631464},"nu_0_25":{"0":0.5655631464}}