{"calc_effective_T":{"0":70.0},"luminosity":{"0":0.04},"star_feh":{"0":0.1},"nu_0_13":{"0":0.9965272227},"nu_0_14":{"0":0.8965272227},"nu_0_15":{"0":0.7965272227},"nu_0_16":{"0":0.6965272227},"nu_0_17":{"0":0.5965272227},"nu_0_18":{"0":0.4965272227},"nu_0_19":{"0":0.3965272227},"nu_0_20":{"0":0.2965272227},"nu_0_21":{"0":0.3965272227},"nu_0_22":{"0":0.4965272227},"nu_0_23":{"0":0.5965272227},"nu_0_24":{"0":0.6965272227},"nu_0_25":{"0":0.7965272227},"nu_0_26":{"0":0.8965272227}}