{"calc_effective_T":{"0":70.0},"luminosity":{"0":0.04},"star_feh":{"0":0.1},"nu_0_7":{"0":0.2729866899},"nu_0_8":{"0":0.2529866899},"nu_0_9":{"0":0.2329866899},"nu_0_10":{"0":0.2129866899},"nu_0_11":{"0":0.1929866899},"nu_0_12":{"0":0.1729866899},"nu_0_13":{"0":0.1529866899},"nu_0_14":{"0":0.1329866899},"nu_0_15":{"0":0.1129866899},"nu_0_16":{"0":0.0929866899},"nu_0_17":{"0":0.1929866899},"nu_0_18":{"0":0.2929866899},"nu_0_19":{"0":0.3929866899},"nu_0_20":{"0":0.4929866899},"nu_0_21":{"0":0.5929866899},"nu_0_22":{"0":0.6929866899},"nu_0_23":{"0":0.7929866899},"nu_0_24":{"0":0.8929866899},"nu_0_25":{"0":0.9929866899}}