{"calc_effective_T":{"0":70.0},"luminosity":{"0":0.04},"star_feh":{"0":0.1},"nu_0_14":{"0":0.3616849327},"nu_0_15":{"0":0.3416849327},"nu_0_16":{"0":0.3216849327},"nu_0_17":{"0":0.3016849327},"nu_0_18":{"0":0.2816849327},"nu_0_19":{"0":0.2616849327},"nu_0_20":{"0":0.3616849327},"nu_0_21":{"0":0.4616849327},"nu_0_22":{"0":0.5616849327},"nu_0_23":{"0":0.6616849327},"nu_0_24":{"0":0.7616849327}}