{"calc_effective_T":{"0":70.0},"luminosity":{"0":0.04},"star_feh":{"0":0.1},"nu_0_17":{"0":0.1422640412},"nu_0_18":{"0":0.1222640412},"nu_0_19":{"0":0.1022640412},"nu_0_20":{"0":0.0822640412},"nu_0_21":{"0":0.0622640412},"nu_0_22":{"0":0.0422640412},"nu_0_23":{"0":0.1422640412},"nu_0_24":{"0":0.2422640412},"nu_0_25":{"0":0.3422640412},"nu_0_26":{"0":0.4422640412},"nu_0_27":{"0":0.5422640412}}