{"calc_effective_T":{"0":70.0},"luminosity":{"0":0.04},"star_feh":{"0":0.1},"nu_0_17":{"0":0.736154862},"nu_0_18":{"0":0.636154862},"nu_0_19":{"0":0.536154862},"nu_0_20":{"0":0.436154862},"nu_0_21":{"0":0.336154862},"nu_0_22":{"0":0.236154862},"nu_0_23":{"0":0.336154862},"nu_0_24":{"0":0.436154862},"nu_0_25":{"0":0.536154862},"nu_0_26":{"0":0.636154862},"nu_0_27":{"0":0.736154862}}