{"calc_effective_T":{"0":70.0},"luminosity":{"0":0.04},"star_feh":{"0":0.1},"nu_0_9":{"0":1.3380477196},"nu_0_10":{"0":1.2380477196},"nu_0_11":{"0":1.1380477196},"nu_0_12":{"0":1.0380477196},"nu_0_13":{"0":0.9380477196},"nu_0_14":{"0":0.8380477196},"nu_0_15":{"0":0.7380477196},"nu_0_16":{"0":0.6380477196},"nu_0_17":{"0":0.7380477196},"nu_0_18":{"0":0.8380477196},"nu_0_19":{"0":0.9380477196},"nu_0_20":{"0":1.0380477196},"nu_0_21":{"0":1.1380477196},"nu_0_22":{"0":1.2380477196},"nu_0_23":{"0":1.3380477196}}