{"calc_effective_T":{"0":70.0},"luminosity":{"0":0.04},"star_feh":{"0":0.1},"nu_0_9":{"0":0.6703208774},"nu_0_10":{"0":0.5703208774},"nu_0_11":{"0":0.4703208774},"nu_0_12":{"0":0.3703208774},"nu_0_13":{"0":0.2703208774},"nu_0_14":{"0":0.1703208774},"nu_0_15":{"0":0.2703208774},"nu_0_16":{"0":0.3703208774},"nu_0_17":{"0":0.4703208774},"nu_0_18":{"0":0.5703208774}}