{"calc_effective_T":{"0":70.0},"luminosity":{"0":0.04},"star_feh":{"0":0.1},"nu_0_7":{"0":0.9924533408},"nu_0_8":{"0":0.8924533408},"nu_0_9":{"0":0.7924533408},"nu_0_10":{"0":0.6924533408},"nu_0_11":{"0":0.5924533408},"nu_0_12":{"0":0.4924533408},"nu_0_13":{"0":0.3924533408},"nu_0_14":{"0":0.2924533408},"nu_0_15":{"0":0.3924533408},"nu_0_16":{"0":0.4924533408},"nu_0_17":{"0":0.5924533408},"nu_0_18":{"0":0.6924533408},"nu_0_19":{"0":0.7924533408},"nu_0_20":{"0":0.8924533408},"nu_0_21":{"0":0.9924533408}}