{"calc_effective_T":{"0":70.0},"luminosity":{"0":0.04},"star_feh":{"0":0.1},"nu_0_20":{"0":1.3659652123},"nu_0_21":{"0":1.2659652123},"nu_0_22":{"0":1.1659652123},"nu_0_23":{"0":1.0659652123},"nu_0_24":{"0":0.9659652123},"nu_0_25":{"0":1.0659652123},"nu_0_26":{"0":1.1659652123},"nu_0_27":{"0":1.2659652123},"nu_0_28":{"0":1.3659652123},"nu_0_29":{"0":1.4659652123}}