{"calc_effective_T":{"0":70.0},"luminosity":{"0":0.04},"star_feh":{"0":0.1},"nu_0_13":{"0":0.4344426148},"nu_0_14":{"0":0.4144426148},"nu_0_15":{"0":0.3944426148},"nu_0_16":{"0":0.3744426148},"nu_0_17":{"0":0.3544426148},"nu_0_18":{"0":0.3344426148},"nu_0_19":{"0":0.3144426148},"nu_0_20":{"0":0.2944426148},"nu_0_21":{"0":0.2744426148},"nu_0_22":{"0":0.3744426148},"nu_0_23":{"0":0.4744426148},"nu_0_24":{"0":0.5744426148},"nu_0_25":{"0":0.6744426148},"nu_0_26":{"0":0.7744426148},"nu_0_27":{"0":0.8744426148},"nu_0_28":{"0":0.9744426148},"nu_0_29":{"0":1.0744426148}}