{"calc_effective_T":{"0":70.0},"luminosity":{"0":0.04},"star_feh":{"0":0.1},"nu_0_20":{"0":1.2101473595},"nu_0_21":{"0":1.1101473595},"nu_0_22":{"0":1.0101473595},"nu_0_23":{"0":0.9101473595},"nu_0_24":{"0":0.8101473595},"nu_0_25":{"0":0.9101473595},"nu_0_26":{"0":1.0101473595},"nu_0_27":{"0":1.1101473595},"nu_0_28":{"0":1.2101473595},"nu_0_29":{"0":1.3101473595}}