{"calc_effective_T":{"0":70.0},"luminosity":{"0":0.04},"star_feh":{"0":0.1},"nu_0_12":{"0":1.5946068497},"nu_0_13":{"0":1.4946068497},"nu_0_14":{"0":1.3946068497},"nu_0_15":{"0":1.2946068497},"nu_0_16":{"0":1.1946068497},"nu_0_17":{"0":1.0946068497},"nu_0_18":{"0":0.9946068497},"nu_0_19":{"0":1.0946068497},"nu_0_20":{"0":1.1946068497},"nu_0_21":{"0":1.2946068497},"nu_0_22":{"0":1.3946068497},"nu_0_23":{"0":1.4946068497}}