{"calc_effective_T":{"0":70.0},"luminosity":{"0":0.04},"star_feh":{"0":0.1},"nu_0_15":{"0":0.3899254067},"nu_0_16":{"0":0.3699254067},"nu_0_17":{"0":0.3499254067},"nu_0_18":{"0":0.3299254067},"nu_0_19":{"0":0.3099254067},"nu_0_20":{"0":0.2899254067},"nu_0_21":{"0":0.3899254067},"nu_0_22":{"0":0.4899254067},"nu_0_23":{"0":0.5899254067},"nu_0_24":{"0":0.6899254067}}