{"calc_effective_T":{"0":70.0},"luminosity":{"0":0.04},"star_feh":{"0":0.1},"nu_0_15":{"0":0.718188586},"nu_0_16":{"0":0.618188586},"nu_0_17":{"0":0.518188586},"nu_0_18":{"0":0.418188586},"nu_0_19":{"0":0.318188586},"nu_0_20":{"0":0.218188586},"nu_0_21":{"0":0.318188586},"nu_0_22":{"0":0.418188586},"nu_0_23":{"0":0.518188586},"nu_0_24":{"0":0.618188586},"nu_0_25":{"0":0.718188586},"nu_0_26":{"0":0.818188586}}