{"calc_effective_T":{"0":700.0},"luminosity":{"0":0.4},"star_feh":{"0":1.0},"nu_0_19":{"0":14.9506357788},"nu_0_20":{"0":13.9506357788},"nu_0_21":{"0":12.9506357788},"nu_0_22":{"0":11.9506357788},"nu_0_23":{"0":10.9506357788},"nu_0_24":{"0":9.9506357788},"nu_0_25":{"0":10.9506357788},"nu_0_26":{"0":11.9506357788},"nu_0_27":{"0":12.9506357788},"nu_0_28":{"0":13.9506357788},"nu_0_29":{"0":14.9506357788}}