{"calc_effective_T":{"0":70.0},"luminosity":{"0":0.04},"star_feh":{"0":0.1},"nu_0_17":{"0":1.225414561},"nu_0_18":{"0":1.125414561},"nu_0_19":{"0":1.025414561},"nu_0_20":{"0":0.925414561},"nu_0_21":{"0":0.825414561},"nu_0_22":{"0":0.925414561},"nu_0_23":{"0":1.025414561},"nu_0_24":{"0":1.125414561},"nu_0_25":{"0":1.225414561}}