{"calc_effective_T":{"0":70.0},"luminosity":{"0":0.04},"star_feh":{"0":0.1},"nu_0_19":{"0":1.4671701894},"nu_0_20":{"0":1.3671701894},"nu_0_21":{"0":1.2671701894},"nu_0_22":{"0":1.1671701894},"nu_0_23":{"0":1.0671701894},"nu_0_24":{"0":0.9671701894},"nu_0_25":{"0":1.0671701894},"nu_0_26":{"0":1.1671701894},"nu_0_27":{"0":1.2671701894},"nu_0_28":{"0":1.3671701894},"nu_0_29":{"0":1.4671701894}}