{"calc_effective_T":{"0":700.0},"luminosity":{"0":0.4},"star_feh":{"0":1.0},"nu_0_18":{"0":9.5566411165},"nu_0_19":{"0":8.5566411165},"nu_0_20":{"0":7.5566411165},"nu_0_21":{"0":6.5566411165},"nu_0_22":{"0":5.5566411165},"nu_0_23":{"0":4.5566411165},"nu_0_24":{"0":5.5566411165},"nu_0_25":{"0":6.5566411165},"nu_0_26":{"0":7.5566411165},"nu_0_27":{"0":8.5566411165},"nu_0_28":{"0":9.5566411165}}