{"calc_effective_T":{"0":70.0},"luminosity":{"0":0.04},"star_feh":{"0":0.1},"nu_0_20":{"0":1.5946170671},"nu_0_21":{"0":1.4946170671},"nu_0_22":{"0":1.3946170671},"nu_0_23":{"0":1.2946170671},"nu_0_24":{"0":1.1946170671},"nu_0_25":{"0":1.0946170671},"nu_0_26":{"0":0.9946170671},"nu_0_27":{"0":1.0946170671},"nu_0_28":{"0":1.1946170671},"nu_0_29":{"0":1.2946170671},"nu_0_30":{"0":1.3946170671},"nu_0_31":{"0":1.4946170671},"nu_0_32":{"0":1.5946170671}}