{"calc_effective_T":{"0":70.0},"luminosity":{"0":0.04},"star_feh":{"0":0.1},"nu_0_7":{"0":1.2326924999},"nu_0_8":{"0":1.1326924999},"nu_0_9":{"0":1.0326924999},"nu_0_10":{"0":0.9326924999},"nu_0_11":{"0":0.8326924999},"nu_0_12":{"0":0.7326924999},"nu_0_13":{"0":0.6326924999},"nu_0_14":{"0":0.5326924999},"nu_0_15":{"0":0.6326924999},"nu_0_16":{"0":0.7326924999},"nu_0_17":{"0":0.8326924999},"nu_0_18":{"0":0.9326924999},"nu_0_19":{"0":1.0326924999},"nu_0_20":{"0":1.1326924999},"nu_0_21":{"0":1.2326924999}}