{"calc_effective_T":{"0":70.0},"luminosity":{"0":0.04},"star_feh":{"0":0.1},"nu_0_14":{"0":0.4221322768},"nu_0_15":{"0":0.4021322768},"nu_0_16":{"0":0.3821322768},"nu_0_17":{"0":0.3621322768},"nu_0_18":{"0":0.3421322768},"nu_0_19":{"0":0.3221322768},"nu_0_20":{"0":0.3021322768},"nu_0_21":{"0":0.2821322768},"nu_0_22":{"0":0.3821322768},"nu_0_23":{"0":0.4821322768},"nu_0_24":{"0":0.5821322768},"nu_0_25":{"0":0.6821322768},"nu_0_26":{"0":0.7821322768},"nu_0_27":{"0":0.8821322768},"nu_0_28":{"0":0.9821322768},"nu_0_29":{"0":1.0821322768}}