{"calc_effective_T":{"0":70.0},"luminosity":{"0":0.04},"star_feh":{"0":0.1},"nu_0_17":{"0":1.422225862},"nu_0_18":{"0":1.322225862},"nu_0_19":{"0":1.222225862},"nu_0_20":{"0":1.122225862},"nu_0_21":{"0":1.022225862},"nu_0_22":{"0":0.922225862},"nu_0_23":{"0":0.822225862},"nu_0_24":{"0":0.922225862},"nu_0_25":{"0":1.022225862},"nu_0_26":{"0":1.122225862},"nu_0_27":{"0":1.222225862},"nu_0_28":{"0":1.322225862},"nu_0_29":{"0":1.422225862}}