{"calc_effective_T":{"0":70.0},"luminosity":{"0":0.04},"star_feh":{"0":0.1},"nu_0_15":{"0":1.093153273},"nu_0_16":{"0":0.993153273},"nu_0_17":{"0":0.893153273},"nu_0_18":{"0":0.793153273},"nu_0_19":{"0":0.693153273},"nu_0_20":{"0":0.593153273},"nu_0_21":{"0":0.493153273},"nu_0_22":{"0":0.393153273},"nu_0_23":{"0":0.493153273},"nu_0_24":{"0":0.593153273},"nu_0_25":{"0":0.693153273},"nu_0_26":{"0":0.793153273},"nu_0_27":{"0":0.893153273},"nu_0_28":{"0":0.993153273},"nu_0_29":{"0":1.093153273}}