{"calc_effective_T":{"0":70.0},"luminosity":{"0":0.04},"star_feh":{"0":0.1},"nu_0_13":{"0":0.1822053836},"nu_0_14":{"0":0.1622053836},"nu_0_15":{"0":0.1422053836},"nu_0_16":{"0":0.1222053836},"nu_0_17":{"0":0.1022053836},"nu_0_18":{"0":0.2022053836},"nu_0_19":{"0":0.3022053836},"nu_0_20":{"0":0.4022053836},"nu_0_21":{"0":0.5022053836}}