{"calc_effective_T":{"0":70.0},"luminosity":{"0":0.04},"star_feh":{"0":0.1},"nu_0_10":{"0":0.4747001889},"nu_0_11":{"0":0.4247001889},"nu_0_12":{"0":0.3747001889},"nu_0_13":{"0":0.3247001889},"nu_0_14":{"0":0.2747001889},"nu_0_15":{"0":0.2247001889},"nu_0_16":{"0":0.1747001889},"nu_0_17":{"0":0.2747001889},"nu_0_18":{"0":0.3747001889},"nu_0_19":{"0":0.4747001889},"nu_0_20":{"0":0.5747001889},"nu_0_21":{"0":0.6747001889},"nu_0_22":{"0":0.7747001889},"nu_0_23":{"0":0.8747001889}}