{"calc_effective_T":{"0":70.0},"luminosity":{"0":0.04},"star_feh":{"0":0.1},"nu_0_11":{"0":3.0987095272},"nu_0_12":{"0":2.5987095272},"nu_0_13":{"0":2.0987095272},"nu_0_14":{"0":1.5987095272},"nu_0_15":{"0":1.0987095272},"nu_0_16":{"0":0.5987095272},"nu_0_17":{"0":0.0987095272},"nu_0_18":{"0":0.5987095272},"nu_0_19":{"0":1.0987095272},"nu_0_20":{"0":1.5987095272},"nu_0_21":{"0":2.0987095272},"nu_0_22":{"0":2.5987095272},"nu_0_23":{"0":3.0987095272},"nu_0_24":{"0":3.5987095272}}