{"calc_effective_T":{"0":70.0},"luminosity":{"0":0.04},"star_feh":{"0":0.1},"nu_0_12":{"0":0.2927393527},"nu_0_13":{"0":0.2727393527},"nu_0_14":{"0":0.2527393527},"nu_0_15":{"0":0.2327393527},"nu_0_16":{"0":0.2127393527},"nu_0_17":{"0":0.1927393527},"nu_0_18":{"0":0.1727393527},"nu_0_19":{"0":0.2727393527},"nu_0_20":{"0":0.3727393527},"nu_0_21":{"0":0.4727393527},"nu_0_22":{"0":0.5727393527},"nu_0_23":{"0":0.6727393527},"nu_0_24":{"0":0.7727393527}}