{"calc_effective_T":{"0":70.0},"luminosity":{"0":0.04},"star_feh":{"0":0.1},"nu_0_14":{"0":3.7701999163},"nu_0_15":{"0":3.2701999163},"nu_0_16":{"0":2.7701999163},"nu_0_17":{"0":2.2701999163},"nu_0_18":{"0":1.7701999163},"nu_0_19":{"0":1.2701999163},"nu_0_20":{"0":0.7701999163},"nu_0_21":{"0":0.2701999163},"nu_0_22":{"0":0.7701999163},"nu_0_23":{"0":1.2701999163},"nu_0_24":{"0":1.7701999163},"nu_0_25":{"0":2.2701999163},"nu_0_26":{"0":2.7701999163},"nu_0_27":{"0":3.2701999163},"nu_0_28":{"0":3.7701999163}}