{"calc_effective_T":{"0":70.0},"luminosity":{"0":0.04},"star_feh":{"0":0.1},"nu_0_14":{"0":1.2988867387},"nu_0_15":{"0":1.1988867387},"nu_0_16":{"0":1.0988867387},"nu_0_17":{"0":0.9988867387},"nu_0_18":{"0":0.8988867387},"nu_0_19":{"0":0.7988867387},"nu_0_20":{"0":0.6988867387},"nu_0_21":{"0":0.5988867387},"nu_0_22":{"0":0.4988867387},"nu_0_23":{"0":0.5988867387},"nu_0_24":{"0":0.6988867387},"nu_0_25":{"0":0.7988867387},"nu_0_26":{"0":0.8988867387},"nu_0_27":{"0":0.9988867387},"nu_0_28":{"0":1.0988867387},"nu_0_29":{"0":1.1988867387}}