{"calc_effective_T":{"0":70.0},"luminosity":{"0":0.04},"star_feh":{"0":0.1},"nu_0_14":{"0":0.852722573},"nu_0_15":{"0":0.752722573},"nu_0_16":{"0":0.652722573},"nu_0_17":{"0":0.552722573},"nu_0_18":{"0":0.452722573},"nu_0_19":{"0":0.352722573},"nu_0_20":{"0":0.252722573},"nu_0_21":{"0":0.352722573},"nu_0_22":{"0":0.452722573},"nu_0_23":{"0":0.552722573},"nu_0_24":{"0":0.652722573},"nu_0_25":{"0":0.752722573}}