{"calc_effective_T":{"0":70.0},"luminosity":{"0":0.04},"star_feh":{"0":0.1},"nu_0_10":{"0":0.3885420414},"nu_0_11":{"0":0.3685420414},"nu_0_12":{"0":0.3485420414},"nu_0_13":{"0":0.3285420414},"nu_0_14":{"0":0.3085420414},"nu_0_15":{"0":0.2885420414},"nu_0_16":{"0":0.3885420414},"nu_0_17":{"0":0.4885420414},"nu_0_18":{"0":0.5885420414},"nu_0_19":{"0":0.6885420414},"nu_0_20":{"0":0.7885420414}}