{"calc_effective_T":{"0":70.0},"luminosity":{"0":0.04},"star_feh":{"0":0.1},"nu_0_14":{"0":0.4000940053},"nu_0_15":{"0":0.3800940053},"nu_0_16":{"0":0.3600940053},"nu_0_17":{"0":0.3400940053},"nu_0_18":{"0":0.3200940053},"nu_0_19":{"0":0.3000940053},"nu_0_20":{"0":0.2800940053},"nu_0_21":{"0":0.3800940053},"nu_0_22":{"0":0.4800940053},"nu_0_23":{"0":0.5800940053},"nu_0_24":{"0":0.6800940053},"nu_0_25":{"0":0.7800940053}}