{"calc_effective_T":{"0":70.0},"luminosity":{"0":0.04},"star_feh":{"0":0.1},"nu_0_6":{"0":0.2996836402},"nu_0_7":{"0":0.2796836402},"nu_0_8":{"0":0.2596836402},"nu_0_9":{"0":0.2396836402},"nu_0_10":{"0":0.2196836402},"nu_0_11":{"0":0.1996836402},"nu_0_12":{"0":0.1796836402},"nu_0_13":{"0":0.1596836402},"nu_0_14":{"0":0.1396836402},"nu_0_15":{"0":0.1196836402},"nu_0_16":{"0":0.0996836402},"nu_0_17":{"0":0.1996836402},"nu_0_18":{"0":0.2996836402},"nu_0_19":{"0":0.3996836402},"nu_0_20":{"0":0.4996836402},"nu_0_21":{"0":0.5996836402},"nu_0_22":{"0":0.6996836402},"nu_0_23":{"0":0.7996836402},"nu_0_24":{"0":0.8996836402},"nu_0_25":{"0":0.9996836402}}