{"initial_mass": [1.07, 0.02], "initial_Zinit": [0.023, 0.002], "initial_Yinit": [0.25, 0.01], "initial_MLT": [1.92, 0.09], "star_age": [6.7, 0.4], "calc_effective_T": [5750, 50], "radius": [1.127, 0.007], "luminosity": [1.27, 0.04], "star_feh": [0.052, 0.021], "nu_0_13": [1695.02292, 0.14096], "nu_0_14": [1812.44447, 0.1465], "nu_0_15": [1928.88625, 0.11], "nu_0_16": [2044.35684, 0.07089], "nu_0_17": [2159.50294, 0.0568], "nu_0_18": [2275.94878, 0.04924], "nu_0_19": [2392.64451, 0.0455], "nu_0_20": [2509.67826, 0.04333], "nu_0_21": [2626.45779, 0.05174], "nu_0_22": [2743.32186, 0.06584], "nu_0_23": [2860.68003, 0.09407], "nu_0_24": [2978.17998, 0.17118], "nu_0_25": [3097.16961, 0.41425], "nu_0_26": [3216.45122, 0.45259], "nu_0_27": [3336.00875, 1.03806], "dnu": [116.9, 0], "nu_max": [2561.0, 0]}