{"calc_effective_T":{"0":70.0},"luminosity":{"0":0.04},"star_feh":{"0":0.1},"nu_0_8":{"0":0.4339318285},"nu_0_9":{"0":0.4139318285},"nu_0_10":{"0":0.3939318285},"nu_0_11":{"0":0.3739318285},"nu_0_12":{"0":0.3539318285},"nu_0_13":{"0":0.3339318285},"nu_0_14":{"0":0.3139318285},"nu_0_15":{"0":0.2939318285},"nu_0_16":{"0":0.2739318285},"nu_0_17":{"0":0.3739318285},"nu_0_18":{"0":0.4739318285},"nu_0_19":{"0":0.5739318285},"nu_0_20":{"0":0.6739318285},"nu_0_21":{"0":0.7739318285},"nu_0_22":{"0":0.8739318285},"nu_0_23":{"0":0.9739318285},"nu_0_24":{"0":1.0739318285}}