{"calc_effective_T":{"0":70.0},"luminosity":{"0":0.04},"star_feh":{"0":0.1},"nu_0_13":{"0":0.5094392883},"nu_0_14":{"0":0.4594392883},"nu_0_15":{"0":0.4094392883},"nu_0_16":{"0":0.3594392883},"nu_0_17":{"0":0.3094392883},"nu_0_18":{"0":0.2594392883},"nu_0_19":{"0":0.3594392883},"nu_0_20":{"0":0.4594392883},"nu_0_21":{"0":0.5594392883},"nu_0_22":{"0":0.6594392883},"nu_0_23":{"0":0.7594392883}}