{"calc_effective_T":{"0":70.0},"luminosity":{"0":0.04},"star_feh":{"0":0.1},"nu_0_15":{"0":0.6010923926},"nu_0_16":{"0":0.5010923926},"nu_0_17":{"0":0.4010923926},"nu_0_18":{"0":0.3010923926},"nu_0_19":{"0":0.2010923926},"nu_0_20":{"0":0.1010923926},"nu_0_21":{"0":0.2010923926},"nu_0_22":{"0":0.3010923926},"nu_0_23":{"0":0.4010923926},"nu_0_24":{"0":0.5010923926},"nu_0_25":{"0":0.6010923926}}